community_id,level,title,frame,confidence,reason,period
e7e2a65ead694d51a81d5570767601aa,3,North Korea: Nuclear Ambitions and Geopolitical Tensions,NEUTRAL,0.9,The report describes static facts about North Korea's regime and military capabilities without indicating any current active interaction or specific actions.,P2_Recursive
8646db6154be4d02a033232524aa0cd8,3,Bush Jr and Paris Criticism,NEUTRAL,0.9,The report discusses historical context and public perception without active current interactions or specific actions.,P2_Recursive
92aa196439bb4d58ad99ad953ee7d143,3,Sanctions and International Response to North Korea,ECONOMIC,0.9,"The report primarily discusses sanctions imposed on North Korea, which falls under economic measures taken in response to its actions.",P2_Recursive
f8708c4e65be4ee9b1f389538ecc650c,3,North Korean Famines and Natural Disasters,NEUTRAL,0.9,"The report discusses historical famines and natural disasters in North Korea without current active interaction or immediate implications, focusing on static facts.",P2_Recursive
251c520e5c574cb7ba5f4cc8fab7e1e4,3,U.S. Engagement with North Korea,DIPLOMACY,0.8,"The report emphasizes diplomatic negotiations and strategies in the U.S. approach to North Korea, indicating a focus on verbal interactions rather than military actions.",P2_Recursive
b46750a78da74e4794b8c5154cfb4140,3,Trump-Kim Summit and Partisan Differences,DIPLOMACY,0.9,"The report focuses on the Trump-Kim Summit, which is a diplomatic event aimed at addressing nuclear disarmament and improving bilateral relations, indicating active diplomatic engagement.",P2_Recursive
10d6028031504a99bcc76a291674a98f,3,South Korea and North Korea Relations,DIPLOMACY,0.8,"The report discusses diplomatic negotiations and efforts aimed at reducing hostilities between South Korea and North Korea, indicating a focus on verbal interactions rather than military actions.",P2_Recursive
1ddc8b6780a44284a9b3484288c74802,3,Korean Confederation and Federation Concepts,NEUTRAL,0.9,The report discusses political concepts related to potential frameworks for North and South Korea's relationship without indicating any current action or interaction.,P2_Recursive
9459e6c0794f48f486db383b4ad346bc,3,US-North Korea Relations and Denuclearization Efforts,DIPLOMACY,0.8,"The report discusses diplomatic negotiations and efforts related to denuclearization, indicating active verbal interactions between the US and North Korea.",P2_Recursive
e813702b98824834a2f1e0e0b3c56ac0,3,Diplomatic Relations and the North Korean Situation,DIPLOMACY,0.9,"The report discusses diplomatic relations and efforts regarding North Korea's nuclear ambitions, focusing on negotiations and interactions among states.",P2_Recursive
27a05ee9a2ad47219c0c1207d8b90cd6,3,Peace and Media Dynamics in U.S.-North Korea Relations,DIPLOMACY,0.9,"The report discusses peace efforts and diplomatic negotiations, particularly in the context of the Singapore Summit, indicating a focus on verbal interactions rather than military actions.",P2_Recursive
811cc58e4f28450eb3a632b38ecbace3,3,Singapore Summit and Korean Peace Talks,DIPLOMACY,0.95,"The report discusses the Singapore Summit, which is a diplomatic meeting aimed at denuclearization and improving bilateral relations, indicating active diplomatic engagement.",P2_Recursive
cabefbb86cf44fd081e31344b0da8f24,3,Russia and Its Geopolitical Influence,NEUTRAL,0.9,The report discusses Russia's geopolitical influence and historical actions without indicating current active interactions or specific actions.,P2_Recursive
445f9e5996614900be8a3c5c52030184,3,Opium Wars and England's Role,NEUTRAL,0.9,The report discusses historical context and static facts about the Opium Wars without current active interactions or implications.,P2_Recursive
c63c752d3a8b408a804050977be67dad,3,South Korea-Japan Relations and the 1965 Treaty,NEUTRAL,0.9,The report discusses historical context and the implications of a treaty without indicating any active current interactions or actions.,P2_Recursive
7001cc301cdb483d953afc4a86da0d80,3,North Korea and Its Military Dynamics,THREAT,0.9,"The report discusses North Korea's military capabilities and geopolitical tensions, which implies a focus on military actions and preparations.",P2_Recursive
610dfaadcc7e4eabb8124c27ae68151e,2,North Korea: A Community of Nuclear Ambitions and Propaganda,THREAT,0.9,"The report emphasizes North Korea's military capabilities, including nuclear and missile programs, and describes them as posing substantial threats to regional and global security.",P2_Recursive
8473574229d74cd2b083123eb7d64842,2,Misidentified Remains from North Korea,NEUTRAL,0.9,The report discusses historical context and static facts regarding misidentified remains without any active current interaction or implications for diplomatic or military actions.,P2_Recursive
f1a442c4f2b14ac68bc9def020ce6c40,2,North Korea Nuclear Threat Community,THREAT,0.9,"The report focuses on the nuclear threat posed by North Korea and its ongoing weapons development, indicating a clear military concern.",P2_Recursive
0ef47c6feb5140fb9a7e032d3a0f9327,2,United Nations and North Korea Relations,HUMANITARIAN,0.9,"The report highlights human rights violations in North Korea, focusing on specific individuals and humanitarian concerns, which aligns with the HUMANITARIAN frame.",P2_Recursive
6ee9980843244705ac34fd0aed8f4d8e,2,North Korea's Nuclear Program and Analysis,DIPLOMACY,0.85,"The report discusses North Korea's nuclear program in the context of negotiations with global powers, indicating a focus on diplomatic interactions rather than military actions.",P2_Recursive
b1a8502466ac4a8bbe8ec0f5ddfd103f,2,SGT. Joe Montgomery and Military Escort Honors,NEUTRAL,0.9,"The report discusses ceremonial honors and the repatriation process for a fallen soldier, which is historical context without active current interaction.",P2_Recursive
6fcaa3d5d0da4a4d85f2e7acd3c73eeb,2,North Korea's Missile Threat and Impact on Major US Cities,THREAT,0.95,"The report focuses on North Korea's missile program and its implications for US cities, indicating military threats and geopolitical risks.",P2_Recursive
9e965f5f77ed435ebdc725097c79224c,2,North Korea's Natural Resources and Economic Potential,ECONOMIC,0.9,"The report discusses North Korea's natural resources and their economic potential, focusing on challenges and opportunities for economic growth.",P2_Recursive
0530e40bd82b45e18da0a034213b6a6c,2,North Korea's Uranium and Nuclear Facility,THREAT,0.9,"The report discusses North Korea's nuclear facility and uranium enrichment, which are directly related to military capabilities and potential threats to global security.",P2_Recursive
251974fed02d457ebfedfd2bdd61ea92,2,U.S. Presidential Approaches to North Korea: Bush and Clinton,NEUTRAL,0.9,The report discusses historical approaches of U.S. Presidents towards North Korea without detailing active current interactions or specific diplomatic efforts.,P2_Recursive
397cb0206b9f4c289f89f577d69a405b,2,Agreed Framework and Korean Denuclearization Efforts,DIPLOMACY,0.9,"The report discusses the Agreed Framework and diplomatic negotiations related to North Korea's nuclear program, focusing on agreements and diplomatic efforts rather than military actions.",P2_Recursive
cc2d17d4ed6c46c1b5c8e95dd27f1f4f,2,U.S. Diplomatic Efforts and Nuclear Compliance,DIPLOMACY,0.9,"The report focuses on U.S. diplomatic engagements and negotiations regarding nuclear compliance, indicating active verbal interactions rather than military actions.",P2_Recursive
4a0a2de6aa6a4971a9e518622df5246b,2,Korean Armistice and Its Implications,NEUTRAL,0.9,The report discusses historical context and unresolved tensions without indicating current active interactions or actions.,P2_Recursive
a2581f46bdf149098e41d7daa9c5fc38,2,United States and North Korea Relations,DIPLOMACY,0.8,"The report emphasizes ongoing diplomatic negotiations between the United States and North Korea, indicating a focus on verbal interactions rather than military actions.",P2_Recursive
f919d9c9a6d04324a7f26ad0fea2ba05,2,U.S. and North Korea Diplomatic Relations,DIPLOMACY,0.9,"The report focuses on the diplomatic relationship and negotiations between the U.S. and North Korea, highlighting strategies and significant events related to diplomacy.",P2_Recursive
bb5635b8907f4215a4c994012af9d029,2,European Union and USD Dynamics,ECONOMIC,0.85,"The report discusses the EU's interactions with the USD in the context of sanctions, which falls under economic implications.",P2_Recursive
17e6737a2b15407c92a0f091e6c559aa,2,U.N. and North Korea Nuclear Oversight,DIPLOMACY,0.8,"The report discusses the U.N.'s role in monitoring and facilitating diplomatic actions regarding North Korea's nuclear activities, indicating a focus on verbal interactions and negotiations.",P2_Recursive
fa0872ffbe524ed1972db347d9f1694b,2,North Korea's Nuclear Landscape: Mount Mantap and Denuclearization Efforts,NEUTRAL,0.9,The report discusses static facts and historical context regarding North Korea's nuclear capabilities and denuclearization efforts without indicating current active interactions or actions.,P2_Recursive
491abd7ac6d4438499a35745ee032922,2,U.S.-North Korea Negotiations and Diplomatic Realm,DIPLOMACY,0.95,"The report focuses on negotiations and diplomatic efforts between the U.S. and North Korea regarding denuclearization and peace, which aligns with the theme of diplomacy.",P2_Recursive
a6a0d94cf5b6433f87c887b95bb5a149,2,South Korea: Navigating Tensions and Aspirations for Reunification,NEUTRAL,0.9,The report discusses the historical context and ongoing dynamics of the relationship between South Korea and North Korea without indicating specific current actions or interactions.,P2_Recursive
c751edb2b9fa4cd0b48ce81a794460ba,2,Panmunjom and the Korean Peninsula Peace Efforts,DIPLOMACY,0.9,"The report focuses on diplomatic engagements and discussions about denuclearization and peace efforts between North and South Korea, indicating active verbal interactions.",P2_Recursive
29dc2b6142f640bf834e5d5641c6fcd5,2,Sunshine Policy and Reunification Strategies,DIPLOMACY,0.9,"The report discusses the Sunshine Policy, which is a diplomatic initiative aimed at improving relations between South Korea and North Korea, indicating a focus on engagement and negotiation.",P2_Recursive
d0350ea132a0484880b6f15df64ede6e,2,Korean Peninsula Peace Initiatives,DIPLOMACY,0.9,"The report discusses ongoing peace initiatives and agreements aimed at reducing military tensions, which aligns with diplomatic efforts.",P2_Recursive
b282063d073343b88984bbfe0373197a,2,USFK and Park Administration,NEUTRAL,0.9,The report describes the historical context and relationship between USFK and the South Korean government without indicating any current actions or interactions.,P2_Recursive
0a31f939a73d40108ca3fdb39661cc75,2,US-North Korea Relations and Denuclearization Efforts,DIPLOMACY,0.8,"The report discusses diplomatic negotiations and efforts related to denuclearization, indicating active verbal interactions between the US and North Korea.",P2_Recursive
70e7c1dc400b4cdca1d88f534ec94ef2,2,South Korea's Geopolitical Landscape and Alliances,NEUTRAL,0.9,"The report discusses South Korea's geopolitical landscape and alliances without indicating any active current interactions or actions, focusing instead on relationships and partnerships.",P2_Recursive
a0cfc5fdaf924496bf0a6bf8c062d927,2,Korean Conflict Resolution: Honorable Peace and Korean Armistice,DIPLOMACY,0.85,"The report discusses the 'Honorable Peace' initiative aimed at resolving the Korean conflict, indicating a focus on negotiations and diplomatic efforts rather than military actions.",P2_Recursive
cf84f63720c94e4383a4604c97d9d6e0,2,Minorities and Supremacy,NEUTRAL,0.9,The report discusses societal dynamics and implications without indicating any active current interaction or harm to specific individuals.,P2_Recursive
b6d780b23f264b9e87eea15f01fe9b99,2,Corruption and Billionaires in North Korea,NEUTRAL,0.9,The report discusses static facts about corruption and its implications in North Korea without any active current interaction or immediate political actions.,P2_Recursive
df0b171a4cbf42c1b52e2aea331787c3,2,Oligarchs and Organized Crime in Russia,NEUTRAL,0.9,"The report describes the influence of oligarchs and organized crime in Russia without discussing current actions or interactions, focusing instead on static facts and historical context.",P2_Recursive
5ae86f93efbf49e08e3a84be5c6b1ca7,2,Military Intervention and Political Instability in Iraq,NEUTRAL,0.9,The report discusses historical context and implications of military intervention without detailing current actions or interactions.,P2_Recursive
8bf5a78a77b343058cca04d8b462eaf8,2,Afghanistan and Military Dynamics,THREAT,0.9,"The report discusses military operations and engagements, indicating a focus on military strategy and foreign intervention, which aligns with the THREAT category.",P2_Recursive
847c58ad01a24e98bbb8bd5bcf6c9afc,2,Gulf War and Military Service,NEUTRAL,0.9,The report discusses historical context and static facts about the Gulf War and military service without indicating current active interactions or actions.,P2_Recursive
822834142dbf493aaa9f726ffd83cce8,2,Saddam Hussein and Muammar Gaddafi: Dictatorship and Deposition,NEUTRAL,0.9,The report provides historical context about Saddam Hussein and Muammar Gaddafi without discussing active current interactions or specific actions.,P2_Recursive
e155128d16374521b63fd8f7a7bbf9b0,2,South Korea's Diplomatic Community: Moon Jae-in and the ROK US Alliance,DIPLOMACY,0.85,"The report focuses on South Korea's diplomatic efforts and advocacy for peace, particularly under President Moon Jae-in, which aligns with discussions of negotiations and verbal interactions regarding inter-Korean relations.",P2_Recursive
57bcb8485cbe4ad6931fa2f090cef96b,2,Moon Chung In and Associates in South Korean Politics,NEUTRAL,0.9,"The report discusses the political context and relationships within South Korea without indicating any active diplomatic efforts, military actions, or humanitarian concerns.",P2_Recursive
6301e3ee469a4b139c251da2f342c395,2,U.S.-North Korea Denuclearization Agreement,DIPLOMACY,0.9,"The report focuses on a diplomatic agreement regarding denuclearization efforts between the U.S. and North Korea, highlighting negotiations and the involvement of key political figures.",P2_Recursive
e8c2e457ee9d49b18bda62e1737ba2ea,2,U.S.-North Korea Peace Initiatives,DIPLOMACY,0.95,"The report focuses on diplomatic efforts and negotiations aimed at achieving peace and denuclearization, which aligns with the theme of diplomacy.",P2_Recursive
85b7d6ae3398475b81734e3f3eff81ed,2,U.S.-DPRK Relations and POW/MIA Remains,DIPLOMACY,0.9,"The report discusses the diplomatic relationship and negotiations between the U.S. and North Korea regarding the recovery of POW/MIA remains, which involves verbal commitments and ongoing talks.",P2_Recursive
d185bd9773b24a67a788d6afc26aa867,2,North Korea's Economic Development and Diplomatic Landscape,NEUTRAL,0.9,The report discusses static facts about North Korea's economic development and diplomatic relations without indicating any active current interactions or specific actions.,P2_Recursive
8dc93c24ff2c414eacac313bd7ef1d34,2,Korea Summit and Nuclear Disarmament,DIPLOMACY,0.9,"The report discusses a diplomatic meeting focused on nuclear disarmament negotiations, which aligns with verbal interactions rather than military actions.",P2_Recursive
245bfae168db4e99b2d734fd77ec81b1,2,U.S. North Korea Relations: Key Figures and Events,DIPLOMACY,0.85,"The report emphasizes significant diplomatic efforts and historic summits aimed at denuclearization, indicating a focus on verbal interactions rather than military actions.",P2_Recursive
021e961146804dd8b5cc025f1c2f73f9,2,North Korea's Nuclear Ambitions and Diplomatic Engagements,DIPLOMACY,0.85,"The report discusses diplomatic engagements and negotiations related to North Korea's nuclear ambitions, indicating active verbal interactions rather than military actions.",P2_Recursive
73f4a19897a243d1b4792eab6138cd21,2,North Korea's Advanced Military Weaponry,THREAT,0.9,"The report discusses North Korea's advancements in military technology and implications for regional security, indicating a focus on military capabilities and potential threats.",P2_Recursive
1a3dce2c48cf48ceb5eabe919f3e0c4d,2,Kim Regime and Juche Ideology in North Korea,NEUTRAL,0.9,The report discusses the historical context and governance of North Korea without indicating current actions or interactions.,P2_Recursive
692a2aa9cf044d3fad27145f53848dc3,2,Jeong-Cheol and Teach North Korean Refugees,HUMANITARIAN,0.9,"The report focuses on the experiences of a North Korean defector and the challenges faced by individuals, highlighting human rights issues.",P2_Recursive
65f3a6e0a24a448abf59cbbf299fb6a5,2,John Bolton and the North Korea Policy Community,NEUTRAL,0.9,The report discusses historical context and the influence of John Bolton on North Korea policy without indicating any current actions or interactions.,P2_Recursive
22194318aff9493aac36a6df3f9f3b76,2,U.S.-North Korea Diplomatic Community,DIPLOMACY,0.9,"The report focuses on diplomatic negotiations and interactions regarding North Korea's nuclear program, emphasizing verbal engagements and the roles of key diplomatic figures.",P2_Recursive
2d0713d000a14b589d097ac855dd7d31,2,Military Tension and the Winter Olympics,DIPLOMACY,0.8,"The report discusses the diplomatic engagement initiated during the 2018 Winter Olympics in the context of military tensions, indicating a focus on verbal interactions and negotiations.",P2_Recursive
0cca84d46856433495b4596296f6d94f,2,North Korean Diplomatic Community: Kim Yong Chol and Associates,DIPLOMACY,0.9,"The report highlights diplomatic interactions and negotiations regarding denuclearization, focusing on verbal discussions and strategies rather than military actions.",P2_Recursive
f9413145a0a944938f9ff950a281f46f,2,U.S.-North Korea Diplomatic Community,DIPLOMACY,0.95,"The report focuses on diplomatic interactions, including peace talks and denuclearization discussions, which align with the themes of negotiation and verbal engagement.",P2_Recursive
6bfd46c56e2042759bc692e59867cc46,2,DHS and FBI Collaboration on National Security,NEUTRAL,0.9,The report describes the collaboration between DHS and FBI in terms of their roles and responsibilities without indicating any current active interaction or specific actions.,P2_Recursive
644b367305264cb2b0960cbf5fea984c,2,Republicans and Their Political Influence,NEUTRAL,0.9,The report discusses the historical context and influence of the Republican Party without indicating any active current interaction or specific actions.,P2_Recursive
4af49855e25047adb5c13c3e10c793ad,2,U.S.-North Korea Relations and the June 12 Summit,DIPLOMACY,0.9,"The report discusses ongoing diplomatic efforts and interactions between the U.S. and North Korea, particularly focusing on the June 12 Summit and denuclearization talks.",P2_Recursive
0e1c4310597b4cd1b512637f9c05c2c8,2,Fox News and Its Influential Figures,NEUTRAL,0.9,The report discusses the media outlet Fox News and its commentary without indicating any active political or military interaction.,P2_Recursive
052b5cefdb8f4e94934c39a8b5432c79,2,Trump Administration and Media Dynamics,NEUTRAL,0.9,The report discusses static facts and historical context regarding the Trump administration and media dynamics without any active current interaction or specific actions.,P2_Recursive
0ef06d387d7740968c4be2d781112670,2,Trump's Wall and State of Emergency,NEUTRAL,0.9,The report discusses a political initiative and its implications without indicating any active current interaction or conflict.,P2_Recursive
d1e0a3afb55e4248b60539f2d9415ecc,2,US Troop Reduction and Mutual Defense Treaty,NEUTRAL,0.9,The report discusses static facts about troop reduction and the implications of a defense treaty without indicating any active military actions or diplomatic negotiations.,P2_Recursive
dc962e31e59a44369e803bd1f59713f8,2,U.S.-North Korea Diplomatic Engagements,DIPLOMACY,0.95,"The report focuses on diplomatic engagements and summits aimed at addressing North Korea's nuclear program, emphasizing negotiations and verbal interactions.",P2_Recursive
4b31f68bffbd41658f4bfb78b871e0a6,2,Hanoi and Vietnam: Diplomatic Nexus,DIPLOMACY,0.9,"The report focuses on Hanoi's role in high-stakes diplomatic meetings and negotiations, particularly the summit between the U.S. and North Korea, indicating active diplomatic interactions.",P2_Recursive
646002ab3600401daa8bc0fcc87680cc,2,China and North Korea: Geopolitical Dynamics,NEUTRAL,0.9,The report discusses the historical and economic relationship between China and North Korea without indicating any current actions or interactions.,P2_Recursive
53cac9bb9834451e9aae635c9173149b,2,Dictatorship and Communism in China,NEUTRAL,0.9,"The report discusses the relationship between dictatorship and communism in China without mentioning any current actions, interactions, or specific harms.",P2_Recursive
56e2c821a0814dccad6b4f53726657f1,2,Dui Hua Foundation and Execution Statistics,HUMANITARIAN,0.95,"The report focuses on the Dui Hua Foundation's advocacy for human rights and its statistics on executions, highlighting harm to individuals and human rights issues.",P2_Recursive
11360633c4a14a8ca7bf5972a0745d68,2,Mao Zedong and Nikita Khrushchev: Cold War Influencers,NEUTRAL,0.9,The report discusses historical context and the influence of Mao Zedong and Nikita Khrushchev during the Cold War without indicating any current active interaction or specific actions.,P2_Recursive
a1c1ca27fb6a41af98cbdd433b4ba674,2,"Middle Eastern Geopolitical Community: Israel, Syria, Yemen, Palestine, and Gaza",NEUTRAL,0.9,The report discusses historical context and geopolitical dynamics without indicating specific current actions or interactions.,P2_Recursive
2e0d2e3e43e044e49394d8d3d3b6358b,2,Ethiopia and Eritrea: A New Era of Peace,NEUTRAL,0.9,The report discusses the historical context and current state of peace between Ethiopia and Eritrea without mentioning any active diplomatic efforts or humanitarian issues.,P2_Recursive
e65b3f11ecfa436b948b2a35fe7ee318,2,Hezbollah and U.S. Geopolitical Dynamics,NEUTRAL,0.9,The report discusses historical and contextual information about Hezbollah and its geopolitical dynamics without indicating any current actions or interactions.,P2_Recursive
9d79786fab3d467aaa67a547d627ae6c,2,Belarus and Alexander Lukashenko,NEUTRAL,0.9,"The report describes the governance and political landscape of Belarus without discussing any active interactions, criticisms, or humanitarian issues.",P2_Recursive
cb5fca2c79c54afaac81be3c80e7aa79,2,South Africa and the Vela Incident,NEUTRAL,0.9,The report discusses historical context and static facts about South Africa's nuclear weapons and the Vela incident without active current interaction or ongoing diplomatic efforts.,P2_Recursive
c6596a91fd98493788a4a27e00a478b3,2,Geopolitical Impact of Nazi Germany and ISIS,NEUTRAL,0.95,The report discusses historical context and the impact of past entities on current dynamics without active current interactions or specific actions.,P2_Recursive
bc06ee44d3b24a68a2b248c545c550ef,2,Argentina and the Falklands War,NEUTRAL,0.9,The report discusses historical context and static facts about Argentina's involvement in the Falklands War without mentioning current actions or interactions.,P2_Recursive
e1bece63df594538b78801beb561cdc9,2,"Geopolitical Dynamics: Russia, North Korea, and the U.S.",NEUTRAL,0.9,The report discusses historical context and relationships without indicating active current interactions or specific actions.,P2_Recursive
2d252a5195c2414d89fa33f090a8fa9c,2,Cyber Attacks During Trump-Kim Summit,THREAT,0.9,"The report discusses increased cyber-attacks, which are indicative of hostile actions and military threats during a significant diplomatic event.",P2_Recursive
fd7bb401a81c47c39458a668b5e67b72,2,Europe and Energy Exports,NEUTRAL,0.9,"The report discusses the relationship between Europe and energy exports without indicating any active current interactions or actions, focusing instead on the context of energy security and political dynamics.",P2_Recursive
2192776176934588be09392e382fdd92,2,North Korea and Regional Security Dynamics,NEUTRAL,0.9,The report discusses historical context and relationships without detailing active military actions or current diplomatic efforts.,P2_Recursive
6e2ce018e5e74b63bdee317127221607,2,North Korea's ICBM Facility and Nuclear Summit,DIPLOMACY,0.85,"The report discusses the upcoming Second Nuclear Summit and the context of nuclear disarmament talks, indicating active diplomatic engagement rather than military action.",P2_Recursive
60e5bbb14d9f4d1a946b70820bbf81f2,2,Nuclear Weapons and National Security Threats,THREAT,0.9,"The report discusses the significant threats posed by nuclear weapons and their implications for national security, indicating a focus on military threats rather than diplomatic efforts or humanitarian concerns.",P2_Recursive
fbb8db66953d4369b1cc313f73800753,2,USSR and Cold War Dynamics,NEUTRAL,0.9,The report discusses historical context and static facts about the USSR and Cold War without current active interactions or actions.,P2_Recursive
2115b5196909407aaf024d3bfe848929,2,Geopolitical Dynamics: Middle East and Beyond,NEUTRAL,0.9,The report discusses the geopolitical landscape and influences on U.S. foreign policy without detailing any active interactions or specific actions.,P2_Recursive
0e0de18223fe4108a3296e3126dc8ca8,2,East Germany: A Historical Analysis of the GDR,NEUTRAL,0.95,The report discusses historical context and static facts about East Germany without any current active interactions or actions.,P2_Recursive
3da578a6621249c6bcafde114197f12a,2,"Axis of Evil: North Korea, Iran, and Iraq",NEUTRAL,0.9,The report discusses the historical context and characteristics of the 'Axis of Evil' without detailing any current actions or interactions.,P2_Recursive
8ed532c0b8fa4d3981428f66a915857d,2,North Korea's Nuclear Weapons and Geopolitical Implications,THREAT,0.9,"The report focuses on North Korea's nuclear weapons program and its implications for regional and global security, indicating a clear military threat.",P2_Recursive
f4bf4be5ef9d4735b6d066ac1ef8649d,2,"Cuba, Obama, and the Iran Nuclear Deal",NEUTRAL,0.9,The report discusses historical context and relationships among entities without indicating active current interactions or specific actions.,P2_Recursive
976b8ee322584f43bc1acd7b1c56f5cc,2,George W. Bush and Nuclear Deproliferation,NEUTRAL,0.9,The report discusses historical context and static facts about George W. Bush's foreign policy regarding nuclear deproliferation without mentioning current actions or interactions.,P2_Recursive
2a41484a7efe4e8184be1e51fe6c7411,2,Iran and the JCPOA: A Geopolitical Overview,NEUTRAL,0.9,"The report provides a geopolitical overview of Iran and the JCPOA without discussing current actions or interactions, focusing instead on historical context and relationships.",P2_Recursive
551188665abf4ec08b1623bea21b2022,2,North Korea's Nuclear Program and Global Non-Proliferation Efforts,NEUTRAL,0.9,The report discusses static facts and historical context regarding North Korea's nuclear program and global non-proliferation efforts without indicating any active current interaction or military actions.,P2_Recursive
5ed93912c1a54620af6d2999fe5dd42d,2,United Kingdom and Parliament,DIPLOMACY,0.9,"The community report emphasizes the UK's involvement in international diplomatic efforts, particularly regarding nuclear non-proliferation, which aligns with verbal interactions and negotiations.",P2_Recursive
189da305755e4b249085f2e70a213f9e,2,Moon Jae-in and North Korea Diplomacy,DIPLOMACY,0.9,"The report focuses on diplomatic efforts and interactions aimed at improving relations and addressing denuclearization between South Korea and North Korea, highlighting summits and negotiations.",P2_Recursive
15c8333dc7ec46bab1206818d78a9d39,2,North Korea's Military and Diplomatic Landscape,THREAT,0.8,"The report emphasizes military action and ongoing tensions, indicating a focus on potential conflict in the geopolitical dynamics surrounding North Korea.",P2_Recursive
359305233754442181cf48acc9f7f264,2,Inter-Korean Summit and Pyongyang Declaration,DIPLOMACY,0.9,"The report discusses the Inter-Korean Summit and the Pyongyang Declaration, which are focused on fostering peace and denuclearization, indicating active diplomatic engagement.",P2_Recursive
0347d58741c942aa905aff98356ebcea,2,Korean War and Its Societal Impact,NEUTRAL,0.9,The report discusses historical context and societal impacts of the Korean War without mentioning current actions or interactions.,P2_Recursive
5658ce8f597243beac6f8cf7da24b9b1,2,Repatriation of U.S. Soldiers' Remains,DIPLOMACY,0.9,"The report focuses on the diplomatic efforts surrounding the repatriation of soldiers' remains, emphasizing international cooperation and ongoing dialogue between the U.S. and North Korea.",P2_Recursive
ad73a85393974fb888e18b7639667379,1,North Korea: Nuclear Ambitions and Military Tensions,DIPLOMACY,0.85,"The report emphasizes ongoing diplomatic negotiations aimed at denuclearization and highlights tensions between North Korea and other states, indicating a focus on verbal interactions rather than military actions.",P2_Recursive
dda9b4f76fb143138ab21df5a26257be,1,North Korea Nuclear Monitoring Community,NEUTRAL,0.9,The report describes monitoring and analysis of North Korea's nuclear activities without indicating any current military action or diplomatic engagement.,P2_Recursive
6654dc10bfed4ed494f223308de4b4a2,1,U.S. Diplomatic Engagements with North Korea,DIPLOMACY,0.9,"The report focuses on diplomatic efforts and negotiations between the U.S. and North Korea, highlighting agreements and the complexities of maintaining compliance.",P2_Recursive
21fdd235a35840b293861e612dd06862,1,Michigan and America: A Reflection of Rural Perspectives,NEUTRAL,0.9,The report discusses social and political attitudes in Michigan without any active current interaction or specific actions.,P2_Recursive
ff9933204918404da5aca23e0c479e3e,1,United States and North Korea Relations,DIPLOMACY,0.8,"The report emphasizes ongoing diplomatic negotiations between the United States and North Korea, which aligns with the themes of diplomacy.",P2_Recursive
e92f340739db4ce48f73d31d92dcdba1,1,North Korea's Military Capabilities and Regional Threats,THREAT,0.9,"The report discusses North Korea's military capabilities, specifically its chemical and biological weapons, and the implications for regional security, indicating a focus on military threats.",P2_Recursive
6a9a0270ffe4471e93ada380416f2e53,1,U.S. and International Diplomacy on North Korea,DIPLOMACY,0.9,"The report focuses on diplomatic efforts and negotiations among international entities regarding North Korea's nuclear ambitions, indicating active verbal interactions rather than military actions.",P2_Recursive
62877383bb464f78897ae773084908c4,1,North Korea's Nuclear Negotiations and Denuclearization Efforts,DIPLOMACY,0.9,"The report focuses on ongoing negotiations for denuclearization, which involves diplomatic efforts to achieve peace and reduce nuclear threats.",P2_Recursive
0b1168542d0e4b458867d657774c0231,1,North Korea's Uranium Enrichment and Nuclear Ambitions,THREAT,0.9,"The report discusses North Korea's uranium enrichment activities and its nuclear weapons program, which are indicative of military actions and preparations that pose a threat to international security.",P2_Recursive
c729a3d13bcc496d9d69b0e689fdefc1,1,Civilian Casualties and Military Strategies in Korea,HUMANITARIAN,0.9,"The report focuses on civilian casualties and humanitarian concerns related to military strategies, indicating a primary emphasis on individual harm and human rights.",P2_Recursive
7defe50c810944ec921ec834db71ab41,1,U.N. Sanctions and North Korea,ECONOMIC,0.9,"The report focuses on U.N. sanctions imposed on North Korea, which are economic measures aimed at curbing its nuclear ambitions.",P2_Recursive
d10efd60e3d04e6681b8844f44296efe,1,North Korea's 70th Anniversary Celebrations,THREAT,0.9,"The report highlights a military parade, which indicates a display of military strength and potential threats, aligning with the THREAT category.",P2_Recursive
e23d1b6216004750be72a97e424e8b77,1,"Korean Peninsula Diplomacy: Lee Nak-yon, Xi Jinping, and Shinzo Abe",DIPLOMACY,0.9,"The report discusses the interactions and relationships between key political figures in the context of addressing North Korea's nuclear ambitions, indicating a focus on diplomatic efforts rather than military action.",P2_Recursive
ef27c6e5b69a43b7b17fbb074ce2be77,1,"Nationalism, Fascism, and Globalism in Korea",NEUTRAL,0.9,The report discusses ideological contexts and historical influences without indicating any current actions or interactions.,P2_Recursive
0bbee327d6d74390a656966ccad5e7f8,1,Japan's Defense Budget and Regional Security Dynamics,THREAT,0.85,"The report discusses Japan's defense budget in response to regional threats, indicating a focus on military preparedness and geopolitical tensions, particularly with North Korea.",P2_Recursive
8752ac5b0e1c42f3ae9f74953c933dbe,1,South Korea-Japan Relations: Park Geun-hye and Shinzo Abe,NEUTRAL,0.9,The report discusses historical context and the political figures' influence on relations without indicating any current active interaction or specific actions.,P2_Recursive
7d405e3332a74aa3b5d6de9ac1dd86fc,1,South Korea and North Korea Relations,DIPLOMACY,0.8,"The report discusses diplomatic negotiations and efforts aimed at reducing hostilities between South Korea and North Korea, indicating a focus on verbal interactions rather than military actions.",P2_Recursive
08d5a0dfa4744d79b11c8c7b4812645a,1,US-North Korea Relations and Denuclearization Efforts,DIPLOMACY,0.8,"The report discusses diplomatic negotiations aimed at addressing North Korea's nuclear ambitions, indicating active verbal interactions between the involved states.",P2_Recursive
15f5d896c5c64ed088b8dd59f49543af,1,THAAD and Inter-Korean Relations,NEUTRAL,0.9,The report discusses the deployment of THAAD and its implications for regional security without indicating any current active military actions or diplomatic negotiations.,P2_Recursive
9298949c51e94be79362e53190be9d7d,1,Military Intervention and Its Global Implications,NEUTRAL,0.9,The report discusses historical context and implications of military interventions without detailing current actions or interactions.,P2_Recursive
09e2d09ec967458bbb08656f9c8133b4,1,Military Exercises and Anti-American Protests in South Korea,THREAT,0.9,"The report discusses joint military exercises, which are indicative of military actions and potential threats, alongside public protests that reflect tensions related to these activities.",P2_Recursive
c0220a82c35c4d0bbfd9610225dc0078,1,Malaysia and Anwar Ibrahim: Navigating Political Change,NEUTRAL,0.9,"The report discusses Malaysia's political changes and Anwar Ibrahim's role without mentioning any active diplomatic actions, threats, or humanitarian issues.",P2_Recursive
f5621622819a4acd8dfdc73ee08001b5,1,Exercise Max Thunder and B-52 Stratofortress,THREAT,0.9,"The report discusses a military exercise involving US and South Korean forces, which indicates military actions and preparations that could be perceived as a threat by North Korea.",P2_Recursive
a2c31e77790b4e639935530cb567a963,1,"Germany, Turkey, and France: Geopolitical Dynamics",NEUTRAL,0.9,"The report focuses on the historical context and relationships between Germany, Turkey, and France without discussing any active current interactions or specific actions.",P2_Recursive
6f9be4b4cdeb41bf8d08c75ab5ced1f1,1,South Korea's Diplomatic Landscape: Moon Jae-in and Key Influencers,DIPLOMACY,0.9,"The report focuses on South Korea's diplomatic efforts and interactions, particularly regarding President Moon Jae-in's approach to North Korea, indicating a primary theme of diplomacy.",P2_Recursive
a1132f285ed14309a83f7333bc3fefc1,1,Bush Administration and National Security Dynamics,NEUTRAL,0.9,The report discusses historical context and key figures in national security without indicating active current interactions or specific actions.,P2_Recursive
ba6552dbe28c4d81921face7259edae3,1,US Troops and North Korean Relations,DIPLOMACY,0.8,"The report discusses interactions involving US troops and diplomatic discussions related to North Korea's nuclear ambitions, indicating a focus on verbal engagements rather than military actions.",P2_Recursive
88a93f0afc5e442f85da5ccce292bd79,1,Three Kingdoms and Korean People,NEUTRAL,1.0,The report discusses historical context and cultural significance without any active current interaction or actions.,P2_Recursive
4f711c68ef044346b3d926eb40f85188,1,Denmark and US-SK Alliance in Military Dynamics,THREAT,0.9,"The report focuses on military activities, including drills and defense strategies, indicating a context of military collaboration and preparation.",P2_Recursive
f6166f07b18b41ad854ef1b73f7e3840,1,DMZ Mine Threat and Clearance Operations,THREAT,0.9,"The report discusses the significant threat posed by explosive devices in the DMZ, indicating a focus on military dangers and safety concerns in the region.",P2_Recursive
4a20f7ce4c4e4e94b256aea318efab35,1,Park Geun Hye and False Flag Operations,NEUTRAL,0.9,The report discusses historical context and allegations related to Park Geun Hye's administration without indicating current actions or interactions.,P2_Recursive
0a264277132b48f7903501e5c2b4bcc3,1,Key Resolve and Foal Eagle Joint Military Exercises,THREAT,0.9,"The report discusses joint military exercises aimed at enhancing military readiness and cooperation, which indicates a focus on military preparedness in response to regional security challenges.",P2_Recursive
dbc46e4e7b1f48b3bb461ac1a203838d,1,Korean Peninsula Governance and Tensions,NEUTRAL,0.9,The report discusses the political dynamics and relationships without indicating any active current interaction or specific actions taken.,P2_Recursive
e8c546567fdb4a94a9e9b3d92f9c6196,1,U.S.-North Korea Peace Negotiations,DIPLOMACY,0.95,The report focuses on diplomatic efforts and negotiations aimed at peace and denuclearization between the U.S. and North Korea.,P2_Recursive
37f00fa51bc24758b2c8b4aa386801d9,1,Singapore and the Asian Tigers Community,NEUTRAL,0.9,The report discusses Singapore's economic development and its role in hosting diplomatic events without indicating any current active diplomatic actions or threats.,P2_Recursive
78b1a4ec07b446459a35e5367b9e62ca,1,Trump-Kim Summit and Diplomatic Advocacy,DIPLOMACY,0.9,"The report focuses on the Trump-Kim Summit and the advocacy for diplomatic solutions, emphasizing dialogue and negotiations rather than military actions.",P2_Recursive
1e15f1582d8f43178fe946cb477a1b77,1,Human Rights Advocacy in North Korea,HUMANITARIAN,0.95,"The report focuses on the advocacy for human rights and the plight of North Korean defectors, emphasizing specific individuals and human rights violations.",P2_Recursive
beeb0c58055c48a5bb5eca885fd97280,1,North Korea's Economic Development and Diplomatic Landscape,ECONOMIC,0.85,"The report primarily discusses North Korea's economic development in relation to its diplomatic engagements, indicating a focus on economic aspects rather than military threats or humanitarian issues.",P2_Recursive
fc8ddc56ea1445edb0834d6ff956e34c,1,North Korea's Nuclear Ambitions and Diplomatic Engagements,DIPLOMACY,0.85,"The report discusses diplomatic engagements related to North Korea's nuclear ambitions, focusing on interactions between key figures and entities, indicating a theme of verbal negotiations and diplomatic efforts.",P2_Recursive
f450669494134898981db96df2919ada,1,Xi Jinping and the US-China Trade Dynamics,ECONOMIC,0.9,"The report focuses on the US-China Trade War and its implications for global trade, highlighting economic interactions and dynamics.",P2_Recursive
1603f4083a184403b5ac8c4d11b87e0d,1,David Frum and The Atlantic Monthly,NEUTRAL,0.9,"The report discusses the relationship between a political commentator and a magazine, focusing on influence and discourse without mentioning any active current interactions or actions.",P2_Recursive
a1cae31c68de45688cc911b5366b162b,1,Susan Rice and the Benghazi Incident,NEUTRAL,0.9,The report discusses historical context and political discourse surrounding Susan Rice and the Benghazi incident without indicating any current action or interaction.,P2_Recursive
5a1264d066a64aeeb0757bc3638a235a,1,U.S. Diplomacy and North Korea Relations,DIPLOMACY,0.9,"The report discusses U.S. diplomatic efforts and interactions with North Korea, focusing on key figures and events related to negotiations and agreements.",P2_Recursive
b179057e952e4949bfadd695ffa7c18d,1,U.S.-North Korea Diplomatic Community,DIPLOMACY,0.9,"The report focuses on diplomatic interactions, including peace talks and denuclearization discussions, which align with verbal negotiations and efforts to mitigate tensions.",P2_Recursive
196f86f6db814a37ab918c6206cc1a71,1,Department of Defense and Laser Weapons Development,THREAT,0.9,"The report discusses the Department of Defense's active development of military technologies, specifically laser weapons, which indicates a focus on military capabilities and preparation.",P2_Recursive
f42fb847e3f14d989886a11d4c6a2110,1,Rex Tillerson and the Four No's Policy,NEUTRAL,0.9,The report discusses historical context and policy declaration without mentioning active current interactions or specific actions.,P2_Recursive
4ad1a13b501346bb9355208121e1e7a8,1,US-North Korea Diplomatic Engagements,DIPLOMACY,0.95,"The report focuses on high-level diplomatic meetings and discussions aimed at improving relations and addressing nuclear disarmament, which falls under the category of diplomacy.",P2_Recursive
254db391a2624837beef0d8dd341ba6e,1,"Putin, Trump, and the North Korea Nexus",DIPLOMACY,0.85,"The report discusses the relationships and ongoing discourse surrounding nuclear negotiations and security threats, indicating a focus on verbal interactions and diplomatic efforts rather than military actions.",P2_Recursive
96434a899f9e4fe7a5460b598588ba46,1,Rand Paul and the Republican Party,NEUTRAL,0.9,The report discusses historical context and ideological tensions without indicating any current actions or interactions.,P2_Recursive
d9b795a1117f43c387f3442696a19ecd,1,U.S. Treasury Department and Sanctions Enforcement,ECONOMIC,0.9,"The report focuses on the U.S. Treasury Department's role in sanctions enforcement, which is primarily an economic action.",P2_Recursive
867f7d62886344e9857d26a76852b9a6,1,Democrats and John Kerry,NEUTRAL,0.9,The report discusses the Democratic Party and John Kerry's political context without any active current interaction or specific actions.,P2_Recursive
4ec211f6a7394eb59ecfc7e30c6059f8,1,Naval Exercises and Hurricane Relief,NEUTRAL,0.9,The report discusses the relationship between naval exercises and hurricane relief without indicating any active military threat or diplomatic efforts.,P2_Recursive
8d6b277e279249f987398c38ec34e5ff,1,Paul Manafort and Viktor Yanukovych: A Nexus of Influence,NEUTRAL,0.9,The report discusses historical context and relationships without active current interactions or specific actions.,P2_Recursive
b695560f44ff48b3b0d9d0504475eff0,1,China and North Korea: Geopolitical Dynamics,NEUTRAL,0.9,The report discusses the historical and economic relationship between China and North Korea without indicating any current actions or interactions.,P2_Recursive
df7c1fb8546f4f3f97690a63dea9e01d,1,U.S. Presidential Influence on Military Policy in South Korea,NEUTRAL,0.9,The report discusses historical context and interactions without current active engagement or military actions.,P2_Recursive
b9c8081bcd254a029f85766771404652,1,"Middle Eastern Geopolitical Dynamics: Hezbollah, Syria, and the USA",NEUTRAL,0.8,"The report provides an overview of relationships and interactions without detailing specific actions or current events, thus fitting the criteria for static facts.",P2_Recursive
20e3a17d98ec4d6ea8fae04eb2b5609e,1,Taiwan and Regional Geopolitical Dynamics,NEUTRAL,0.9,The report discusses the historical and geopolitical context of Taiwan without indicating any current actions or interactions.,P2_Recursive
a48ddc7ba0634420bad1aae0e9cae203,1,Sino-Russian Alliance and Its Implications,NEUTRAL,0.9,"The report discusses the Sino-Russian Alliance and its implications without indicating any active current interaction or specific actions being taken, focusing instead on the cooperative relationship and historical context.",P2_Recursive
742e5511300a422a8506b89294291a9a,1,"Geopolitical Dynamics: Argentina, South Africa, and the Vela Incident",NEUTRAL,0.9,The report focuses on historical context and static facts regarding geopolitical dynamics without discussing current actions or interactions.,P2_Recursive
3686cd552ae841198a25b8dbf8bd6da4,1,NBC and U.S. Intelligence on North Korea's Nuclear Activities,NEUTRAL,0.9,"The report discusses static facts regarding North Korea's nuclear activities and the role of media in reporting these issues, without indicating any active diplomatic or military interactions.",P2_Recursive
eabe7ba8864a43d9bc539a8a5d1add29,1,Libya: A Case Study in Disarmament and Intervention,NEUTRAL,0.9,The report discusses historical context and static facts about Libya without mentioning current actions or interactions.,P2_Recursive
dc4b65c0e65b4c6c8be41eb8c07866ca,1,"Geopolitical Dynamics: Russia, North Korea, and the U.S.",NEUTRAL,0.9,"The report discusses relationships and events without indicating current active interactions or specific actions, focusing instead on historical context and general geopolitical dynamics.",P2_Recursive
ad39b9bbba654dd79a5bfc02f58c9fce,1,North Korea and Regional Security Dynamics,NEUTRAL,0.9,The report discusses historical context and relationships without indicating active current interactions or specific actions.,P2_Recursive
175d13edc91b41f0b50efa088bdee2a4,1,North Korea's Nuclear Threat and Cold War Legacy,THREAT,0.9,"The report discusses North Korea's nuclear weapons development and the potential threats posed by nuclear proliferation, indicating a focus on military actions and geopolitical tensions.",P2_Recursive
73584df88c794243bcab59736b76a2e8,1,Axis of Evil: North Korea and Its Global Implications,THREAT,0.85,"The report emphasizes North Korea's nuclear ambitions and the geopolitical tensions, indicating a focus on potential conflict and military implications.",P2_Recursive
099eb479dc824cbd853d3f2c0ec5f570,1,Cuba and U.S. Foreign Policy Dynamics,NEUTRAL,0.9,The report discusses historical relationships and diplomatic efforts without indicating current active interactions or specific actions.,P2_Recursive
f7c03b353604498ca12cbf799a340169,1,Six-Party Talks and Key Diplomatic Figures,DIPLOMACY,0.9,"The report discusses the Six-Party Talks, which are a diplomatic effort focused on negotiations for denuclearization, indicating active verbal interactions among states.",P2_Recursive
1d9a487fea174cf1825fa39319662461,1,Vietnam War and WWII: Impact on US Military Strategy,NEUTRAL,0.9,The report discusses historical contexts of the Vietnam War and WWII without any current active interactions or actions.,P2_Recursive
cd8f94f4c9b6405587188ef18887d3c7,1,Iran and North Korea Nuclear Dynamics,NEUTRAL,0.9,The report discusses static facts and historical context regarding nuclear programs without indicating current active interactions or actions.,P2_Recursive
5d5861558cab4270b15f8c5a6b67bb81,1,Moon Jae-in and the Diplomacy of the Korean Peninsula,DIPLOMACY,0.9,"The report focuses on Moon Jae-in's diplomatic efforts to improve relations with North Korea, emphasizing negotiations and interactions rather than military actions or humanitarian issues.",P2_Recursive
befe41b431464013a504b0b3e6741ed6,1,North Korea's Nuclear Diplomacy and Leadership,DIPLOMACY,0.85,"The report discusses North Korea's nuclear diplomacy and interactions with global powers, focusing on agreements and negotiations, which aligns with diplomatic themes.",P2_Recursive
fde281db457d4e6ab697d7b453de2277,1,Moon Chung-in and the Wilson Center Community,DIPLOMACY,0.9,"The community report emphasizes collaborative efforts in proposing military exercises and negotiations, which indicates a focus on diplomatic strategies rather than direct military action.",P2_Recursive
93d7fcbbfcc74af48ab876158895c3a8,1,Renewable Energy and Nuclear Policy in Korea,NEUTRAL,0.9,The report discusses static facts and historical context regarding energy policies in Korea without indicating active current interactions or conflicts.,P2_Recursive
0c7f3d7718bb42e6a71a40d5b7b50d5a,1,Workers' Party of Korea and North Korean Society,NEUTRAL,0.9,"The report discusses the historical context and influence of the Workers' Party of Korea and Radio Free Asia without mentioning any current actions, interactions, or specific humanitarian issues.",P2_Recursive
51878d0655c743288c8bd63e37149f01,1,Pandora and Fukushima: Nuclear Energy Discourse,NEUTRAL,0.9,The report discusses historical context and public perception regarding nuclear energy without indicating any current actions or interactions.,P2_Recursive
c47f2cf9e75642179ac7afe9502b7e61,1,Korean Leadership and Nuclear Ambitions,NEUTRAL,0.9,The report discusses historical figures and context without indicating current actions or interactions.,P2_Recursive
fbe6853daa2a433db38b653950990e3e,1,North Korea and Regional Diplomacy,DIPLOMACY,0.8,"The report emphasizes diplomatic rapprochement and ongoing tensions, indicating a focus on verbal interactions and efforts for peace rather than military actions.",P2_Recursive
ddfe40661bc344c19a340edd8a380c66,1,Korean War and Its Impact on Family Reunions,HUMANITARIAN,0.85,"The report focuses on family reunions and the humanitarian efforts surrounding them, indicating a concern for human rights and the impact of the war on individuals.",P2_Recursive
a828ede0eac247e1bfefb8318fac45fc,1,Samsung and ED-209 Military Technology Community,NEUTRAL,0.9,The report discusses the involvement of Samsung in military technology without indicating any current actions or interactions that would suggest a diplomatic or threatening context.,P2_Recursive
5b550aa5735d49de989b34a0397a55d9,1,North Korean Regime and Inter-Korean Relations,NEUTRAL,0.8,The report discusses historical context and the complexities of inter-Korean relations without indicating active current interactions or specific harm to individuals.,P2_Recursive
7da091877b074c9cbc195426a0ed7ce1,1,Inter-Korean Relations and Peace Initiatives,DIPLOMACY,0.95,"The report discusses diplomatic efforts and initiatives aimed at fostering reconciliation and peace between North and South Korea, which aligns with the themes of talks and negotiations.",P2_Recursive
c4e5d5fe50654c7bad8a2fe965c64e1e,1,DNA Testing and Defense POW/MIA Accounting Agency,HUMANITARIAN,0.9,"The report focuses on the identification of military personnel remains and the impact on families, emphasizing the importance of closure and addressing historical inquiries related to missing individuals.",P2_Recursive
ae2e7466ba824f39bd0cc38df11c5c18,1,North Korea's ICBM Development Community,THREAT,0.9,"The report discusses North Korea's ICBM program and its implications for security, indicating a focus on military capabilities and potential threats.",P2_Recursive
9b7b55392d6949ceaf283e63220b7652,1,4-Party Talks and Peace Treaty Negotiations,DIPLOMACY,0.9,"The report focuses on negotiations and talks aimed at achieving a Peace Treaty, which aligns with diplomatic efforts.",P2_Recursive
6f61acc058f848d88d4d4b09264fe19a,1,Korea and East Asia: Geopolitical Dynamics,NEUTRAL,0.9,The report discusses historical context and relationships without indicating active current interactions or specific actions.,P2_Recursive
4b4a333e081c45c985a5da5c6fea7d4c,1,"Historical Kingdoms of Korea: Goguryeo, Balhae, and Baekje",NEUTRAL,0.9,The report focuses on historical context and relationships between ancient kingdoms without discussing current actions or interactions.,P2_Recursive
1a9cf78e0b4743a09d9474399af41173,1,Korean Citizenship and Identity Community,NEUTRAL,0.9,The report discusses static facts and historical context regarding citizenship and cultural identity in Korea without any active current interaction or actions.,P2_Recursive
17a2fc5d808d4f2a833fe03a3fbc7bc2,1,Goryeo and Its Historical Context,NEUTRAL,1.0,The report discusses historical context and relationships without current active interactions or actions.,P2_Recursive
5bc731bd969944c1a455ecd8434315f0,1,"Ming Dynasty, Joseon, and Qing Dynasty Relations",NEUTRAL,1.0,"The report discusses historical interactions without any current actions or dynamics, fitting the criteria for a neutral classification.",P2_Recursive
dc2222ebb5764c9a84f993c848cbfb07,1,Xiongnu and Wiman Joseon Historical Alliances,NEUTRAL,0.9,The report discusses historical interactions and influences without any current actions or ongoing diplomatic efforts.,P2_Recursive
ce1480d8a787457a95c5f4038a87e01e,0,North Korea and Its Nuclear Ambitions,NEUTRAL,0.8,The report provides a general overview of North Korea's military capabilities and historical context without detailing specific actions or interactions.,P2_Recursive
1381dbae5aa047fc96ee87d209250fac,0,Geopolitical Dynamics of the Korean Peninsula,NEUTRAL,0.9,The report discusses static relationships and historical context without current active interactions or specific actions being taken.,P2_Recursive
b3427073b67e47ca871174d5374ef2fb,0,Hillary Clinton and the 2016 Presidential Election,NEUTRAL,0.9,The report discusses historical context regarding the 2016 Presidential Election and Russian interference without indicating any current actions or interactions.,P2_Recursive
f5e60e0b1fa747f1bfc75b59f481acfa,0,Korean Peninsula Dynamics: South Korea and North Korea,NEUTRAL,0.9,The report discusses the historical context and ongoing dynamics between South Korea and North Korea without focusing on active current interactions or specific actions.,P2_Recursive
fe87f67b0a1c42dabcda88e1f7370f4c,0,North Korea's Diplomatic Landscape: Economic Development and Peace Efforts,DIPLOMACY,0.9,"The report emphasizes diplomatic negotiations and peace efforts related to North Korea's nuclear disarmament, indicating active verbal interactions rather than military actions.",P2_Recursive
42bbf73de99940aba9a113f1bc55ca52,0,U.S.-North Korea Diplomatic Community,DIPLOMACY,0.9,"The report focuses on diplomatic relations and negotiations regarding nuclear issues between the U.S. and North Korea, highlighting verbal interactions and peace talks.",P2_Recursive
5bc0d58cf9984e9c98be0b7fc6b5f4ce,0,"China, North Korea, and Regional Dynamics",NEUTRAL,0.9,The report discusses static facts and historical context regarding the relationship between China and North Korea without indicating any current active interaction or specific actions.,P2_Recursive
f129c98f46064ed0925a2a996334ba2b,0,"Clinton, Albright, and the North Korea Policy Community",NEUTRAL,0.9,The report discusses historical figures and their roles in shaping U.S. policy towards North Korea without indicating any current actions or interactions.,P2_Recursive
63f6c95f4df549d4aaf84b2f735147d1,0,Anti-American Sentiment in South Korea,NEUTRAL,0.9,The report discusses historical context and dynamics of anti-American sentiment without indicating any current actions or interactions.,P2_Recursive
57e4b88ff8a04d3f8bd49cbe29dedd09,0,North Korea and Its Nuclear Ambitions,THREAT,0.9,"The report discusses North Korea's nuclear weapons program and military strategies, indicating ongoing tensions and potential military implications.",P2_Recursive
2e8c0eb0214544fa9d48ee461de6a0cd,0,Beto O'Rourke and the Second Amendment Debate,NEUTRAL,0.9,The report discusses political dynamics and differing views on the Second Amendment without indicating any active current interaction or harm.,P2_Recursive
10cf34c0c1e0412c8be259c0b2377659,0,Jung H. Pak and Brookings Institution,NEUTRAL,0.9,The report discusses the background and insights of Jung H. Pak and the Brookings Institution without indicating any current active diplomatic interactions or threats.,P2_Recursive
7eca95eb24584607a703cc9a8bffbd31,0,Puerto Rico and Hurricane Impact,HUMANITARIAN,0.9,"The report focuses on the humanitarian crisis in Puerto Rico due to hurricanes, highlighting harm to individuals and communities.",P2_Recursive
cb5576c621bf4a81bdfb0d20f51e8e2e,0,"Canada, NAFTA, and Global Relations",NEUTRAL,0.9,"The report discusses static facts and historical context about Canada, NAFTA, and geopolitical issues without indicating any active current interactions or actions.",P2_Recursive
eb3b811d9704486bba37f4fc6c6aab58,0,North Korea and South Korea Diplomatic Landscape,DIPLOMACY,0.9,"The report focuses on the diplomatic relations and ongoing negotiations between North Korea and South Korea, highlighting significant figures and agreements.",P2_Recursive
1a9d5c1c54624d6c9449d15276012235,0,Climate Change and Global Conflict Community,NEUTRAL,0.9,The report discusses static facts and historical context regarding climate change and potential conflicts without indicating current active interactions or specific actions.,P2_Recursive
6aefd7da70644c52b82ec8b43e6a55ec,0,North Korean Regime and Inter-Korean Relations,NEUTRAL,0.8,The report discusses historical context and various aspects of inter-Korean relations without focusing on active current interactions or specific humanitarian issues.,P2_Recursive
ba1f120e524f4606b0be29051daf8096,0,Drought Impact on Crop Production in North Korea,NEUTRAL,0.9,The report discusses static facts about drought and its impact on crop production without mentioning any active current interactions or actions.,P2_Recursive
675415d7027448a5b138e62244ac6c17,0,US Army and David Maxwell Community,NEUTRAL,0.9,The report discusses the US Army's strategic presence and David Maxwell's contributions without indicating any active current interactions or actions.,P2_Recursive
2dc0d26891f94950be999d35e195758e,0,North Korea Human Rights Violations and Threats,HUMANITARIAN,0.9,"The report primarily focuses on severe human rights violations in North Korea and the threats against activists, emphasizing harm to specific individuals and human rights issues.",P2_Recursive
5d77dace1ae04565a533f704fb1287dc,0,India-Pakistan Geopolitical Dynamics,NEUTRAL,0.9,"The report discusses historical conflicts and military tensions without indicating current actions or interactions, fitting the criteria for static facts.",P2_Recursive
ce302b7fd9c74c788747d6d15f3d9d27,0,North Korea Missile Testing and Denuclearization Efforts,DIPLOMACY,0.9,"The report focuses on diplomatic meetings and decisions regarding denuclearization efforts, indicating active diplomatic engagement rather than military action.",P2_Recursive
89322b174f6f4187940fca752cc26660,0,Sohae Missile Site and Dismantlement Activity,NEUTRAL,0.9,The report describes the dismantlement of a missile site as a static fact related to North Korea's denuclearization efforts without indicating any active current interaction or military action.,P2_Recursive
0387f8351a97476dbbea33b5b9de00e0,0,World War 3 and North Korea Dynamics,THREAT,0.9,"The report discusses the potential for World War 3 and North Korea's nuclear actions, indicating military implications and concerns about global conflict.",P2_Recursive
e6af47785bf24733b37ecc2acf0f1754,0,Eight-Nation Coalition and HMCS Calgary,NEUTRAL,0.9,The report describes the composition and activities of the Eight-Nation Coalition and the involvement of HMCS Calgary without indicating any active military actions or diplomatic negotiations.,P2_Recursive
1bd3a28247814c818878578b98d53d8d,0,G7 and SCO: Global Economic and Security Dialogues,NEUTRAL,0.9,The report describes the roles of G7 and SCO in facilitating discussions on economic governance and security without indicating any active current interactions or actions.,P2_Recursive
47616c30af4c4fc1bad73291c5fd3580,0,Globalists and Humanitarian Crisis,HUMANITARIAN,0.9,"The report focuses on the urgency of addressing humanitarian crises and widespread suffering in conflict-affected regions, highlighting specific human rights concerns.",P2_Recursive
8a1241b75d5c4413bce985e5cd0398b8,0,Kaesong Industrial Zone and Hyundai,ECONOMIC,0.9,"The report discusses the economic relationship between the Kaesong Industrial Zone and Hyundai, particularly in the context of UN sanctions, indicating a focus on economic operations.",P2_Recursive
76e37a2fc930404faeab51bfba61a6e7,0,ROKMC and Marine Community,NEUTRAL,0.9,The report describes the community's focus on military identity and orphan care without indicating any active diplomatic or military interactions.,P2_Recursive
a654db18c943444fa16e5f4da8cf939d,0,Korea Defense and Security Forum and Yang Uk,NEUTRAL,0.9,The report describes a think tank and its focus on defense and security issues without indicating any current active interaction or military actions.,P2_Recursive
71f61670a0f44277b05ab079a2ad8f99,0,Social Security and Political Discourse,NEUTRAL,0.9,The report discusses the Social Security program and its political implications without indicating any active current interaction or conflict.,P2_Recursive
65f38cbbaf0440749e86053494d72527,0,Korea and East Asia Geopolitical Dynamics,NEUTRAL,0.9,The report discusses historical and contemporary interactions in a static context without active current interactions or specific actions being taken.,P2_Recursive
93e65a6704c948299cd86512b4d9f98a,0,Syrian War and Refugee Crisis,HUMANITARIAN,0.9,"The report focuses on the impact of the Syrian War on refugees, particularly North Korean defectors, highlighting specific harm to individuals and human rights issues.",P2_Recursive
