community_id,title,frame,confidence,reason,period
352,North Korea: A Nuclear Pariah State,THREAT,0.9,"텍스트는 북한의 군사적 위협과 핵무기, 미사일 프로그램을 강조하며, 지역 및 글로벌 안보에 대한 위험을 언급하고 있습니다.",period1
353,North Korea Nuclear Test Site and Closure Ceremony,THREAT,0.85,"텍스트는 북한의 핵무기 프로그램과 관련된 국제적 우려를 강조하고 있으며, 이는 군사적 위협과 관련된 내용으로 해석될 수 있습니다.",period1
349,North Korea: A Nuclear Pariah State,THREAT,0.95,"텍스트는 북한의 군사적 위협과 핵무기 능력을 강조하며, 지역 및 글로벌 안전에 대한 위험을 언급하고 있습니다.",period1
350,North Korean Missile Launches,THREAT,0.95,"텍스트는 북한의 미사일 발사를 군사적 사건으로 강조하며, 국제 안보에 대한 우려를 언급하고 있어 군사적 위협 프레임에 해당합니다.",period1
351,North-South Korea Talks and Nuclear Disarming,DIPLOMACY,0.9,"텍스트는 남북한 대화와 핵무기 해체를 강조하며, 평화와 협력의 가능성을 다루고 있습니다.",period1
345,North Korea: A Nuclear and Humanitarian Crisis,THREAT,0.85,"텍스트는 북한의 군사적 능력과 핵 프로그램을 강조하며, 이로 인해 발생하는 국제적 안전 위협을 언급하고 있습니다.",period1
346,North Korea Missile Tests and Regional Implications,THREAT,0.9,"텍스트는 북한의 미사일 시험이 군사적 능력을 보여주고, 미국으로부터의 위협에 대응하는 방식으로 강조되고 있어 군사적 위협 프레임에 해당한다.",period1
347,Missile Defense and Military Funding,THREAT,0.9,"텍스트는 미사일 방어와 군사적 자금 지원을 강조하며, 특히 북한의 미사일 위협에 대한 군사적 전략을 다루고 있어 군사적 위협 프레임에 해당한다.",period1
348,North Korea's Military and Media Landscape,THREAT,0.85,"텍스트는 북한의 군사적 서사와 군사 훈련을 강조하며, 이러한 활동이 지역 안보 역학에 미치는 영향을 다루고 있어 군사적 위협 프레임으로 분류된다.",period1
342,North Korea: Nuclear Ambitions and Military Posture,THREAT,0.95,"텍스트는 북한의 군사적 태도와 핵 및 미사일 프로그램을 강조하며, 이를 미국과 동맹국의 위협에 대한 억제 및 힘의 과시로 설명하고 있어 군사적 위협 프레임에 해당한다.",period1
343,Military Parade and Veterans Day Community,THREAT,0.8,"텍스트는 북한의 군사 퍼레이드와 관련된 내용을 다루고 있으며, 이는 군사적 힘의 공공적 표현으로 해석될 수 있어 위협 프레임에 해당합니다.",period1
344,North Korea's H-Bomb and Pacific Threats,THREAT,0.95,"텍스트는 북한의 군사적 능력과 H-폭탄, 미사일 시험이 초래하는 전략적 우려와 잠재적 위협을 강조하고 있어 군사적 위협 프레임에 해당합니다.",period1
337,North Korea: Nuclear Ambitions and Military Posture,THREAT,0.9,"텍스트는 북한의 군사적 태도와 핵 및 미사일 프로그램을 강조하며, 이러한 요소들이 지역 및 글로벌 안보에 미치는 중대한 영향을 언급하고 있어 군사적 위협 프레임에 해당합니다.",period1
338,North Korea's Military Dynamics in the Sea of Japan,THREAT,0.9,"텍스트는 북한의 군사 활동과 미사일 시험, 핵 능력을 강조하며, 이는 지역 안보와 국제 관계에 대한 군사적 위협을 나타냅니다.",period1
339,North Korea's Grey Market and South Korean Movies,ECONOMIC,0.9,"텍스트는 북한의 회색 시장과 남한 영화의 비공식 거래를 다루며, 경제적 측면과 외국 제품 접근을 강조하고 있다.",period1
340,Russia and North Korea: A Complex Geopolitical Alliance,THREAT,0.8,"텍스트는 러시아와 북한 간의 군사적 협력과 미국의 영향력에 대한 전략적 정렬을 강조하며, 이는 지역 안정성에 대한 위협으로 해석될 수 있다.",period1
341,Alexandr Dugin and Foundations of Geopolitics,THREAT,0.8,Dugin's advocacy for destabilizing other nations suggests a focus on military and geopolitical threats.,period1
304,Korean Peninsula Security Dynamics,THREAT,0.8,텍스트에서 군사적 긴장과 비핵화 목표가 강조되어 있어 군사적 위협의 요소가 두드러짐.,period1
305,General Dunford and Back-Channel Diplomacy in South Korea,DIPLOMACY,0.9,"텍스트는 군사적 존재와 외교적 협상이 상호 연결되어 있음을 강조하며, 긴장 완화를 위한 외교적 노력에 초점을 맞추고 있습니다.",period1
306,U.S. Military Drills and Threats in Response to North Korea,THREAT,0.9,텍스트는 북한의 위협에 대한 군사 훈련과 군사적 긴장을 강조하고 있어 군사적 위협 프레임에 해당한다.,period1
307,South Korea's Diplomatic Landscape: Moon Jae-In and the North,DIPLOMACY,0.9,텍스트는 남북 관계와 평화 및 비핵화를 목표로 하는 외교적 노력을 강조하고 있어 협상과 대화의 중요성을 부각시키고 있습니다.,period1
308,North Korea Peace Talks and Key Figures,DIPLOMACY,0.95,"텍스트는 북한과 남한, 미국 간의 평화 회담과 외교적 관계를 강조하며, 비핵화와 지역 안정성을 목표로 하는 국제 외교의 복잡성을 언급하고 있습니다.",period1
309,Pentagon and North Korea Military Strategy Community,THREAT,0.9,"텍스트는 북한이 제기하는 위협에 대한 군사적 전략과 대응을 강조하고 있으며, 이는 군사적 위협을 중심으로 한 내용이다.",period1
310,U.S. Army and Missile Exercises in South Korea,THREAT,0.9,"텍스트는 북한의 미사일 위협에 대한 군사적 준비태세를 강조하고 있으며, 군사적 연습과 지정학적 긴장을 언급하고 있어 위협 프레임으로 분류됩니다.",period1
311,Democratic People's Republic of Korea (DPRK) and Its Military Dynamics,THREAT,0.9,텍스트는 북한의 군사적 태도와 핵 능력에 대한 강조를 통해 지역의 긴장과 국제 안보에 대한 위협을 부각시키고 있습니다.,period1
312,USS Carl Vinson and Australian Navy Cooperation,THREAT,0.85,"텍스트는 USS Carl Vinson과 호주 해군의 군사적 협력을 강조하며, 이는 북한과 관련된 지역 안보 동역학에 영향을 미친다고 언급하고 있어 군사적 위협의 프레임으로 분류됩니다.",period1
313,Korean Peninsula Dynamics: ROK and Inter-Korean Relations,THREAT,0.8,"텍스트는 군사적 긴장과 한국 전쟁의 역사적 내러티브를 언급하며, 이러한 요소들이 한국 반도에서의 지정학적 중요성을 강조하고 있어 군사적 위협 프레임으로 분류됩니다.",period1
314,Korean Armistice and Peace Treaty Dynamics,DIPLOMACY,0.9,"텍스트는 한국 전쟁을 공식적으로 마무리하기 위한 평화 조약과 관련된 외교적 노력을 강조하고 있으며, 이는 대화와 협력의 가능성을 나타냅니다.",period1
315,US Pressure on African Countries,DIPLOMACY,0.85,텍스트는 미국과 아프리카 국가 간의 외교적 관계와 북한과의 외교적 유대를 고립시키려는 미국의 전략에 대해 강조하고 있어 협상과 대화의 가능성을 나타냅니다.,period1
316,North Korea and Global Security Dynamics,THREAT,0.9,"텍스트는 북한의 핵 야망과 군사적 위협을 강조하며, 미국의 대응과 갈등 가능성을 언급하고 있어 군사적 위협 프레임에 해당합니다.",period1
317,North Korea: A Comprehensive Overview of the DPRK,THREAT,0.8,"텍스트는 북한의 군사적 능력과 핵무기, 공격적인 군사 태도를 강조하고 있어 군사적 위협 프레임에 해당합니다.",period1
318,Sanctions and Responses to North Korea,ECONOMIC,0.9,"텍스트는 북한에 대한 경제 제재와 관련된 조치들을 강조하고 있으며, 이러한 경제적 측면이 주요 내용으로 다루어지고 있습니다.",period1
319,North Korean Nuclear Tests and Regional Security,THREAT,0.9,"텍스트는 북한의 핵 실험과 그로 인한 지역 안보의 긴장감을 강조하고 있으며, 특히 일본과 한국의 미사일 방어 시스템 도입을 언급하여 군사적 위협을 부각시키고 있습니다.",period1
320,North Korea's Nuclear Test Site and Chinese Scientists,THREAT,0.85,"텍스트는 북한의 핵 실험과 군사 전략, 그리고 지역 안정성에 대한 우려를 강조하고 있어 군사적 위협 프레임에 해당합니다.",period1
321,North Korean Figure Skaters: Ryom Tae Ok and Kim Ju Sik,NEUTRAL,0.9,"텍스트는 북한의 피겨 스케이팅 선수들의 성과를 중립적으로 전달하고 있으며, 정치적 또는 군사적 맥락을 강조하지 않는다.",period1
322,North Korea Nuclear Test Community,THREAT,0.9,"텍스트는 북한의 핵 실험 활동과 관련된 국제적 우려를 강조하고 있으며, 이는 군사적 위협을 암시합니다.",period1
323,China-North Korea Relations: Deng Xiaoping and Xi Jinping,DIPLOMACY,0.8,"텍스트는 중국과 북한 간의 관계를 다루며, 역사적 및 현대적 외교적 노력과 협력 가능성을 강조하고 있다.",period1
324,North Korea's Nuclear Ambitions and Geopolitical Dynamics,THREAT,0.9,"텍스트는 북한의 군사적 능력과 핵 야망, 그리고 이와 관련된 국제 관계의 긴장감을 강조하고 있어 군사적 위협 프레임에 해당한다.",period1
325,North Korea and US Diplomatic Relations,DIPLOMACY,0.8,"텍스트는 북한과 미국 간의 외교적 노력을 강조하고 있으며, 특히 정상 회담과 다양한 정치적 인물들의 역할을 언급하고 있어 협상과 대화의 가능성을 부각시키고 있습니다.",period1
326,North Korea-U.S. Tensions and Diplomatic Negotiations,DIPLOMACY,0.8,텍스트는 북한과 미국 간의 긴장 상황과 전쟁을 방지하기 위한 외교적 협상에 중점을 두고 있어 협력 가능성을 강조하고 있습니다.,period1
327,"Media Coverage of North Korea: CNN, USA Today, and the White House",NEUTRAL,0.8,"텍스트는 북한에 대한 미디어 보도의 복잡성을 다루고 있으며, 특정한 위협이나 외교적 해결책을 강조하지 않고 중립적인 정보를 전달하고 있습니다.",period1
328,Rex Tillerson and North Korea Negotiations,DIPLOMACY,0.9,"텍스트는 렉스 틸러슨의 외교적 노력을 강조하며, 협상과 대화의 중요성을 다루고 있어 외교 프레임으로 분류된다.",period1
329,North Korean Delegation at the Winter Olympics,DIPLOMACY,0.85,"텍스트는 북한 대표단의 문화 외교와 국가적 자부심을 강조하며, 올림픽 참가의 복잡한 지정학적 의미를 언급하고 있어 협상과 대화의 가능성을 암시하고 있다.",period1
330,Kim Yo Jong and the Pyeongchang Olympic Games,DIPLOMACY,0.85,텍스트는 김여정의 올림픽 참여와 남북 관계에서의 외교적 역할을 강조하고 있어 협상과 대화의 가능성을 나타냅니다.,period1
331,Impersonators at the Olympics Opening Ceremony,NEUTRAL,0.9,"텍스트는 사건의 중립적인 정보를 전달하며, 군사적 위협이나 외교적 협력, 경제적 측면, 인권 문제를 강조하지 않음.",period1
332,Russia and North Korea: A Complex Geopolitical Alliance,THREAT,0.8,텍스트는 러시아와 북한의 군사적 협력 및 미국의 영향력에 대한 전략적 정렬을 강조하고 있어 군사적 위협 요소가 부각된다.,period1
333,Congress and Nuclear ICBM Threats,THREAT,0.9,"텍스트는 북한의 핵 ICBM 공격 위협과 관련된 의회의 역할을 강조하며, 군사적 위협과 국가 안보에 대한 우려를 다루고 있다.",period1
334,U.S.-North Korea Relations and Key Figures,THREAT,0.7,텍스트에서 갈등 가능성과 군사적 태세의 함의를 강조하고 있어 군사적 위협 프레임으로 분류됨.,period1
335,Historic Meeting: Trump-Kim Summit,DIPLOMACY,0.9,"텍스트는 트럼프-김 정상회담이 비핵화와 평화에 중점을 두고 있음을 강조하며, 미국과 북한 간의 외교적 노력을 다루고 있기 때문입니다.",period1
336,Diplomacy and North Korea's Nuclear Threats,DIPLOMACY,0.8,"텍스트는 외교 노력과 북한의 핵무기 프로그램 간의 관계를 강조하며, 미국과 동맹국의 외교 전략을 다루고 있어 외교 프레임으로 분류됩니다.",period1
170,South Korea and North Korea Relations,THREAT,0.9,"텍스트는 북한의 군사적 위협과 핵무기 문제를 강조하고 있으며, 이러한 위협을 관리하기 위한 군사 및 외교적 노력을 언급하고 있습니다.",period1
171,Korean Peninsula Peace Initiatives,DIPLOMACY,0.9,"텍스트는 남북한 간의 대화와 협력, 평화 및 비핵화 노력을 강조하고 있으며, 이는 외교적 접근을 나타냅니다.",period1
172,Moon Jae-In and the Korean Peninsula Diplomacy,DIPLOMACY,0.95,"텍스트는 문재인 대통령의 북한과의 관계 개선을 위한 외교적 노력을 강조하고 있으며, 협상과 평화의 중요성을 다루고 있습니다.",period1
173,Moon Jae In and South Korea's Diplomatic Landscape,DIPLOMACY,0.9,"텍스트는 문재인 대통령의 외교적 노력과 대화, 협력 가능성을 강조하고 있으며, 특히 북한과의 관계에 대한 논의가 중심이기 때문에 외교 프레임으로 분류됩니다.",period1
174,Korean Armistice and Treaty Dynamics,DIPLOMACY,0.85,"텍스트는 한국 전쟁의 정전과 평화 조약 가능성을 강조하며, 북미 간의 관계와 평화의 복잡성을 다루고 있어 협상과 대화의 중요성을 나타냅니다.",period1
175,Denuclearization Agreement and Hibakusha Advocacy,DIPLOMACY,0.9,"텍스트는 북한과 남한 간의 비핵화 협정과 평화 증진을 강조하며, 협력 가능성을 나타내고 있습니다.",period1
176,Park Geun-hye and Military Intelligence-Sharing Agreement,DIPLOMACY,0.8,"텍스트는 박근혜 전 대통령과 일본 간의 군사 정보 공유 협정에 대해 언급하며, 이는 북한과의 관계 및 외교 전략에 대한 논의를 포함하고 있어 협상과 대화의 가능성을 강조하고 있다.",period1
177,North Korea and Regional Security Dynamics,THREAT,0.9,"텍스트는 북한의 핵 능력과 군사적 전략을 강조하며, 지역 안보의 복잡한 상호작용과 긴장을 다루고 있어 군사적 위협 프레임에 해당합니다.",period1
178,Air Force Global Strike Command and Minuteman III,THREAT,0.85,텍스트는 미사일 프로그램과 군사 전략의 중요성을 강조하고 있어 군사적 위협의 프레임으로 분류됩니다.,period1
179,U.S. Military Preparedness and North Korea Response,THREAT,0.9,텍스트는 북한의 미사일 위협에 대한 미국의 군사적 대응과 국가 안보를 강조하고 있어 군사적 위협 프레임으로 분류됩니다.,period1
180,North Korean Hackers and Cryptocurrency,THREAT,0.9,텍스트는 북한 해커들이 사이버 범죄 활동을 통해 국제 사이버 보안에 심각한 위협을 가하고 있다고 강조하고 있기 때문에 위협 프레임으로 분류됩니다.,period1
181,Democratic People's Republic of Korea (DPRK) and Its Military Dynamics,THREAT,0.9,"텍스트는 북한의 군사적 능력과 핵무기 프로그램을 강조하며, 이는 군사적 위협과 관련된 내용이다.",period1
182,North Korea's Nuclear Ambitions and International Relations,THREAT,0.8,텍스트는 북한의 핵무기 전략과 관련된 군사적 긴장 및 국제 사회와의 갈등을 강조하고 있어 위협 프레임으로 분류됩니다.,period1
183,U.S.-South Korea Diplomatic Relations: THAAD and North Korea,DIPLOMACY,0.9,"텍스트는 한국과 미국 간의 외교적 상호작용과 대화를 강조하고 있으며, 특히 THAAD 배치와 북한의 미사일 활동에 대한 대응을 다루고 있어 외교적 맥락이 중심이 된다.",period1
184,Samsung and Sony Technology Rivalry,THREAT,0.8,텍스트는 삼성의 방위 계약 참여를 언급하며 북한(DPRK)으로부터의 위협에 대한 군사적 준비 상태를 강조하고 있어 군사적 위협 프레임에 해당합니다.,period1
185,Republic of Korea and Its Strategic Dynamics,HUMANITARIAN,0.8,"텍스트는 한국의 통일 및 위기 관리 정책과 관련된 인도적 지원 이니셔티브를 언급하며, 북한 주민 문제와 관련된 측면을 강조하고 있습니다.",period1
186,Geopolitical Dynamics of North Korea and China,THREAT,0.85,"텍스트는 북한의 핵 야망과 지역 안보 문제를 강조하며, 군사적 긴장과 관련된 내용을 포함하고 있습니다.",period1
187,India and Kargil Conflict,THREAT,0.9,"텍스트는 인도의 군사적 능력과 카르길 분쟁을 강조하며, 지역 내 군사적 긴장을 언급하고 있어 군사적 위협 프레임에 해당한다.",period1
188,Nanyang Technological University and Science Magazine,NEUTRAL,0.9,텍스트는 Nanyang Technological University와 Science Magazine의 관계 및 연구 협력에 대한 중립적인 정보를 전달하고 있습니다.,period1
189,Wang Yi and the National People's Congress,DIPLOMACY,0.8,텍스트는 왕이 외교부 장관의 역할과 한반도 관계에 대한 외교 정책 형성을 강조하고 있어 협상과 대화의 가능성을 나타냅니다.,period1
190,Alibaba and Global Times Media Influence,NEUTRAL,0.8,"텍스트는 Alibaba와 Global Times의 관계를 설명하며, 특정한 정치적 입장이나 감정을 드러내지 않고 중립적인 정보를 전달하고 있습니다.",period1
191,Geopolitical Dynamics of the Korean Peninsula,NEUTRAL,0.8,"텍스트는 한국 반도의 지정학적 역학을 설명하고 있으며, 특정한 위협이나 외교적 해결 방안보다는 중립적인 정보 전달에 초점을 맞추고 있다.",period1
192,U.S. Military Presence in the Korean Peninsula,THREAT,0.9,텍스트는 미국의 군사 자산과 그들의 군사적 준비 태세를 강조하고 있어 군사적 위협의 프레임으로 분류된다.,period1
193,Panmunjom Declaration and Korean Nation,HUMANITARIAN,0.9,"텍스트는 한반도의 평화와 재통일을 강조하며, 분단으로 인한 인도적 문제를 다루고 있기 때문에 인권과 북한 주민 문제에 초점을 맞추고 있다.",period1
194,"Korean Peninsula Dynamics: ROK, Peace Treaty, and Historical Context",DIPLOMACY,0.85,"텍스트는 평화 조약에 대한 논의와 한국 전쟁의 역사적 맥락을 강조하며, 협력과 대화의 가능성을 나타내고 있습니다.",period1
195,US-ROK Alliance and Second Korean War,THREAT,0.85,텍스트는 제2의 한국 전쟁 가능성을 언급하며 군사적 위협과 지정학적 위험을 강조하고 있습니다.,period1
196,North Korea and Global Security Dynamics,THREAT,0.9,텍스트는 북한의 핵 야망과 미국의 군사적 위협에 대한 국제적 반응을 강조하고 있어 군사적 위협 프레임에 해당한다.,period1
197,Bloody Nose Attack and Tomahawk Missiles,THREAT,0.95,텍스트는 'Bloody Nose Attack'과 Tomahawk 미사일 사용을 언급하며 북한의 핵 야망에 대한 군사적 고려를 강조하고 있어 군사적 위협 프레임에 해당합니다.,period1
198,USFK and PACOM Military Community,THREAT,0.9,"텍스트는 미국의 군사적 존재와 전략적 중요성을 강조하며, 특히 북한과 관련된 군사 작전과 개발을 언급하고 있어 군사적 위협 프레임에 해당합니다.",period1
199,US Navy and North Korea Relations,THREAT,0.9,텍스트는 미국 해군과 북한 간의 군사적 긴장과 사건을 강조하고 있어 군사적 위협을 나타내고 있습니다.,period1
200,North Korea and U.S. Nuclear Dynamics,THREAT,0.9,텍스트는 북한과 미국 간의 핵 정책 및 군사 전략에 대한 긴장과 갈등 가능성을 강조하고 있어 군사적 위협 프레임에 해당합니다.,period1
201,North Korea's Nuclear Ambitions and Global Impact,THREAT,0.9,"텍스트는 북한의 핵 능력 추구와 관련된 군사적 요소를 강조하고 있으며, 이는 군사적 위협과 전쟁 위험을 내포하고 있다.",period1
202,THAAD Deployment and South Korean Defense Community,THREAT,0.8,텍스트는 THAAD 미사일 방어 시스템의 배치와 관련된 지정학적 긴장 및 지역 안보에 대한 함의를 강조하고 있어 군사적 위협의 프레임에 해당합니다.,period1
203,NRA and Susan Rice: A Community of Controversy,THREAT,0.8,"텍스트는 NRA와 북한의 군사 전략에 대한 논의를 언급하며, 이는 군사적 위협과 관련된 내용을 포함하고 있기 때문입니다.",period1
204,F-16 Exercises and Desert Storm Operations,THREAT,0.85,"텍스트는 F-16 항공기와 군사 작전의 역사적 맥락을 강조하며, 현재의 군사 훈련이 과거의 전쟁 전략에서 영감을 받았음을 언급하고 있어 군사적 위협을 강조하는 프레임으로 분류된다.",period1
205,Taiwan's Geopolitical Landscape and Security Dynamics,THREAT,0.85,텍스트는 북한의 지속적인 군사적 위협과 중국의 군사적 역할을 강조하고 있어 군사적 위협 프레임에 해당합니다.,period1
206,US Troops and Korean Peninsula Security,THREAT,0.9,텍스트는 북한의 핵 위협과 관련된 미국 군대의 전략적 역할을 강조하고 있어 군사적 위협 프레임에 해당한다.,period1
207,Vietnam's Geopolitical Landscape and Relations,DIPLOMACY,0.8,"텍스트는 베트남의 외교적 입장과 협력 가능성을 강조하며, 지역 안정을 위한 외교적 관계를 다루고 있습니다.",period1
208,North Korea Missile Launch and Regional Security,THREAT,0.9,"텍스트는 북한의 미사일 발사가 동아시아의 긴장을 고조시키고 이웃 국가들, 특히 일본과 한국에 대한 안전 문제를 강조하고 있어 군사적 위협 프레임에 해당합니다.",period1
209,Pearl Harbor and Its Historical Context,THREAT,0.8,"텍스트는 Pearl Harbor 사건이 미국의 군사 전략에 미친 영향을 강조하며, 국제적 위협에 대한 반응과 군사적 오판의 복잡성을 다루고 있다.",period1
210,Korean Government and Nationalism Dynamics,NEUTRAL,0.8,"텍스트는 한국 정부와 민족주의의 복잡한 상호작용을 설명하고 있으며, 특정한 위협이나 협상, 경제적 측면을 강조하지 않고 중립적인 정보를 전달하고 있다.",period1
211,Kim Dae-jung and the Sunshine Policy,DIPLOMACY,0.95,"텍스트는 김대중 전 대통령의 햇볕정책을 통해 북한과의 평화와 협력을 강조하고 있으며, 대화와 협력의 중요성을 부각시키고 있습니다.",period1
212,Greater Korean Republic and Korean Civil War,THREAT,0.85,텍스트는 이념적 차이로 인한 갈등의 잠재성을 강조하고 있어 군사적 위협과 전쟁 위험을 암시하고 있습니다.,period1
213,North Korea: A Nuclear and Military Power,THREAT,0.9,"텍스트는 북한의 군사적 능력과 핵무기 개발에 중점을 두고 있으며, 이는 군사적 위협을 강조하고 있습니다.",period1
214,North Korea's Nuclear Developments and Consequences,THREAT,0.9,텍스트는 북한의 핵무기 개발과 그로 인한 파괴적 영향 및 지정학적 결과를 강조하고 있어 군사적 위협 프레임에 해당합니다.,period1
215,North Korea's Biological Weapons and Pyongyang Biotechnical Institute,THREAT,0.9,텍스트는 북한의 생물학적 무기 개발과 국제 안보에 대한 우려를 강조하고 있어 군사적 위협 프레임에 해당합니다.,period1
216,Pope Francis and Vatican City's Stance on Nuclear Disarmament,DIPLOMACY,0.9,"텍스트는 핵무기 감축과 외교적 참여를 강조하며, 평화와 협력의 가능성을 언급하고 있습니다.",period1
217,Cyber Warfare and Malware: Stuxnet and Its Implications,THREAT,0.85,텍스트는 사이버 전쟁과 악성 코드의 군사적 전략 및 국가 안보에 대한 위협을 강조하고 있어 군사적 위협 프레임으로 분류됩니다.,period1
218,Congressman and Marijuana Smuggling Concerns,THREAT,0.85,텍스트는 북한의 군사적 위협과 핵 확산 문제를 강조하고 있어 위협 프레임에 해당합니다.,period1
219,Bong Da Bo Boa Factory and Shinpo Industrial University,NEUTRAL,0.9,"텍스트는 북한의 잠수함 건설과 관련된 교육 및 산업 협력을 설명하고 있으며, 특정한 위협이나 외교적 요소를 강조하지 않고 중립적인 정보만을 전달하고 있습니다.",period1
220,Security Council and U.N. Sanctions on North Korea,ECONOMIC,0.8,"텍스트는 유엔 제재와 북한의 경제 활동 제한을 강조하며, 이는 경제적 측면에서의 접근을 나타냅니다.",period1
221,Guam and Military Preparedness Against North Korea,THREAT,0.9,"텍스트는 북한의 위협에 대한 군사적 준비와 관련된 내용을 다루고 있으며, 군사 자산과 지정학적 긴장에 초점을 맞추고 있습니다.",period1
222,Nuclear War and Bomb Shelter Preparedness,THREAT,0.9,"텍스트는 북한의 군사적 능력과 핵전쟁의 위험을 강조하며, 이에 대한 사회적 반응으로 방공호 판매 증가를 언급하고 있어 군사적 위협 프레임에 해당한다.",period1
223,Military Action and North Korea's Nuclear Threat,THREAT,0.9,"텍스트는 북한의 핵 야망에 대한 군사적 대응을 강조하며, 군사 행동과 관련된 위험 요소를 다루고 있기 때문에 위협 프레임으로 분류됩니다.",period1
224,Punggye-ri Nuclear Test Site and Associated Risks,THREAT,0.9,"텍스트는 북한의 핵 실험과 관련된 위험, 특히 방사능 누출 가능성과 공공 건강에 대한 위협을 강조하고 있습니다.",period1
225,Denuclearization and the Libya Model in North Korea,DIPLOMACY,0.8,"텍스트는 북한의 비핵화 노력과 관련된 협상 및 정책을 다루고 있으며, 리비아 모델을 언급하면서 평화적 해결 가능성을 탐구하고 있기 때문입니다.",period1
226,U.S. Administrations and North Korea's Nuclear Program,DIPLOMACY,0.8,"텍스트는 클린턴 행정부의 외교적 노력을 강조하고 있으며, 북한의 핵 야망에 대한 대화와 협력의 가능성을 다루고 있습니다.",period1
227,North Korea Nuclear Issue and International Response,THREAT,0.85,텍스트는 북한의 핵 야망이 글로벌 안보에 미치는 중대한 영향을 강조하고 있어 군사적 위협의 프레임으로 분류됩니다.,period1
228,North Korea's Ballistic Missile Threat and Alaska,THREAT,0.95,"텍스트는 북한의 탄도 미사일 프로그램과 그로 인한 알래스카에 대한 군사적 위협을 강조하고 있으며, 군사적 및 지정학적 우려를 다루고 있습니다.",period1
229,North Korea's ICBM Development and Military Strategy,THREAT,0.95,"텍스트는 북한의 ICBM 개발과 군사 전략에 중점을 두고 있으며, 이러한 발전이 글로벌 안보에 미치는 잠재적 위협을 강조하고 있습니다.",period1
230,Pacific Ocean and Fukushima Nuclear Disaster,THREAT,0.85,텍스트는 북한의 군사 활동과 핵 위협을 강조하고 있어 군사적 위협 프레임에 해당합니다.,period1
231,North Korea's Nuclear Capabilities and EMP Threats,THREAT,0.95,"텍스트는 북한의 핵 능력과 EMP 위협을 강조하며, 군사적 위협과 글로벌 안전에 대한 잠재적 위험을 다루고 있기 때문입니다.",period1
232,U.S. and North Korea Relations,THREAT,0.9,"텍스트는 북한의 미사일 시험과 핵 야망에 대한 위협을 강조하고 있으며, 미국과 북한 간의 군사적 긴장 관계를 언급하고 있습니다.",period1
233,F-35 and Izumo-Class Military Capabilities,THREAT,0.9,텍스트는 일본의 군사 능력과 관련하여 북한과 같은 지역 안보 위협을 강조하고 있어 군사적 위협 프레임에 해당합니다.,period1
234,Kim Jong Un Regime and US Attack Dynamics,THREAT,0.9,텍스트는 미국의 군사적 행동과 북한의 핵 프로그램에 대한 위협을 강조하고 있어 군사적 위협 프레임에 해당한다.,period1
235,Democratic People's Republic of Korea and Its Strategic Framework,THREAT,0.85,"텍스트는 북한의 핵 능력과 군사적 준비 태세를 강조하며, 이는 군사적 위협과 관련된 요소로 해석될 수 있습니다.",period1
236,Korean Workers Party and Kim Il Sung Legacy,NEUTRAL,0.8,"텍스트는 북한의 정치적 역학과 김일성의 유산에 대한 중립적인 정보를 전달하고 있으며, 특정한 위협이나 협상, 경제적 측면을 강조하지 않는다.",period1
237,North Korean Diplomacy at the Pyeongchang Olympics,DIPLOMACY,0.95,"텍스트는 북한의 외교적 노력과 대화의 가능성을 강조하고 있으며, 특히 평창 올림픽에서의 외교적 상호작용을 다루고 있습니다.",period1
238,North Korea Nuclear Program and Missile Test Halt,DIPLOMACY,0.8,텍스트는 북한의 미사일 시험 중단이 국제 사회와의 협상에 미치는 영향을 강조하고 있어 외교적 측면을 부각시키고 있습니다.,period1
239,North Korea and Its Military Dynamics,THREAT,0.9,"텍스트는 북한의 군사적 야망과 핵 능력, 그리고 이로 인한 지정학적 긴장을 강조하고 있어 군사적 위협 프레임에 해당합니다.",period1
240,Vladimir Putin and Alexander Litvinenko,THREAT,0.8,텍스트는 블라디미르 푸틴과 북한 간의 정치적 영향력 및 지정학적 긴장을 강조하고 있어 군사적 위협과 관련된 요소가 포함되어 있습니다.,period1
241,North Korea and US Diplomatic Relations,DIPLOMACY,0.8,텍스트는 북한의 군사적 야망과 미국과의 외교적 교류를 강조하고 있어 협상과 대화의 가능성을 나타내고 있습니다.,period1
242,Nikki Haley and the Republican Party,NEUTRAL,0.8,"텍스트는 Nikki Haley와 공화당의 관계 및 외교 정책에 대한 기여를 중립적으로 설명하고 있으며, 특정한 위협이나 협력 가능성을 강조하지 않음.",period1
243,U.S. Diplomacy and North Korea: The Tillerson Era,DIPLOMACY,0.9,"텍스트는 미국의 외교적 노력을 강조하며, 협상과 대화의 복잡성을 다루고 있기 때문에 외교 프레임으로 분류됩니다.",period1
244,"Trump, Wall Street Journal, and North Korea Relations",THREAT,0.85,"텍스트는 북한의 핵 능력과 관련된 지정학적 문제를 강조하고 있으며, 이는 군사적 위협과 관련된 프레임으로 분류될 수 있습니다.",period1
245,Fox News and Political Narratives,NEUTRAL,0.8,"텍스트는 Fox News와 정치적 서사에 대한 중립적인 정보를 전달하고 있으며, 특정한 위협이나 경제적, 인도적 문제를 강조하지 않음.",period1
246,David Shulkin and the Department of Veterans Affairs,NEUTRAL,0.9,텍스트는 David Shulkin과 퇴역군인부의 관계 및 그에 따른 도전과 감독 문제를 중립적으로 설명하고 있어 특정 프레임에 치우치지 않음.,period1
247,Donald J. Trump and His Political Network,NEUTRAL,0.8,"텍스트는 트럼프의 정치적 영향력과 관련된 정보 전달에 중점을 두고 있으며, 특정한 위협이나 외교적 노력, 경제적 측면, 인도적 문제를 강조하지 않기 때문에 중립적인 정보로 분류된다.",period1
248,Punggye-ri Nuclear Test Site and Associated Entities,THREAT,0.9,텍스트는 북한의 핵 야망과 지역 안보에 대한 우려를 강조하고 있어 군사적 위협 프레임에 해당합니다.,period1
249,Mount Mantap and Nuclear Testing Community,THREAT,0.85,텍스트는 북한의 핵 실험 활동과 관련된 위험과 환경적 영향을 강조하고 있어 군사적 위협의 프레임에 해당한다.,period1
250,Jerusalem and the Abrahamic Holy Sites,NEUTRAL,0.85,"텍스트는 예루살렘과 아브라함의 성지에 대한 중립적인 정보를 제공하며, 특정한 위협이나 외교적 노력, 경제적 측면, 인도적 문제를 강조하지 않음.",period1
251,"Axis of Evil: Geopolitical Dynamics of Iran, North Korea, and Saudi Arabia",THREAT,0.85,"텍스트는 'Axis of Evil'이라는 용어를 사용하여 이란, 북한, 사우디 아라비아의 군사적 위협과 핵 확산 문제를 강조하고 있으며, 국제 안보와 지역 갈등에 대한 우려를 나타내고 있습니다.",period1
252,"Hamas, Israel, and Regional Dynamics",THREAT,0.8,"텍스트는 군사적 동맹과 갈등을 강조하며, 특히 하마스와 이스라엘 간의 긴장을 언급하고 있어 군사적 위협의 프레임에 적합하다.",period1
253,George W. Bush and American Life,THREAT,0.8,"텍스트는 조지 W. 부시의 외교 정책과 군사 지출이 미국의 삶에 미치는 영향을 강조하며, 이는 군사적 위협과 관련된 논의로 이어진다.",period1
254,US-Saudi Nuclear Agreements,DIPLOMACY,0.8,"텍스트는 미국과 사우디 아라비아 간의 핵 협정과 국제 핵 협력의 진화를 강조하며, 이는 협상과 정책의 맥락에서 평화로운 해결책을 암시한다.",period1
255,North Korea's Nuclear Threat and U.S. Policy Dynamics,THREAT,0.9,"텍스트는 북한의 핵무기 프로그램과 미국의 외교 정책을 다루며, 군사적 위협과 지정학적 긴장을 강조하고 있습니다.",period1
256,Mike Pompeo and North Korea Diplomacy,DIPLOMACY,0.9,"텍스트는 마이크 폼페오와 김정은 간의 외교적 협상과 관계를 강조하고 있으며, 이는 협상과 대화의 맥락에서 다루어지고 있습니다.",period1
257,Ivanka Trump and Media Coverage at the Winter Olympics,DIPLOMACY,0.8,"텍스트는 Ivanka Trump의 외교적 활동과 관련된 내용을 다루고 있으며, 이는 협상과 대화의 가능성을 강조하는 외교적 맥락을 포함하고 있다.",period1
258,H.R. McMaster and San Francisco's Strategic Influence,THREAT,0.8,텍스트는 H.R. McMaster의 군사 전략과 북한과의 지정학적 긴장을 강조하고 있어 군사적 위협 프레임에 해당한다.,period1
259,Chile and U.S. Pressure on North Korea,DIPLOMACY,0.8,"텍스트는 국제 외교와 군사 준비 상태를 강조하며, 북한의 핵 야망과 관련된 복잡성을 다루고 있어 협상과 대화의 가능성을 내포하고 있다.",period1
260,Obama Administration and Cyber Weapons,DIPLOMACY,0.7,"텍스트는 오바마 행정부의 외교 정책과 국제 관계에서의 전략적 접근을 강조하고 있으며, 인도적 노력도 언급하고 있어 협력 가능성을 내포하고 있습니다.",period1
261,Iran Nuclear Deal and International Relations,DIPLOMACY,0.9,"텍스트는 이란 핵 협정과 국제 관계를 다루며, 협상과 대화의 중요성을 강조하고 있습니다.",period1
262,Supreme Court and Immigration Policy,NEUTRAL,0.9,"텍스트는 이민 정책과 관련된 법적 복잡성을 설명하고 있으며, 특정한 위협이나 외교적 요소를 강조하지 않고 중립적인 정보를 전달하고 있습니다.",period1
263,North Korea: Regime Dynamics and Global Implications,THREAT,0.85,"텍스트는 북한의 군사적 위협과 핵무기 관련 내용을 강조하고 있으며, 권력 유지를 위한 군사적 전략과 위협을 언급하고 있습니다.",period1
264,Kim Jong-Il and the Day of the Shining Star,NEUTRAL,0.9,"텍스트는 김정일과 그의 유산을 기념하는 날에 대한 중립적인 정보를 제공하고 있으며, 군사적 위협이나 외교적 노력, 경제적 측면, 인권 문제를 강조하지 않고 있습니다.",period1
265,Kim Jong-Nam Assassination and VX Nerve Agent,THREAT,0.9,텍스트는 북한의 화학 무기 능력과 국제 안보에 대한 우려를 강조하고 있어 군사적 위협 프레임에 해당합니다.,period1
266,North Korea-South Korea Summit Dynamics,DIPLOMACY,0.9,"텍스트는 북한과 남한 간의 외교적 상호작용과 대화의 중요성을 강조하고 있으며, 이는 협력 가능성을 나타냅니다.",period1
267,North Korea's Representation at the Winter Olympics,DIPLOMACY,0.8,"텍스트는 북한의 올림픽 참가를 통해 문화와 외교를 강조하고 있으며, 이는 협력 가능성을 나타내는 요소로 해석될 수 있습니다.",period1
268,U.S. Diplomacy and North Korea: Key Figures and Events,DIPLOMACY,0.85,"텍스트는 미국과 북한 간의 외교적 관계와 협상 노력에 중점을 두고 있으며, 주요 인물과 사건을 통해 대화와 협력의 가능성을 강조하고 있습니다.",period1
269,Otto Warmbier and the North Korea Incident,HUMANITARIAN,0.9,"텍스트는 오토 웜비어의 사례를 통해 북한의 인권 유린 문제를 강조하고 있으며, 개인적인 영향을 다루고 있기 때문에 인도적 프레임에 해당합니다.",period1
270,Marissa Brandt and the Korea Adoptee Advocacy Community,HUMANITARIAN,0.9,"텍스트는 한국 입양인들의 문화적 정체성과 지원의 중요성을 강조하고 있으며, 이는 인권 및 사회적 문제와 관련이 있다.",period1
271,Kim Jong Nam and VX Nerve Agent Incident,THREAT,0.85,"텍스트는 VX 신경작용제 사용과 관련된 암살 사건을 다루고 있으며, 이는 군사적 위협과 화학무기 사용의 위험성을 강조하고 있습니다.",period1
272,North Korean Operatives in Malaysia,THREAT,0.8,"텍스트는 북한 요원의 불법 활동과 관련된 사건을 강조하며, 이는 군사적 위협과 관련된 맥락을 내포하고 있다.",period1
273,Malaysia's Role in the Kim Jong Nam Assassination,DIPLOMACY,0.85,"텍스트는 말레이시아의 김정남 암살 사건에 대한 역할을 강조하며, 국제 외교 관계와 관련된 중요성을 언급하고 있어 협상과 대화의 가능성을 내포하고 있다.",period1
274,North Korean Leadership and Songun Policy,THREAT,0.85,텍스트는 북한의 군사적 우선순위와 폭력의 유산을 강조하고 있어 군사적 위협의 프레임에 해당합니다.,period1
275,Geopolitical Dynamics of Russia and North Korea,HUMANITARIAN,0.7,텍스트에서 인권 문제와 북한 주민 문제를 강조하고 있어 인도적 프레임으로 분류할 수 있습니다.,period1
276,Russia and North Korea: A Geopolitical Nexus,DIPLOMACY,0.7,"텍스트는 러시아와 북한 간의 외교적 관계와 협력 가능성을 강조하고 있으며, 군사적 협력과 경제적 유대도 언급하지만 전반적으로 외교적 관점이 중심이다.",period1
277,U.S. Military Response to North Korean Missile Tests,THREAT,0.9,"텍스트는 북한의 미사일 시험 발사에 대한 미국의 군사적 대응을 강조하며, 북한이 제기하는 위협과 군사적 준비 태세를 중심으로 설명하고 있습니다.",period1
278,James Mattis and North Korea Diplomacy,DIPLOMACY,0.8,"텍스트는 James Mattis의 외교적 노력과 북한 비핵화에 대한 협상 가능성을 강조하고 있으며, 군사적 대응과 외교적 접근이 복합적으로 작용하는 상황을 설명하고 있습니다.",period1
279,Birthday Balloons and Anti-Kim Material,HUMANITARIAN,0.85,"텍스트는 북한 주민의 자유와 인권 문제를 강조하며, 탈북자들이 북한 정권에 대한 저항의 상징으로 풍선을 띄우는 행위를 다루고 있다.",period1
280,DMZ Day Tour and Korea Taxi Service,NEUTRAL,0.9,"텍스트는 DMZ 투어와 관련된 정보 제공에 중점을 두고 있으며, 군사적 위협이나 외교적 협상 등 특정한 정치적 프레임을 강조하지 않음.",period1
281,North Korean Defectors and the DMZ,HUMANITARIAN,0.8,"텍스트는 북한 탈북자와 그들이 직면한 위험을 강조하며, 인권 문제와 관련된 내용을 다루고 있습니다.",period1
282,Afghanistan and Military Interventions,THREAT,0.8,"텍스트는 아프가니스탄에서의 군사적 개입과 관련된 내용을 다루고 있으며, 특히 미국과 소련의 군사 행동을 강조하고 있어 군사적 위협의 맥락이 드러납니다.",period1
283,"Nuclear Strategy Community: MAD, Cold War, and SIOP",THREAT,0.9,"텍스트는 핵 전략과 군사적 교리, 특히 상호 확증 파괴(MAD)와 관련된 내용을 다루고 있어 군사적 위협의 맥락을 강조하고 있습니다.",period1
284,Brazil and the Nuclear Suppliers Group,NEUTRAL,0.8,"텍스트는 브라질의 지정학적 중요성과 핵 공급국 그룹 내의 역할을 설명하고 있으며, 군사적 위협이나 경제적 측면보다는 중립적인 정보 전달에 중점을 두고 있다.",period1
285,"NATO Cyber Warfare Community: Spain, Netherlands, and Norway",THREAT,0.8,텍스트는 북한과 다른 적들로부터의 위협에 대응하기 위한 사이버 전쟁 전략 개발을 강조하고 있어 군사적 위협의 요소가 포함되어 있습니다.,period1
286,U.N. Security Council and Global Nuclear Policy,THREAT,0.85,텍스트는 북한이 제기하는 글로벌 위협과 핵 비확산 문제를 강조하고 있어 군사적 위협 프레임에 해당한다.,period1
287,U.S. North Korea Policy and Military Strategies,THREAT,0.85,"텍스트는 미국과 북한 간의 군사적 긴장과 갈등 가능성을 강조하고 있으며, 공격적인 군사 태세와 관련된 내용을 포함하고 있습니다.",period1
288,GOP and Influential Commentators,THREAT,0.8,"텍스트는 GOP의 국가 안보 및 외교 정책, 특히 북한과의 관계를 강조하고 있어 군사적 위협과 관련된 프레임으로 분류된다.",period1
289,State of the Union and North Korean Human Rights Advocacy,HUMANITARIAN,0.9,"텍스트는 북한 인권 문제와 난민, 특히 북한 탈북자에 대한 보호 정책을 강조하고 있어 인도적 관점에서 다루고 있습니다.",period1
290,Robert Mueller and Political Communications,NEUTRAL,0.9,"텍스트는 로버트 뮬러와 정치적 의사소통에 대한 정보를 중립적으로 전달하고 있으며, 특정한 위협이나 외교적 요소를 강조하지 않음.",period1
291,George W. Bush and Iraq War Decision-Makers,NEUTRAL,0.8,"텍스트는 이라크 전쟁의 결정자들에 대한 정보를 제공하며, 특정한 위협이나 외교적 노력보다는 인물과 그들의 관계를 중심으로 설명하고 있다.",period1
292,Australia's Strategic Position on North Korea,DIPLOMACY,0.8,텍스트는 호주의 외교적 참여와 북한의 핵 능력 및 미사일 시험에 대한 논의를 강조하고 있어 협상과 대화의 가능성을 나타냅니다.,period1
293,Kuwait and Iraq: Historical Context and Military Implications,THREAT,0.8,텍스트는 이라크의 쿠웨이트 침공과 그에 따른 국제 군사 개입을 다루고 있어 군사적 위협과 전쟁 위험을 강조하고 있다.,period1
294,U.S. Leadership and North Korea Relations,DIPLOMACY,0.85,"텍스트는 미국과 북한 간의 외교적 관계와 협상 전략을 강조하고 있으며, 평화와 협력의 가능성을 내포하고 있습니다.",period1
295,National Security and Uranium One,THREAT,0.9,"텍스트는 북한의 핵 능력과 관련된 국가 안보 문제를 강조하며, 군사적 및 지정학적 고려 사항을 다루고 있습니다.",period1
296,U.S. Defense Strategy and North Korean Threats,THREAT,0.9,"텍스트는 북한의 위협과 관련된 미국의 방어 전략을 강조하고 있으며, 군사적 준비 상태와 전략적 논의에 초점을 맞추고 있습니다.",period1
297,Breitbart and Its Media Network,NEUTRAL,0.9,"텍스트는 Breitbart와 그 미디어 네트워크에 대한 중립적인 정보 전달을 포함하고 있으며, 특정한 정치적 프레임을 강조하지 않음.",period1
298,World War III and Key Political Figures,THREAT,0.9,"텍스트는 세계 3차 대전과 관련된 군사적 긴장과 갈등 가능성을 강조하고 있으며, 북한과 미국 간의 군사적 자세를 언급하고 있습니다.",period1
299,U.S. Military and North Korea Strategy,THREAT,0.9,"텍스트는 미국 군사 작전과 북한과의 전략적 관계를 강조하며, 군사적 개입과 관련된 복잡성을 다루고 있어 군사적 위협 프레임에 해당한다.",period1
300,"Brexit and Its Influencers: Dugin, Cambridge Analytica, and the Mercer Family",NEUTRAL,0.9,"텍스트는 Brexit과 관련된 다양한 주체들의 영향력을 중립적으로 설명하고 있으며, 특정한 정치적 입장이나 감정을 강조하지 않음.",period1
301,Steve Bannon and Qatar's Geopolitical Landscape,NEUTRAL,0.8,"텍스트는 스티브 배넌과 카타르의 지정학적 역할에 대한 정보를 전달하고 있으며, 특정한 위협이나 협상, 경제적 측면을 강조하지 않고 중립적으로 다루고 있다.",period1
302,POTUS and Kushner: Foreign Policy Dynamics,DIPLOMACY,0.8,"텍스트는 POTUS와 Jared Kushner의 외교 정책에서의 역할을 강조하며, 특히 북한과의 외교 전략 실행에 대한 내용을 다루고 있어 협상과 대화의 가능성을 암시하고 있습니다.",period1
303,U.S. State Department and Joseph Y. Yun,DIPLOMACY,0.8,"텍스트는 외교와 국제 관계를 다루며, 특히 북한 정책에 대한 협상과 대화의 중요성을 강조하고 있습니다.",period1
43,Korean Peninsula Security Dynamics,DIPLOMACY,0.85,"텍스트는 군사적 긴장과 협력 가능성을 모두 언급하며, 외교적 노력과 평화에 대한 강조가 두드러지기 때문에 외교 프레임으로 분류된다.",period1
44,IAEA and Nuclear Non-Proliferation Community,THREAT,0.8,"IAEA의 역할과 북한과의 관계가 핵 활동 모니터링 및 국제 조약 준수를 강조하며, 이는 군사적 위협과 관련된 맥락을 내포하고 있기 때문입니다.",period1
45,North Korea and Regional Security Dynamics,THREAT,0.85,"텍스트는 북한의 핵 능력과 군사 전략을 강조하며, 동아시아의 지정학적 긴장 상황을 다루고 있어 군사적 위협의 프레임에 해당한다.",period1
46,North Korea and Its Nuclear Ambitions,THREAT,0.9,"텍스트는 북한의 핵무기 프로그램과 그로 인한 군사적 긴장에 초점을 맞추고 있으며, 이는 군사적 위협을 강조하는 내용이다.",period1
47,Geopolitical Dynamics of North Korea and China,DIPLOMACY,0.8,텍스트는 북한과 중국 간의 외교적 협상과 국제 관계의 복잡성을 강조하고 있어 외교적 프레임에 해당합니다.,period1
48,"Korean Peninsula Dynamics: Mongolia, North Korea, and South Korea",DIPLOMACY,0.8,"텍스트는 몽골이 중재자로서의 역할을 강조하고 있으며, 남북한 간의 복잡한 관계와 외교적 노력을 언급하고 있어 협상과 대화의 가능성을 강조하고 있습니다.",period1
49,US-North Korea Military Dynamics,THREAT,0.85,"텍스트는 미국과 북한 간의 군사적 상호작용과 전략, 특히 북한의 핵 야망을 다루고 있어 군사적 위협을 강조하고 있다.",period1
50,North Korea and Nuclear Diplomacy,DIPLOMACY,0.85,"텍스트는 북한의 핵 야망과 이를 관리하기 위한 국제적인 외교적 노력에 초점을 맞추고 있으며, 협상과 대화의 가능성을 강조하고 있습니다.",period1
51,US Trade War and Its Economic Impact,ECONOMIC,0.9,"텍스트는 미국과 중국 간의 무역 전쟁과 그로 인한 경제적 영향을 강조하고 있으며, 특히 관세와 관련된 내용이 중심이기 때문에 경제 프레임으로 분류됩니다.",period1
52,"Vietnam, Taiwan, and North Korea Geopolitical Dynamics",THREAT,0.8,"텍스트는 북한과의 군사적 긴장 및 미국의 군사적 존재를 강조하며, 동아시아의 안보 역학을 다루고 있어 군사적 위협 프레임에 해당한다.",period1
53,Politics Subreddit Community,NEUTRAL,0.9,"텍스트는 정치적 주제와 현재 사건에 대한 논의를 위한 플랫폼에 대한 중립적인 정보를 제공하고 있으며, 특정한 정치적 입장이나 감정을 강조하지 않음.",period1
54,North Korea Missile Launch and Regional Security Dynamics,THREAT,0.9,"텍스트는 북한의 미사일 발사가 지역 안보에 미치는 영향을 강조하며, 특히 일본의 방어 전략과 관련된 군사적 긴장과 대응을 다루고 있습니다.",period1
55,Korean Government and Nationalism Dynamics,NEUTRAL,0.8,"텍스트는 한국 정부와 민족주의의 역학을 설명하며, 군사적 위협이나 경제적 측면보다는 역사적 갈등과 외교 관계를 중립적으로 전달하고 있다.",period1
56,North Korean Asylum Seekers and Spies,HUMANITARIAN,0.9,텍스트는 북한 망명자들의 안전과 그들이 직면한 위험을 강조하며 인권 문제를 다루고 있습니다.,period1
57,North Korea: A Nuclear and Humanitarian Crisis,THREAT,0.7,"텍스트는 북한의 군사적 능력과 핵 야망을 강조하며, 이러한 요소가 인도적 위기와 얽혀 있음을 언급하고 있어 군사적 위협의 프레임이 두드러진다.",period1
58,North American Aerospace Defense Command and North Korea Relations,THREAT,0.9,텍스트는 북한의 미사일 위협과 NORAD의 역할을 강조하고 있어 군사적 위협에 대한 프레임으로 분류됩니다.,period1
59,North Korea Nuclear Issue and International Relations,THREAT,0.8,텍스트는 북한의 핵 야망이 글로벌 안보와 외교 관계에 미치는 중대한 영향을 강조하고 있어 군사적 위협의 요소가 두드러진다.,period1
60,North Korea Women and BBC Reporting,HUMANITARIAN,0.85,텍스트는 북한 여성의 경험과 사회적 문제에 대한 미디어 보도의 중요성을 강조하고 있어 인권 및 사회적 이슈와 관련된 프레임으로 분류됩니다.,period1
61,Ben Carson and the Electrical Grid Vulnerability,THREAT,0.85,"텍스트는 전기 그리드의 취약성과 사이버 전쟁의 가능성을 강조하며, 북한의 군사 전략과 관련된 위협을 언급하고 있어 군사적 위협 프레임에 해당한다.",period1
62,North Korea's Military Capabilities and Nuclear Threats,THREAT,0.95,"텍스트는 북한의 군사적 능력과 핵 위협을 강조하며, 이는 지역 및 글로벌 안보에 대한 중대한 위협으로 설명되고 있습니다.",period1
63,Destruction of Nuclear Test Site and Media Engagement,DIPLOMACY,0.85,"텍스트는 북한의 핵 실험장 파괴와 관련된 외교적 참여를 강조하고 있으며, 국제 관계와 언론 보도의 교차점을 다루고 있기 때문에 외교적 프레임으로 분류됩니다.",period1
64,Doomsday Clock and North Korea,THREAT,0.9,"텍스트는 북한과 관련된 핵무기 위협을 강조하고 있으며, 이는 군사적 위협을 나타냅니다.",period1
65,U.S. and North Korea Relations,THREAT,0.85,"텍스트는 북한의 핵 능력과 미사일 시험에 대한 위협을 강조하고 있으며, 미국과 북한 간의 군사적 긴장 상태를 언급하고 있습니다.",period1
66,Pacific Command and Military Leadership on North Korea,THREAT,0.9,"텍스트는 북한의 위협을 다루고 있으며, 미국의 군사적 대응과 전략적 자세를 강조하고 있다.",period1
67,Three American Hostages and Hostage Release,DIPLOMACY,0.9,"텍스트는 미국 인질 석방과 관련된 외교적 사건을 강조하며, 국제 관계와 외교적 노력의 중요성을 언급하고 있기 때문에 외교 프레임으로 분류됩니다.",period1
68,North Korean Defectors: Kim Heung Kwang and Ri,HUMANITARIAN,0.85,텍스트는 북한 탈북자와 그들의 권리 옹호에 대한 이야기를 다루고 있어 인권과 난민 문제를 강조하고 있습니다.,period1
69,North Korea's Military and US Sanctions,THREAT,0.85,"텍스트는 북한의 군사 및 핵 프로그램과 관련된 인물과 미국의 제재를 강조하며, 이는 북한과 미국 간의 긴장과 핵 확산 문제를 부각시키고 있습니다.",period1
70,Korean Conflict and Truce,DIPLOMACY,0.8,"텍스트는 한국 전쟁과 정전의 역사적 맥락을 다루며, 외교 관계의 지속적인 긴장과 해결되지 않은 문제들을 언급하고 있어 협상과 대화의 가능성을 강조하고 있습니다.",period1
71,Diplomatic Engagements: South Korean Leader and U.S. General,DIPLOMACY,0.9,텍스트는 남한 지도자와 미국 장군 간의 외교적 노력과 대화의 중요성을 강조하고 있어 협상과 평화적 접근을 중심으로 하고 있습니다.,period1
72,WannaCry and Sony Pictures Cyber Incidents,THREAT,0.85,"텍스트는 북한의 사이버 공격과 관련된 사건들을 다루며, 이러한 공격이 군사적 위협으로 이어질 수 있는 가능성을 강조하고 있다.",period1
73,Winter Paralympics and Special Olympics Community,NEUTRAL,0.8,"텍스트는 북한의 동계 패럴림픽 참여에 대한 중립적인 정보와 스포츠 행사에 대한 설명을 제공하고 있으며, 특정한 정치적 프레임을 강조하지 않음.",period1
74,Pyongyang and American Detainees,DIPLOMACY,0.85,"텍스트는 북한과 미국 간의 외교적 협상과 관계를 강조하며, 인질 석방을 위한 대화의 가능성을 언급하고 있습니다.",period1
75,HEMP and Electromagnetic Pulse Community,THREAT,0.8,텍스트는 HEMP와 전자기 펄스의 잠재적 위험을 강조하고 있어 군사적 위협과 관련된 프레임으로 분류된다.,period1
76,Thomas Cynkin and Daniel Morgan Graduate School,NEUTRAL,0.9,"텍스트는 특정한 정치적 이슈나 갈등을 강조하지 않고, 교육 기관과 리더십에 대한 중립적인 정보를 전달하고 있다.",period1
77,Libyan Civil War and Gaddafi Regime,HUMANITARIAN,0.8,"텍스트는 리비아 내전과 가다피 정권의 권위주의적 통치가 다양한 집단에 미친 영향을 강조하며, 특히 북한 노동자와 관련된 사회적 동역학을 언급하고 있어 인권 및 난민 문제와 관련이 깊다.",period1
78,Kim Regime and Its Impact on Democracy,THREAT,0.9,"텍스트는 북한의 군사적 초점과 핵 능력을 강조하며, 김 정권의 권위주의적 통치가 민주주의와 대조된다는 점을 부각하고 있습니다.",period1
79,Trump Team and the Great War Scenario,THREAT,0.9,"텍스트는 북한의 군사적 위협과 대규모 갈등 가능성을 강조하고 있으며, 트럼프 팀의 준비 태세와 우려를 나타내고 있습니다.",period1
80,US Marine Corps and Cold Weather Operations,THREAT,0.9,텍스트는 북한의 군사적 위협에 대한 준비와 관련된 내용을 강조하고 있어 군사적 위협 프레임으로 분류됩니다.,period1
81,Bush-Era Axis of Evil and Postwar Iraq,THREAT,0.85,텍스트는 부시 행정부의 악의 축 개념과 관련하여 군사적 위험과 정권 교체의 결과를 강조하고 있어 군사적 위협 프레임에 해당합니다.,period1
82,U.S. Negotiations and North Korea Nuclear Site,DIPLOMACY,0.9,"텍스트는 미국과 북한 간의 협상과 외교적 노력을 강조하고 있으며, 특히 핵 확산과 관련된 복잡성을 다루고 있습니다.",period1
83,Saddam Hussein and the Kurdish Community,HUMANITARIAN,0.9,텍스트는 사담 후세인 정권 하의 쿠르드 공동체에 대한 인권 침해를 강조하고 있어 인도적 문제에 초점을 맞추고 있습니다.,period1
84,North Korean Defectors and Biological Risks,HUMANITARIAN,0.9,"텍스트는 북한 탈북자들의 인권과 건강 문제를 다루고 있으며, 그들의 위험한 탈출 과정에서의 생물학적 위험에 초점을 맞추고 있습니다.",period1
85,North Korea and Its Military Dynamics,THREAT,0.9,"텍스트는 북한의 군사적 야망과 핵 능력, 그리고 이로 인한 긴장과 지정학적 함의를 강조하고 있어 군사적 위협 프레임에 해당한다.",period1
86,U.S.-North Korea Relations and Key Figures,DIPLOMACY,0.8,텍스트는 미국과 북한 간의 외교적 노력과 협상에 대한 내용을 포함하고 있어 외교적 프레임으로 분류됩니다.,period1
87,Cuba and Biological Weapons,THREAT,0.8,"텍스트는 쿠바와 생물학적 무기 간의 관계를 강조하며, 군사적 능력과 냉전 시대의 긴장감을 언급하고 있어 군사적 위협의 프레임으로 분류된다.",period1
88,Bolton and The Wall Street Journal,THREAT,0.9,텍스트는 북한에 대한 군사적 공격을 옹호하는 내용을 포함하고 있어 군사적 위협을 강조하고 있다.,period1
89,Donald J. Trump and Key Political Relationships,NEUTRAL,0.9,"텍스트는 트럼프와 그의 정치적 관계에 대한 중립적인 정보를 전달하고 있으며, 특정한 위협이나 협상, 경제적 측면, 인권 문제를 강조하지 않음.",period1
90,Choi Sung-yong and the Abductee Support Community,HUMANITARIAN,0.9,"텍스트는 북한에 의해 납치된 사람들의 가족과 커뮤니티의 문제를 다루고 있으며, 인권과 관련된 측면을 강조하고 있습니다.",period1
91,SEAL Team 6 and North Korea Military Dynamics,THREAT,0.9,"텍스트는 SEAL Team 6와 북한의 군사적 전략을 다루며, 북한 지도부를 무력화하기 위한 작전과 같은 군사적 위협 요소를 강조하고 있습니다.",period1
92,Singapore and the Trump-Kim Summit,DIPLOMACY,0.9,"텍스트는 미국과 북한 간의 외교적 협상과 대화의 중요성을 강조하고 있으며, 평화로운 해결을 위한 노력에 초점을 맞추고 있습니다.",period1
93,Hawang and North Korean Military Dynamics,THREAT,0.8,"Hwang's disappearance raises concerns about military dynamics and potential implications for North Korea's internal stability, suggesting a possible military threat.",period1
94,Murphy and the Senate Foreign Relations Committee,THREAT,0.8,텍스트는 트럼프의 북한에 대한 발언과 관련된 국가 안보 문제에 대한 우려를 강조하고 있어 군사적 위협의 프레임으로 분류된다.,period1
95,Donald Trump and Executive Orders on Immigration,NEUTRAL,0.9,텍스트는 도널드 트럼프의 이민 정책에 대한 행정 명령의 법적 근거와 그 영향에 대한 중립적인 정보를 전달하고 있습니다.,period1
96,Joseph Yun and U.S. State Department Relations with North Korea,DIPLOMACY,0.9,"텍스트는 조셉 윤과 미국 국무부의 외교적 노력과 도전에 대해 강조하고 있으며, 북한과의 관계에서의 협상과 대화의 중요성을 다루고 있습니다.",period1
97,North Korean Military Enlistment and Armed Forces,THREAT,0.85,"텍스트는 외부 위협에 대한 시민들의 반응으로 군사적 징집을 강조하고 있으며, 이는 군사적 위협의 맥락에서 다루어지고 있기 때문입니다.",period1
98,Michael Elleman and Strategic Studies,THREAT,0.8,텍스트는 미사일 시스템 전문가인 Michael Elleman의 전문성과 북한의 미사일 능력에 대한 분석을 강조하고 있어 군사적 위협의 요소가 포함되어 있습니다.,period1
99,North Korea's Nuclear Test and Its Consequences,HUMANITARIAN,0.85,"텍스트는 북한의 핵 실험이 초래한 건강 위험과 환경 문제를 강조하고 있으며, 이는 인권과 주민의 건강에 대한 우려를 포함하고 있다.",period1
100,Punggye-ri Nuclear Test Site and Associated Entities,THREAT,0.9,"텍스트는 북한의 핵 능력과 활동, 그리고 이로 인해 발생할 수 있는 지역 및 글로벌 안전에 대한 우려를 강조하고 있어 군사적 위협 프레임으로 분류됩니다.",period1
101,North Korean Human Rights Crisis,HUMANITARIAN,0.95,"텍스트는 북한 정부의 인권 침해와 그로 인한 인도적 문제를 강조하고 있으며, 북한 주민의 권리와 복지에 대한 우려를 다루고 있습니다.",period1
102,North Korea's H-Bomb Test and Regional Impact,THREAT,0.9,"텍스트는 북한의 H-폭탄 시험이 지역 및 글로벌 안보에 미치는 중대한 영향을 강조하며, 북한의 핵 발전이 초래할 수 있는 잠재적 위협을 언급하고 있습니다.",period1
103,U.S. Military Actions and International Relations,THREAT,0.8,"텍스트는 미국의 군사 행동과 그로 인한 국제 관계의 복잡성을 강조하며, 특히 북한과 이란과의 관계가 글로벌 안보에 미치는 잠재적 영향을 언급하고 있어 군사적 위협의 요소가 포함되어 있다.",period1
104,"Axis of Evil: North Korea, Iran, and Their Global Impact",THREAT,0.9,"텍스트는 'Axis of Evil'이라는 용어를 사용하며, 북한과 이란의 군사적 위협과 핵무기 야망을 강조하고 있어 군사적 위협 프레임에 해당한다.",period1
105,Korean Women's Ice Hockey Team and the Olympics,DIPLOMACY,0.85,"텍스트는 한국 여자 아이스하키 팀의 올림픽 참가를 통해 남북한의 단합을 상징하며, 스포츠와 국제 외교의 복잡한 상호작용을 강조하고 있습니다.",period1
106,North Korea and U.S. Foreign Policy Dynamics,THREAT,0.9,"텍스트는 북한의 핵무기 프로그램과 그로 인한 국제 관계의 긴장을 강조하고 있으며, 미국의 대북 정책을 다루고 있어 군사적 위협의 요소가 두드러진다.",period1
107,George Soros and Influential Tech Entities,NEUTRAL,0.8,"텍스트는 조지 소로스와 기술 기업들의 관계에 대한 정보를 전달하며, 특정한 정치적 프레임을 강조하지 않고 중립적인 시각을 유지하고 있습니다.",period1
108,US Military Presence and Selective Service,THREAT,0.9,텍스트는 북한의 위협에 대한 미국의 군사 전략과 군사적 준비 상태를 강조하고 있어 군사적 위협 프레임에 해당합니다.,period1
109,Syria and Global Political Dynamics,HUMANITARIAN,0.85,"텍스트는 시리아의 인도적 위기와 관련된 내용을 강조하며, 내전과 국제 군사 개입이 인권 문제에 미치는 영향을 다루고 있습니다.",period1
110,"Influential Figures in American Politics: Kissinger, Bannon, and the Mercers",NEUTRAL,0.9,"텍스트는 특정 정치 인물과 그들의 영향력을 설명하고 있으며, 군사적 위협이나 외교적 협력, 경제적 측면, 인권 문제 등 특정한 프레임을 강조하지 않고 중립적으로 정보를 전달하고 있다.",period1
111,Iran Nuclear Deal and U.S. Foreign Policy,DIPLOMACY,0.85,"텍스트는 이란 핵 협정과 관련된 외교적 노력과 국제적 협력의 복잡성을 강조하고 있으며, 협상과 대화의 중요성을 다루고 있다.",period1
112,North Korean Nuclear Test Site and Its Implications,THREAT,0.85,"텍스트는 북한의 핵 시험장과 그로 인한 국제적 우려를 강조하고 있으며, 이는 군사적 위협과 관련된 내용으로 해석될 수 있다.",period1
113,North Korea: Leadership and Military Dynamics,THREAT,0.85,"텍스트는 북한의 군사 전략과 핵무기 관련 기관을 언급하며, 군사적 힘과 권력 투사를 강조하고 있어 군사적 위협 프레임으로 분류된다.",period1
114,North Korea's Cultural Diplomacy at the Winter Olympics,DIPLOMACY,0.9,"텍스트는 북한의 문화 외교와 국제 행사에서의 외교적 노력에 대해 강조하고 있으며, 협력과 대화의 가능성을 나타내고 있습니다.",period1
115,Henry Kissinger and Christopher Hitchens Discourse,DIPLOMACY,0.9,"텍스트는 헨리 키신저와 크리스토퍼 히친스의 외교적 논의와 비판을 강조하며, 외교 정책과 윤리에 대한 복잡한 관계를 다루고 있기 때문에 외교 프레임으로 분류된다.",period1
116,Kim Yong-chol and North Korean Diplomacy,DIPLOMACY,0.9,"텍스트는 김영철의 외교적 활동과 남북한 간의 관계를 강조하고 있으며, 협상과 대화의 맥락에서 다루고 있다.",period1
117,North Korea's Terrorism and Political Influence,THREAT,0.9,텍스트는 북한의 공격적인 정치 전략과 그로 인한 지역 안보에 대한 영향을 강조하고 있어 군사적 위협의 프레임에 해당한다.,period1
118,North Korean Regime and Defectors Community,HUMANITARIAN,0.9,텍스트는 북한 주민의 인권 문제와 탈북자들의 경험을 강조하고 있어 인도적 관점에서 다루고 있습니다.,period1
119,Korean Peninsula Dynamics: Nuclear Pledge and Olympic Diplomacy,DIPLOMACY,0.9,"텍스트는 북한과 남한 간의 복잡한 관계를 강조하며, 특히 외교적 노력과 협력 가능성을 다루고 있기 때문에 외교 프레임으로 분류됩니다.",period1
120,U.S. Congress and National Defence Commission Relations,THREAT,0.85,"텍스트는 북한의 군사 전략과 미국의 군사 정책 규제에 대한 논의로, 군사적 위협의 맥락을 강조하고 있습니다.",period1
121,Mr. Ri and North Korean Business Network in Malaysia,ECONOMIC,0.85,텍스트는 북한과의 경제적 거래 및 제재 준수와 관련된 복잡한 네트워크를 강조하고 있어 경제적 측면이 두드러진다.,period1
122,North Korean Operatives and the Assassination of Kim Jong Nam,THREAT,0.85,텍스트는 북한의 행동과 관련된 지정학적 긴장과 국제 안보에 대한 함의를 강조하고 있어 군사적 위협의 프레임에 해당한다.,period1
123,North Korean Officials and Meeting Cancellation,DIPLOMACY,0.9,"텍스트는 북한 관리와의 외교 회의 취소를 다루고 있으며, 외교 관계의 복잡성과 정치적 인물에 미치는 영향을 강조하고 있습니다.",period1
124,Denuclearization Talks and Key South Korean Figures,DIPLOMACY,0.9,"텍스트는 북한과의 비핵화 대화와 관련된 정치적 및 외교적 노력을 강조하고 있으며, 평화와 안보를 증진하려는 의도를 나타냅니다.",period1
125,North Korean Nuclear Threat and Force,THREAT,0.95,"텍스트는 북한의 핵 위협과 군사 능력을 강조하며, 이는 군사적 위협을 부각시키고 있다.",period1
126,U.S. Political Landscape on North Korea,THREAT,0.9,텍스트는 북한의 군사적 행동과 핵 야망에 대한 우려를 강조하고 있어 군사적 위협 프레임으로 분류됩니다.,period1
127,CIA and Its Global Impact,THREAT,0.85,텍스트는 CIA의 군사적 역할과 국제 갈등에 대한 영향을 강조하고 있어 군사적 위협과 관련된 프레임으로 분류됩니다.,period1
128,Russia and North Korea: A Geopolitical Nexus,THREAT,0.8,텍스트는 러시아와 북한 간의 군사적 협력과 그로 인한 국제 관계의 복잡성을 강조하고 있어 군사적 위협의 프레임으로 분류된다.,period1
129,Vancouver Talks and North Korea Crisis,DIPLOMACY,0.9,텍스트는 외교적 정상 회담인 Vancouver Talks를 중심으로 하여 북한 위기를 해결하기 위한 협상과 대화의 가능성을 강조하고 있다.,period1
130,U.S. Defense Strategies and North Korean Threats,THREAT,0.9,"텍스트는 미국의 방어 전략과 북한의 위협을 강조하며, 군사적 준비 태세와 관련된 내용을 다루고 있습니다.",period1
131,US Navy and Beijing's Strategic Dynamics,THREAT,0.85,텍스트는 미국 해군과 베이징의 군사적 역할 및 북한과 관련된 지정학적 긴장을 강조하고 있어 군사적 위협의 프레임에 해당합니다.,period1
132,Jill Stein and the Green Party Community,NEUTRAL,0.8,"텍스트는 Jill Stein과 그린당의 활동을 중립적으로 설명하고 있으며, 특정한 위협이나 협상, 경제적 측면, 인권 문제를 강조하지 않음.",period1
133,UK Defense Initiatives and Chemical Weapons Defense Centre,THREAT,0.85,"텍스트는 군사적 위협과 국가 안보를 강조하며, 특히 러시아와 북한으로부터의 위협에 대한 대응을 다루고 있다.",period1
134,United Nations and North Korea Relations,DIPLOMACY,0.8,"텍스트는 유엔과 북한 간의 관계를 다루며, 북한의 핵 야망을 해결하기 위한 대화와 협력의 중요성을 강조하고 있습니다.",period1
135,North Korean IT Group in Vladivostok,NEUTRAL,0.8,"텍스트는 북한 IT 그룹의 이동에 대한 중립적인 정보 전달을 포함하고 있으며, 군사적 위협이나 외교적 협상에 대한 언급이 없다.",period1
136,North Korea Defection and Diplomatic Efforts,DIPLOMACY,0.85,텍스트는 북한 군인의 탈북과 관련된 외교적 노력 및 평화에 대한 강조를 포함하고 있어 협상과 대화의 가능성을 나타냅니다.,period1
137,North Korean Defectors and the DMZ,HUMANITARIAN,0.85,"텍스트는 북한 탈북자들의 경험과 자유를 위한 투쟁을 강조하며, 인권 문제와 관련된 내용을 다루고 있기 때문입니다.",period1
138,R/politics Community on Reddit,NEUTRAL,0.9,"텍스트는 R/politics 커뮤니티의 기능과 구조에 대한 중립적인 정보를 제공하고 있으며, 특정 정치적 이슈나 감정을 강조하지 않음.",period1
139,NeutralPolitics Subreddit Community,NEUTRAL,1.0,"텍스트는 정치적 논의와 중립성을 강조하며, 특정 규칙과 관리 팀의 역할에 대해 설명하고 있어 중립적인 정보 전달에 해당합니다.",period1
140,International Mathematical Olympiad and Ri Jong Yol,DIPLOMACY,0.85,텍스트는 국제 수학 올림피아드와 리종열의 사례를 통해 국제 협력의 역할을 강조하고 있어 외교적 측면이 두드러진다.,period1
141,Seoul: A Cultural and Strategic Hub,THREAT,0.8,"텍스트는 서울의 군사 방어 시스템과 북한과의 상호작용을 언급하며, 지정학적 긴장과 전략적 중요성을 강조하고 있어 군사적 위협 프레임에 해당한다.",period1
142,US Geological Survey and Aftershocks Monitoring,NEUTRAL,0.8,"텍스트는 미국 지질 조사국의 역할과 지진 후 여진 모니터링에 대한 정보를 제공하며, 특정한 정치적 입장이나 감정을 강조하지 않기 때문에 중립적 정보 전달로 분류된다.",period1
143,North Korea Nuclear Testing Community,THREAT,0.9,텍스트는 북한의 핵 시험 활동과 그로 인한 국제적 긴장 및 인적 비용을 강조하고 있어 군사적 위협을 부각시키고 있습니다.,period1
144,Comprehensive Nuclear Test Ban Treaty Organization and Seismic Monitoring,NEUTRAL,0.85,"텍스트는 핵실험 및 지진 활동 모니터링에 대한 정보를 전달하고 있으며, 특정한 위협이나 외교적 협력의 강조 없이 중립적인 내용을 담고 있습니다.",period1
145,Afghanistan and Military Strategies,THREAT,0.85,"텍스트는 군사 개입과 지리 정치 전략에 대한 논의를 중심으로 하며, 특히 핵무기와 상호 확증 파괴 이론을 언급하고 있어 군사적 위협을 강조하고 있다.",period1
146,"Geopolitical Dynamics of Pakistan, Libya, and the USA",THREAT,0.8,"텍스트는 핵 확산과 테러리즘을 언급하며, 이는 군사적 위협과 관련된 주제이기 때문에 위협 프레임으로 분류됩니다.",period1
147,United Kingdom and NATO's Engagement with North Korea,THREAT,0.9,"텍스트는 북한의 행동이 지역 및 글로벌 안보에 미치는 영향을 강조하며, 군사적 고려사항과 전략적 연계를 다루고 있어 군사적 위협 프레임에 해당한다.",period1
148,Brazil and International Security Dynamics,THREAT,0.85,"텍스트는 북한의 위협과 관련된 군사적 요소를 강조하고 있으며, 특히 유엔 안전 보장 이사회와 NATO의 사이버 전쟁 전략을 언급하고 있어 군사적 위협 프레임에 적합하다.",period1
149,Edward Luttwak and Military Analysis Community,THREAT,0.85,"텍스트는 군사 전략과 외교 정책에 대한 분석을 다루고 있으며, 특히 군사적 맥락에서의 논의가 강조되고 있어 군사적 위협과 관련된 프레임으로 분류된다.",period1
150,U.S. North Korea Policy and Diplomatic Dynamics,DIPLOMACY,0.8,"텍스트는 미국과 북한 간의 외교적 노력과 긴장 완화를 위한 시도를 강조하고 있으며, 협상과 대화의 가능성을 내포하고 있습니다.",period1
151,Shinzo Abe and Japan's Political Landscape,THREAT,0.8,텍스트는 일본의 정치적 환경과 아베 신조의 국가 안보 및 북한과의 관계에 대한 언급을 포함하고 있어 군사적 위협과 관련된 요소를 강조하고 있습니다.,period1
152,North Korea and Japan's Security Dynamics,THREAT,0.9,텍스트는 북한의 핵 실험과 관련된 긴장과 갈등 가능성을 강조하고 있어 군사적 위협을 중심으로 하고 있습니다.,period1
153,"Kuwait, Iraq, and North Korea Relations",THREAT,0.85,텍스트는 군사적 행동과 북한의 핵 능력에 대한 긴장을 강조하고 있어 군사적 위협 프레임에 해당합니다.,period1
154,John Kelly and Military Insights,THREAT,0.8,텍스트는 군사적 전략과 병력 배치에 대한 논의가 포함되어 있어 군사적 위협을 강조하는 프레임으로 분류될 수 있다.,period1
155,U.S. Engagement with North Korea: Key Figures and Policies,DIPLOMACY,0.8,"텍스트는 미국의 북한과의 관계 및 외교적 노력에 대한 내용을 다루고 있으며, 협상과 대화의 가능성을 강조하고 있습니다.",period1
156,World War III and Key Political Figures,THREAT,0.9,"텍스트는 세계 3차 대전과 북한, 미국 간의 지정학적 긴장 및 핵 위협을 강조하고 있어 군사적 위협 프레임으로 분류된다.",period1
157,European Union and Germany's Geopolitical Dynamics,THREAT,0.8,텍스트에서 국제 관계와 글로벌 안보 위협에 대한 언급이 있어 군사적 위협과 관련된 프레임으로 분류됨.,period1
158,Chris Murphy and Senate Foreign Relations Committee,DIPLOMACY,0.9,텍스트는 외교적 해결책과 군사적 행동에 대한 예방 조치를 강조하고 있어 외교 프레임에 해당합니다.,period1
159,Clintons and Republicans in American Politics,NEUTRAL,0.8,"텍스트는 클린턴과 공화당 간의 정치적 역학을 설명하며, 특정한 위협이나 협상, 경제적 측면을 강조하지 않고 중립적인 정보 전달에 초점을 맞추고 있다.",period1
160,North Korea Diplomatic Community,DIPLOMACY,0.85,텍스트는 북한의 미사일 위협과 핵 프로그램에 대한 국제적 노력과 외교적 관계를 강조하고 있어 협상과 대화의 중요성을 부각시키고 있습니다.,period1
161,Trump Evangelical Advisory Community,NEUTRAL,0.8,"텍스트는 정치적 결정에 대한 종교적 및 도덕적 프레임워크의 영향을 설명하고 있으며, 특정한 위협이나 협상, 경제적 측면을 강조하지 않고 중립적인 정보를 전달하고 있습니다.",period1
162,Obamacare and Healthcare Reform Community,NEUTRAL,0.9,"텍스트는 Obamacare와 의료 개혁에 대한 중립적인 정보 전달을 포함하고 있으며, 특정한 위협이나 협력 가능성을 강조하지 않음.",period1
163,Amnesty International and Metro Relations,NEUTRAL,0.9,"텍스트는 Amnesty International과 Metro 간의 관계를 중립적으로 설명하며, 인권 문제나 군사적 위협 등 특정한 프레임을 강조하지 않는다.",period1
164,New York and Hostage Policy Community,THREAT,0.9,"텍스트는 북한의 미사일 능력과 관련된 위협을 강조하고 있으며, 이는 군사적 위협과 관련된 내용으로 분류됩니다.",period1
165,"U.S. Foreign Policy Community: POTUS, State Department, and Key Influencers",DIPLOMACY,0.8,"텍스트는 미국의 외교 정책과 관련된 복잡한 관계를 다루며, 특히 북한과 러시아와의 외교적 전략과 협력 가능성을 강조하고 있습니다.",period1
166,U.S. Maritime Strategy Against North Korea,ECONOMIC,0.8,"텍스트는 북한에 대한 제재를 시행하기 위한 미국의 해양 전략에 초점을 맞추고 있으며, 경제적 측면에서의 제재와 관련된 내용을 강조하고 있습니다.",period1
167,EPA and Environmental Regulation Community,NEUTRAL,0.9,"텍스트는 EPA의 역할과 환경 규제에 대한 정보를 전달하고 있으며, 특정한 정치적 입장이나 감정을 강조하지 않기 때문에 중립적 정보로 분류됩니다.",period1
168,Midterms and DNC: Political Dynamics,NEUTRAL,0.9,"텍스트는 미국의 중간 선거와 민주당 전국 위원회(DNC)에 대한 중립적인 정보를 전달하고 있으며, 특정한 위협이나 외교적 요소를 강조하지 않는다.",period1
169,Mueller Investigation and Key Figures,NEUTRAL,0.9,"텍스트는 Mueller 조사와 관련된 인물 및 사건에 대한 중립적인 정보를 전달하고 있으며, 특정한 정치적 견해나 감정을 강조하지 않음.",period1
0,North Korea and Regional Security Dynamics,THREAT,0.9,텍스트는 북한의 핵 야망과 군사 행동이 지역 및 글로벌 안정성에 미치는 위험을 강조하고 있어 군사적 위협 프레임으로 분류됩니다.,period1
1,North Korea: A Nuclear Pariah State,THREAT,0.85,"텍스트는 북한의 군사적 능력과 핵 프로그램이 글로벌 안전에 미치는 위협을 강조하고 있으며, 이는 군사적 위협 프레임에 해당한다.",period1
2,North Korea and Key International Players,DIPLOMACY,0.8,"텍스트는 북한과 주요 국제 플레이어 간의 외교적 노력과 관계를 강조하고 있으며, 협상과 대화의 가능성을 내포하고 있다.",period1
3,North Korea's Nuclear Landscape: Punggye-ri and Its Implications,THREAT,0.8,텍스트는 북한의 핵 활동과 관련된 군사적 능력 및 지역 및 글로벌 안보에 미치는 영향을 강조하고 있어 군사적 위협 프레임으로 분류됩니다.,period1
4,North Korea's Nuclear Test Community,THREAT,0.9,"텍스트는 북한의 핵 실험과 그로 인한 지진을 언급하며, 핵무기의 진화와 글로벌 안보에 대한 함의를 강조하고 있어 군사적 위협을 부각시키고 있다.",period1
5,"Axis of Evil: North Korea, Iran, and Iraq",THREAT,0.9,"텍스트는 'Axis of Evil'이라는 용어를 사용하여 북한, 이란, 이라크의 군사적 위협과 국제 안보에 미치는 영향을 강조하고 있습니다.",period1
6,Blackout Bomb and EMP Technology Community,THREAT,0.8,"텍스트는 북한의 전기 시스템을 방해하는 비살상 무기인 블랙아웃 폭탄에 대해 언급하고 있으며, 이는 군사적 위협을 암시한다.",period1
7,North Korean Regime and Its Key Figures,NEUTRAL,0.8,"텍스트는 북한 정권과 주요 인물들에 대한 정보를 제공하며, 군사적 전략과 문화 외교를 언급하지만 특정한 위협이나 협상 가능성을 강조하지 않기 때문에 중립적인 정보 전달로 분류됩니다.",period1
8,Geopolitical Dynamics of North Korea and Key Influencers,DIPLOMACY,0.7,텍스트는 북한의 핵 야망에 대한 국제적 반응을 형성하는 외교적 노력과 군사적 준비 상태를 언급하고 있어 협상과 대화의 가능성을 강조하고 있습니다.,period1
9,Business Insider and North Korea Relations,DIPLOMACY,0.9,"텍스트는 북한의 미국과의 대화 의지를 강조하며, 외교적 관계와 협력 가능성에 초점을 맞추고 있다.",period1
10,House and Defense Bill in Response to North Korea,THREAT,0.9,텍스트는 북한의 위협에 대응하기 위한 방어 법안의 통과를 강조하고 있어 군사적 위협과 국제 안전 문제에 초점을 맞추고 있습니다.,period1
11,Italy's Diplomatic Actions Against North Korea,DIPLOMACY,0.85,"텍스트는 이탈리아의 외교적 행동과 북한에 대한 외교적 입장을 강조하고 있으며, 협상과 대화의 가능성을 내포하고 있습니다.",period1
12,Korean Peninsula Peace Agreements,DIPLOMACY,0.9,"텍스트는 평화와 안정에 대한 논의와 협력의 가능성을 강조하고 있으며, 이는 외교적 접근을 나타냅니다.",period1
13,North Korean Defectors and the DMZ,HUMANITARIAN,0.8,텍스트는 북한 탈북자들의 경험과 그들의 위험한 여정을 강조하며 인권과 개인의 용기를 다루고 있어 인도적 관점이 두드러진다.,period1
14,Seoul: A Cultural and Strategic Hub,THREAT,0.85,텍스트는 서울이 북한과의 정치적 긴장과 군사적 위협에 연결되어 있음을 강조하고 있어 군사적 위협 프레임에 해당합니다.,period1
15,Asia Society Policy Institute and Daniel Russel,DIPLOMACY,0.8,"텍스트는 Daniel Russel의 외교 경험을 강조하며, 아시아 정책 문제와 관련된 논의에 영향을 미치는 내용을 담고 있어 협상과 대화의 가능성을 나타냅니다.",period1
16,Justice Thomas Buergenthal and Auschwitz,HUMANITARIAN,0.9,"텍스트는 인권 문제와 북한 주민의 인권 유린을 강조하고 있으며, 부에르겐탈의 경험을 통해 이러한 문제를 연결짓고 있습니다.",period1
17,Banghyon Airfield and Kusong,THREAT,0.9,텍스트는 Banghyon Airfield가 미사일 발사 장소로서의 군사적 중요성을 강조하고 있어 군사적 위협 프레임에 해당합니다.,period1
18,Lazarus Group and Cyber Attacks,THREAT,0.85,"텍스트는 북한과 관련된 해킹 조직의 사이버 공격을 강조하며, 이러한 행동의 지정학적 의미를 언급하고 있어 군사적 위협과 관련된 프레임으로 분류됩니다.",period1
19,Ben Cardin and the Foreign Relations Committee,ECONOMIC,0.8,"텍스트는 Ben Cardin과 외교 관계 위원회의 역할을 언급하며, 특히 제재의 시행에 대한 그의 영향력을 강조하고 있어 경제적 측면이 부각된다.",period1
20,North Korea Nuclear Testing Community,THREAT,0.85,"텍스트는 북한의 핵 실험이 지역 및 글로벌 안보에 미치는 영향을 강조하고 있으며, 이는 군사적 위협과 관련된 내용으로 해석될 수 있습니다.",period1
21,North Korea's Hwasong-15 Missile Threat,THREAT,0.95,"텍스트는 북한의 Hwasong-15 미사일이 미국의 국가 안보에 미치는 위협을 강조하고 있으며, 군사적 능력의 발전과 국제적 함의에 대해 논의하고 있습니다.",period1
22,North Korea and the House of Peace,DIPLOMACY,0.9,텍스트는 북한과 남한 간의 외교적 상호작용과 평화 및 화해 노력을 강조하고 있어 외교 프레임에 해당합니다.,period1
23,U.S. Senate Banking Committee and North Korea Sanctions,ECONOMIC,0.9,"텍스트는 북한에 대한 제재와 관련된 법안 제정 과정을 다루고 있으며, 이는 경제적 측면을 강조하고 있습니다.",period1
24,Civil Defense and Nuclear Survival Community,THREAT,0.9,텍스트는 핵전쟁과 관련된 생존 전략과 준비 태세를 강조하고 있어 군사적 위협을 다루고 있다.,period1
25,Ford-Class Carriers and Advanced Weaponry,THREAT,0.9,"텍스트는 포드급 항공모함과 첨단 군사 기술의 개발을 강조하며, 이는 군사적 위협과 관련된 내용으로 해석될 수 있다.",period1
26,North Korean Political Landscape: Kim Yong Nam and U.S. Relations,DIPLOMACY,0.85,"텍스트는 북한 정치 풍경과 미국 정부 간의 관계를 다루며, 국제 외교의 복잡성을 강조하고 있어 협상과 대화의 가능성을 나타냅니다.",period1
27,"Geopolitical Dynamics: North Korea, Afghanistan, and Nuclear Proliferation",THREAT,0.85,"텍스트는 군사적 개입과 핵 확산에 대한 우려를 강조하고 있으며, 이는 군사적 위협을 나타냅니다.",period1
28,North Korea and Global Security Dynamics,THREAT,0.85,"텍스트는 북한의 핵 위협과 군사적 전략을 강조하며, 국제적 긴장과 갈등 가능성을 언급하고 있기 때문에 위협 프레임으로 분류된다.",period1
29,Hiroshima and Nagasaki: Legacy of Nuclear Warfare,HUMANITARIAN,0.8,텍스트는 히로시마와 나가사키의 핵폭탄 피해와 그로 인한 공공 건강 및 정책에 대한 지속적인 영향을 강조하고 있어 인권 및 주민 문제와 관련이 깊다.,period1
30,Hunger Crisis in North Korea,HUMANITARIAN,0.9,"텍스트는 북한 시민과 군인들의 심각한 기아 위기를 다루고 있으며, 인권과 주민 문제에 초점을 맞추고 있다.",period1
31,Jocko Willink and North Korea Insights,DIPLOMACY,0.8,텍스트는 북한의 정권에 대한 전략적 논의와 국제 관계에 대한 담론 형성을 강조하고 있어 협상과 대화의 가능성을 내포하고 있다.,period1
32,Kilju and North Korean Nuclear Defectors,HUMANITARIAN,0.85,텍스트는 북한의 핵 활동과 관련된 인권 문제 및 탈북자의 경험을 강조하고 있어 인도적 관점에서의 프레임으로 분류됩니다.,period1
33,North Korean Army and Malnutrition,HUMANITARIAN,0.85,"텍스트는 북한 군대의 영양 부족 문제와 그로 인한 영향에 대해 다루고 있으며, 이는 인권과 관련된 문제로 볼 수 있다.",period1
34,Los Alamos National Laboratory and Siegfried S. Hecker,THREAT,0.85,"텍스트는 로스앨러모스 국립연구소와 핵무기 개발에 대한 기여를 강조하고 있으며, 이는 군사적 위협과 관련된 내용을 포함하고 있다.",period1
35,Nuclear Strategy Community: MAD and Its Implications,THREAT,0.9,텍스트는 상호 확증 파괴(MAD)와 핵전쟁의 결과에 초점을 맞추고 있어 군사적 위협을 강조하고 있습니다.,period1
36,VX Gas and the Malaysia Assassination,THREAT,0.9,텍스트는 VX 가스의 사용과 북한의 군사적 능력에 대한 보안 우려를 강조하고 있어 군사적 위협 프레임에 해당합니다.,period1
37,Mental DDoS and Terrorism,THREAT,0.85,"텍스트는 사이버 위협과 전통적인 테러리즘의 관계를 강조하며, 보안과 공공 안전에 대한 우려를 나타내고 있습니다.",period1
38,Ok Ryu Gwan and Naengmyun Community,NEUTRAL,0.9,"텍스트는 북한의 음식 문화와 관련된 정보를 중립적으로 전달하고 있으며, 정치적 또는 군사적 요소가 포함되어 있지 않음.",period1
39,World Bank and Rothschilds in Global Finance,ECONOMIC,0.9,"텍스트는 세계은행과 로스차일드 가문의 경제적 역할과 개발도상국, 특히 북한과의 경제적 관계를 강조하고 있어 경제적 프레임으로 분류된다.",period1
40,Trump White House and North Korean Facility,THREAT,0.8,텍스트는 트럼프 행정부와 북한 시설 간의 관계가 국제적 긴장과 안보 논의를 강조하고 있어 군사적 위협의 요소가 포함되어 있다.,period1
41,Thailand and North Korea Relations,ECONOMIC,0.9,"텍스트는 태국의 북한과의 무역 관계에 대한 공식 입장을 강조하고 있으며, 이는 경제 제재와 무역 측면과 관련이 있습니다.",period1
42,Yellow Sea and Trans-Siberian Rail Trade Network,ECONOMIC,0.9,"텍스트는 무역 경로와 관련된 내용을 강조하고 있으며, 경제적 측면에서의 연결성을 다루고 있기 때문에 경제 프레임으로 분류됩니다.",period1
151,North Korea and International Security Dynamics,THREAT,0.9,텍스트는 북한의 군사적 능력과 핵무기 프로그램이 지역 및 글로벌 안보에 미치는 위협을 강조하고 있기 때문입니다.,period2
152,North Korea's Ballistic Missile Threat and Onodera's Stance,THREAT,0.9,"텍스트는 북한의 탄도 미사일 프로그램과 그로 인한 지역 안보 위협을 강조하고 있으며, 군사적 위협의 맥락에서 논의되고 있다.",period2
137,North Korea: Nuclear Threat and Diplomatic Challenges,THREAT,0.9,"텍스트는 북한의 핵 야망과 군사적 능력을 강조하며, 국제 관계의 복잡성과 지역 및 글로벌 안보에 미치는 영향을 언급하고 있어 군사적 위협의 프레임에 해당합니다.",period2
138,North Korea's Nuclear Weapons and IAEA Oversight,THREAT,0.9,"텍스트는 북한의 핵무기 프로그램과 군사 전략을 강조하고 있으며, 이는 군사적 위협의 맥락에서 다루어지고 있습니다.",period2
139,Human Rights Act and Economic Improvements in North Korea,HUMANITARIAN,0.9,"텍스트는 북한의 인권 문제와 경제 개선의 관계를 다루고 있으며, 인권과 생활 조건 향상에 중점을 두고 있습니다.",period2
140,US-South Korea Defense and Diplomacy Community,DIPLOMACY,0.85,"텍스트는 미국, 한국, 북한 간의 외교적 협상과 평화 노력을 강조하고 있으며, 군사적 요소와 방어 조약도 언급하지만 주된 초점은 외교적 관계에 있다.",period2
141,U.S. Military and American GOP,THREAT,0.8,텍스트는 미국 군사와 외국 개입 및 국가 안보 전략에 대한 정치적 결정의 영향을 강조하고 있어 군사적 위협과 관련된 프레임으로 분류됩니다.,period2
142,Second Summit and Hanoi Hilton,DIPLOMACY,0.9,"텍스트는 북미 간의 외교적 노력과 대화의 복잡성을 강조하고 있으며, 특히 비핵화와 관련된 논의에 초점을 맞추고 있습니다.",period2
143,Nobel Peace Prize and Bank Robber Nomination,NEUTRAL,0.8,"텍스트는 노벨 평화상과 은행 강도의 지명에 대한 논란을 다루며, 평화 노력에 대한 기여의 복잡성을 설명하고 있어 중립적인 정보 전달로 분류됩니다.",period2
144,U.S.-North Korea Diplomatic Community,DIPLOMACY,0.9,"텍스트는 미국과 북한 간의 외교적 관계와 대화, 평화, 협력 가능성을 강조하고 있으며, 특히 트럼프-김 정상회담과 같은 외교적 사건을 언급하고 있습니다.",period2
145,Fox News and Political Discourse,NEUTRAL,0.8,"텍스트는 Fox News와 정치적 담론의 관계를 설명하며, 특정한 위협이나 협상, 경제적 측면을 강조하지 않고 중립적인 정보를 전달하고 있다.",period2
146,U.S.-North Korea Diplomatic Community,DIPLOMACY,0.9,"텍스트는 미국과 북한 간의 외교 관계와 협상, 평화, 비핵화에 대한 전략적 논의에 중점을 두고 있어 외교적 프레임으로 분류됩니다.",period2
147,Pentagon and Nuclear Football Community,THREAT,0.9,텍스트는 핵무기와 군사 전략의 중요성을 강조하고 있어 군사적 위협 프레임에 해당합니다.,period2
148,Republicans and the Benghazi Controversy,NEUTRAL,0.8,"텍스트는 정치적 논의와 당의 역학에 대한 중립적인 정보를 전달하고 있으며, 특정한 위협이나 협상, 경제적 측면, 인권 문제를 강조하지 않습니다.",period2
149,Kim Jong-un and North Korea's Nuclear Ambitions,THREAT,0.9,"텍스트는 김정은과 북한의 핵 전략을 강조하며, 이는 군사적 위협과 국제 관계에 미치는 영향을 시사하고 있습니다.",period2
150,Summit and Its Cultural Commentary,NEUTRAL,0.8,"텍스트는 정상 회담에 대한 문화적 논평을 다루고 있으며, 정치적 담론과 오락의 교차점을 강조하지만 군사적 위협이나 외교적 협상, 경제적 측면, 인도적 문제에 대한 언급은 없다.",period2
86,North Korea Nuclear Tests and Disarmament Negotiations,DIPLOMACY,0.85,"텍스트는 북한의 핵 실험과 국제적인 군축 협상, 특히 미국과의 관계를 언급하며 협상과 대화의 가능성을 강조하고 있습니다.",period2
87,US-North Korea Peace Treaty Community,DIPLOMACY,0.9,"텍스트는 평화 조약을 중심으로 한 협상과 대화의 가능성을 강조하고 있으며, 국제 협력의 복잡성을 다루고 있습니다.",period2
88,Impact of Sanctions on North Korea's Public Health and Humanitarian Aid,HUMANITARIAN,0.9,"텍스트는 북한의 공공 건강과 인도적 지원에 대한 제재의 영향을 다루고 있으며, 인권과 난민 문제를 강조하고 있습니다.",period2
89,Slack and US Regulations Compliance,ECONOMIC,0.85,텍스트는 Slack이 미국의 제재 규정을 준수하는 과정에서의 법적 틀과 관련하여 언급하고 있어 경제적 측면을 강조하고 있습니다.,period2
90,North Korea: Nuclear Ambitions and Regional Tensions,THREAT,0.9,텍스트는 북한의 군사적 힘과 핵 능력에 대한 강조를 통해 지역 및 글로벌 안보에 미치는 위협을 다루고 있습니다.,period2
91,US-South Korea Alliance and North Korean Relations,THREAT,0.8,텍스트는 북한의 핵 위협과 군사 동맹을 강조하고 있어 군사적 위협 프레임에 해당합니다.,period2
92,US-North Korea Talks and Nuclear Crisis,DIPLOMACY,0.9,"텍스트는 미국과 북한 간의 대화와 협상 노력을 강조하며, 북한의 핵 프로그램과 관련된 문제를 해결하려는 외교적 노력을 다루고 있습니다.",period2
93,Korean Peninsula Diplomacy: Moon Jae-in and Key Leaders,DIPLOMACY,0.95,"텍스트는 한국 반도체의 외교적 노력과 평화 협상에 대한 내용을 강조하고 있으며, 대화와 협력의 중요성을 부각시키고 있습니다.",period2
94,Eastern Economic Forum and Vladivostok,ECONOMIC,0.9,"텍스트는 경제 협력과 국제 경제 대화에 중점을 두고 있으며, 동부 경제 포럼을 중심으로 한 논의를 강조하고 있습니다.",period2
95,Moon Jae-in and North Korea Diplomatic Efforts,DIPLOMACY,0.9,"텍스트는 문재인 대통령의 북한과의 관계 개선을 위한 외교적 노력을 강조하고 있으며, 대화와 협력의 가능성을 중심으로 다루고 있기 때문입니다.",period2
96,Trump-Kim Summit and Associated Entities,DIPLOMACY,0.9,"텍스트는 트럼프-김 정상 회담을 중심으로 하며, 외교적 사건과 협력 가능성을 강조하고 있습니다.",period2
97,Singapore's Role in the Trump-Kim Summit,DIPLOMACY,0.9,텍스트는 싱가포르가 트럼프-김 정상 회담을 주최한 역할과 국제 외교에서의 평화 증진을 강조하고 있어 협상과 대화의 가능성을 부각시키고 있습니다.,period2
98,U.S.-North Korea Diplomatic Community,DIPLOMACY,0.85,텍스트는 미국과 북한 간의 외교 관계와 평화 및 비핵화 노력을 강조하고 있어 협상과 대화의 중요성을 부각시키고 있다.,period2
99,Historic Summit and North-South Summit,DIPLOMACY,0.95,"텍스트는 남북 정상 회담과 같은 외교적 참여를 강조하며, 평화와 협력을 중심으로 한 관계 개선을 다루고 있습니다.",period2
100,North Korea: Human Rights and Nuclear Disarmament,HUMANITARIAN,0.9,"텍스트는 북한의 인권 문제와 관련된 내용이 강조되고 있으며, 인권 침해와 핵무기 문제의 상호작용이 언급되고 있어 인도적 측면이 두드러진다.",period2
101,Otto Warmbier and North Korea Relations,HUMANITARIAN,0.9,"텍스트는 오토 웜비어의 사례를 통해 북한의 인권 침해 문제를 강조하고 있으며, 그의 죽음이 북한 정권에 대한 법적 조치와 언론의 주목을 이끌어냈음을 언급하고 있습니다.",period2
102,Korean People's Army and Military Reshuffle,THREAT,0.8,"군사적 재편성이 군대의 구조와 전략에 영향을 미치며, 이는 군사적 위협과 관련된 맥락에서 중요하게 다루어질 수 있기 때문입니다.",period2
103,Norkistan and K-Pop Cultural Dynamics,NEUTRAL,0.9,"텍스트는 북한과 한국의 문화적 교류에 대한 정보를 중립적으로 전달하고 있으며, 특정한 정치적 입장이나 감정을 강조하지 않고 있습니다.",period2
104,Japan's Geopolitical Landscape and Security Dynamics,NEUTRAL,0.8,"텍스트는 일본의 지정학적 환경과 안보 역학에 대한 중립적인 정보를 제공하며, 특정한 위협이나 협상, 경제적 측면을 강조하지 않는다.",period2
105,Japan's Defense Budget and Aegis Ashore System,THREAT,0.9,"텍스트는 일본의 방위 예산과 Aegis Ashore 미사일 방어 시스템을 강조하며, 북한과 중국으로부터의 지역적 위협에 대한 일본의 전략적 대응을 반영하고 있습니다.",period2
106,U.S.-North Korea Diplomatic Community,DIPLOMACY,0.9,"텍스트는 미국과 북한 간의 외교적 관계와 협상 노력을 강조하고 있으며, 평화와 협력의 가능성에 초점을 맞추고 있습니다.",period2
107,"Bill Clinton, Disney, and Bob Iger: A Diplomatic and Corporate Nexus",DIPLOMACY,0.9,"텍스트는 외교적 관계와 협상, 국제적 맥락을 강조하고 있어 외교 프레임으로 분류됩니다.",period2
108,US-North Korea Summit and Vietnam's Diplomatic Role,DIPLOMACY,0.9,"텍스트는 미국과 북한 간의 정상 회담과 베트남의 외교적 역할을 강조하며, 협상과 대화의 중요성을 부각시키고 있습니다.",period2
109,Michael Cohen and Congress Testimony,NEUTRAL,0.9,"텍스트는 마이클 코헨의 의회 증언과 관련된 정보를 중립적으로 전달하고 있으며, 특정한 정치적 프레임을 강조하지 않습니다.",period2
110,Pence and the Asian Summit,DIPLOMACY,0.8,"텍스트는 아시아 정상 회의에서의 대화와 협력 가능성을 강조하며, 특히 미국의 지역 문제에 대한 참여를 언급하고 있습니다.",period2
111,"Putin, Crimea, and North Korean Pipeline Dynamics",THREAT,0.8,텍스트는 우크라이나의 크림 반도 합병과 관련된 지정학적 함의 및 미국의 외교 정책과 지역 안보 동역학을 강조하고 있어 군사적 위협의 요소가 포함되어 있다.,period2
112,Kim Jong-il and Hennessy Cognac,HUMANITARIAN,0.85,텍스트는 북한 지도자들의 사치와 북한 주민들의 고난을 대비시키며 인권 및 사회적 불평등 문제를 강조하고 있습니다.,period2
113,US-North Korea Diplomatic Community,DIPLOMACY,0.8,"텍스트는 미국-북한 정상 회담과 외교적 노력을 강조하며, 핵 위협을 해결하고 국제 관계를 개선하려는 시도를 다루고 있습니다.",period2
114,DPRK Citizens and Cold Noodles,NEUTRAL,0.9,"텍스트는 북한 주민들의 문화적 정체성과 관련된 정보를 중립적으로 전달하고 있으며, 정치적 또는 군사적 요소가 포함되어 있지 않다.",period2
115,Kim Jong-un and North Korea's Nuclear Ambitions,THREAT,0.8,"텍스트는 북한의 핵 야망과 관련된 군사적 전략을 강조하고 있으며, 이는 군사적 위협을 암시한다.",period2
116,North Korean Military Executions: Firing Squad and Korean People's Army,HUMANITARIAN,0.85,"텍스트는 북한의 군사적 처형과 관련된 인권 문제를 다루고 있으며, 북한 주민의 고통과 권리 침해를 강조하고 있습니다.",period2
117,U.S.-North Korea Denuclearization Community,DIPLOMACY,0.9,"텍스트는 미국과 북한 간의 외교적 관계와 비핵화 노력을 강조하고 있으며, 협상과 국제적 동역학에 초점을 맞추고 있습니다.",period2
118,U.S.-North Korea Diplomatic Community,DIPLOMACY,0.9,"텍스트는 미국과 북한 간의 대화와 협상에 초점을 맞추고 있으며, 외교적 접근을 강조하고 있습니다.",period2
119,US-North Korea Relations and War Remains Excavation,THREAT,0.8,텍스트에서 THAAD 미사일 방어 시스템과 관련된 군사적 긴장과 전쟁 유적 발굴 프로그램을 언급하며 군사적 위협의 요소를 강조하고 있기 때문입니다.,period2
120,Afghanistan and Iraq: A Geopolitical Nexus,NEUTRAL,0.8,"텍스트는 아프가니스탄과 이라크의 역사적 맥락과 미국의 군사적 개입에 대한 중립적인 정보를 제공하고 있으며, 특정한 위협이나 외교적 해결책을 강조하지 않기 때문입니다.",period2
121,Iran Deal and Its Diplomatic Impact,DIPLOMACY,0.9,"텍스트는 이란 핵 협정과 국제 외교의 복잡성을 강조하고 있으며, 협상과 대화의 중요성을 다루고 있습니다.",period2
122,Shinzo Abe and Xi Jinping: Diplomatic Dynamics in East Asia,DIPLOMACY,0.85,"텍스트는 아베 신조와 시진핑 간의 외교적 상호작용과 협력 가능성을 강조하고 있으며, 특히 양국 간의 관계 강화를 다루고 있기 때문에 외교 프레임으로 분류된다.",period2
123,China's Influence in East Asia: Geopolitical Dynamics,NEUTRAL,0.8,"텍스트는 중국의 영향력과 동아시아의 지정학적 역학을 설명하고 있으며, 특정한 위협이나 협상, 경제적 측면을 강조하지 않고 중립적인 정보를 전달하고 있다.",period2
124,Goguryeo and Its Alliances,THREAT,0.8,"텍스트는 고구려의 군사적 강점과 전략적 동맹을 강조하며, 역사적 갈등을 언급하고 있어 군사적 위협의 맥락을 내포하고 있습니다.",period2
125,Xiongnu and Wiman Joseon Alliance,THREAT,0.85,"텍스트는 Xiongnu와 Wiman Joseon 간의 동맹이 한나라에 대한 군사적 대응을 포함하고 있으며, 이는 군사적 위협과 정치적 함의를 강조하고 있기 때문입니다.",period2
126,Impact of Pandora on South Korea's Nuclear Policy,DIPLOMACY,0.8,"텍스트는 한국의 핵 정책과 관련하여 대화와 협력의 가능성을 강조하며, 영화 'Pandora'가 정치적 결정에 미치는 영향을 다루고 있습니다.",period2
127,Kangson Uranium Enrichment Plant and Intelligence Analysis,THREAT,0.9,텍스트는 북한의 핵 능력과 국제적인 우려를 강조하고 있어 군사적 위협의 프레임에 해당합니다.,period2
128,Four Commanderies of Han and Sima Yi,THREAT,0.8,"텍스트는 군사적 결정과 역사적 맥락을 강조하며, 이는 군사적 위협과 관련된 내용을 포함하고 있기 때문입니다.",period2
129,Korea: Geopolitical Dynamics and Nuclear Strategies,THREAT,0.8,"텍스트는 한국 반도체의 군사적 능력과 국제 관계의 영향을 강조하며, 특히 핵무기와 관련된 전략적 측면을 다루고 있어 군사적 위협 프레임에 해당한다.",period2
130,U.S.-South Korea Joint Military Exercises and North Korea Relations,THREAT,0.8,"텍스트는 군사적 준비 태세와 관련된 공동 군사 훈련을 강조하며, 이는 군사적 위협과 관련된 요소로 해석될 수 있다.",period2
131,Trump Administration and Nuclear Negotiations,DIPLOMACY,0.85,텍스트는 북한과의 비핵화 노력 및 국제 협상 복잡성을 강조하고 있어 외교적 접근을 다루고 있습니다.,period2
132,Intelligence Community and Obama's Iran Deal,THREAT,0.8,"텍스트는 이란의 핵 프로그램과 관련된 외교 정책 접근 방식의 내부 분열을 언급하며, 이는 군사적 위협과 관련된 문제를 암시하고 있다.",period2
133,Russia's Geopolitical Influence in Northeast Asia,DIPLOMACY,0.8,"텍스트는 러시아의 북한 및 기타 국가들과의 복잡한 관계와 협력 가능성을 강조하고 있으며, 외교적 전략을 다루고 있다.",period2
134,UN Security Council and Nikki R. Haley,DIPLOMACY,0.8,"UN Security Council의 역할과 Nikki R. Haley의 관계가 국제 평화와 안보 유지, 갈등 해결에 초점을 맞추고 있기 때문입니다.",period2
135,U.S. and North Korea Denuclearization Dynamics,DIPLOMACY,0.8,"텍스트는 북한과 미국 간의 비핵화 협상과 외교적 관계를 강조하고 있으며, 대화와 협력의 가능성을 내포하고 있습니다.",period2
136,North Korean Nuclear Summit and U.S. Envoy,DIPLOMACY,0.9,"텍스트는 북한의 핵무기 문제에 대한 협상과 대화의 중요성을 강조하고 있으며, 외교적 노력을 중심으로 다루고 있습니다.",period2
18,Korean Peninsula and Its Historical Context,THREAT,0.8,"텍스트는 군사적 긴장과 관련된 내용을 포함하고 있으며, 한국 반도체의 역사적 맥락과 현재의 지정학적 동향을 강조하고 있어 위협 프레임에 적합하다.",period2
19,"U.S. Foreign Policy Perspectives: Bolton, Graham, and Paul",DIPLOMACY,0.7,"텍스트는 북한과의 외교 정책 및 비핵화 전략에 대한 논의를 다루고 있으며, 협상과 대화의 가능성을 암시하고 있다.",period2
20,Clinton and the Obama Administration's North Korea Policies,DIPLOMACY,0.9,텍스트는 클린턴과 오바마 행정부의 북한 정책을 비교하며 외교적 참여의 중요성을 강조하고 있어 협상과 대화의 가능성을 부각시키고 있습니다.,period2
21,DPRK and Its International Relations,THREAT,0.8,"텍스트에서 북한의 핵 야망과 권위주의적 통치를 강조하며, 이는 군사적 위협으로 해석될 수 있는 요소들이다.",period2
22,Lindsey Graham and Paul: A Political Disagreement,THREAT,0.8,"텍스트는 Lindsey Graham의 군사적 개입 주장을 강조하며, 이는 북한과 관련된 군사적 위협을 암시하고 있다.",period2
23,Sakkanmol Missile Base and North Korean Military Capabilities,THREAT,0.9,"텍스트는 북한의 미사일 프로그램과 군사적 능력을 강조하고 있으며, 이는 군사적 위협을 나타내는 내용이다.",period2
24,"India, Pakistan, and North Korea: Geopolitical Tensions",THREAT,0.9,"텍스트는 인도와 파키스탄의 핵 능력 및 북한의 핵 야망을 강조하며, 이로 인해 지역 안보에 대한 위협을 다루고 있기 때문에 위협 프레임으로 분류됩니다.",period2
25,North Korean Diplomatic Leadership: Ri Yong Ho and Kim Yong Chol,DIPLOMACY,0.9,"텍스트는 북한의 외교적 리더십과 협상 과정을 강조하고 있으며, 특히 미국과의 대화와 협력 가능성을 다루고 있습니다.",period2
26,North Korea Nuclear Test Site and Mount Mantap,THREAT,0.9,"텍스트는 북한의 핵무기 시험과 관련된 국제적 우려를 강조하고 있으며, 이는 군사적 위협과 관련된 내용이다.",period2
27,North Korean Military Leadership Transition,THREAT,0.8,군사적 리더십 변화가 북한의 군사 전략과 초점에 잠재적인 변화를 암시하고 있어 군사적 위협의 가능성을 강조하고 있다.,period2
28,"Nuclear Programs: North Korea, Ukraine, and South Africa",THREAT,0.8,"텍스트는 북한의 핵 프로그램과 관련하여 국제 안보에 대한 우려를 강조하고 있으며, 이는 군사적 위협과 관련된 내용으로 해석될 수 있습니다.",period2
29,North Korean Nuclear Program and Diplomatic Efforts,DIPLOMACY,0.8,"텍스트는 북한의 핵 프로그램과 관련된 외교적 노력, 특히 1994년 협정과 같은 과거의 외교적 시도를 강조하고 있어 외교적 프레임에 해당합니다.",period2
30,Missile and Europa Community Overview,THREAT,0.8,텍스트에서 'Missile'과 군사적 주제의 관계가 언급되어 있어 군사적 위협을 강조하는 프레임으로 분류됨.,period2
31,National Emergency Declarations Regarding North Korea,THREAT,0.9,"텍스트는 북한으로부터의 위협에 대한 미국 정부의 우려와 대응을 강조하고 있으며, 국가 비상 사태 선언과 관련된 법적 틀을 언급하고 있어 군사적 위협의 맥락을 포함하고 있다.",period2
32,UN Sanctions and Inter-Korean Initiatives,ECONOMIC,0.9,"텍스트는 UN 제재가 남북 경제 협력에 미치는 영향을 강조하고 있으며, 경제적 측면에 중점을 두고 있습니다.",period2
33,North Korea: Nuclear Ambitions and Regional Tensions,THREAT,0.85,"텍스트는 북한의 군사력과 핵 야망을 강조하며, 지역 긴장과 관련된 내용을 다루고 있어 군사적 위협 프레임에 적합하다.",period2
34,North Korean Summit and Historic Talks,DIPLOMACY,0.9,텍스트는 북미 정상 회담과 비핵화 및 평화를 위한 역사적 대화에 초점을 맞추고 있어 협상과 대화의 가능성을 강조하고 있습니다.,period2
35,John Bolton and the Hawk Camp,THREAT,0.9,"텍스트는 존 볼턴과 하드라인 접근을 지지하는 Hawk Camp의 관계를 강조하며, 이는 공격적인 외교 정책 전략을 형성하는 데 초점을 맞추고 있어 군사적 위협의 프레임에 해당한다.",period2
36,Pyongyang and Its Cultural Significance,NEUTRAL,0.9,"텍스트는 평양의 문화적 중요성과 관련된 정보를 중립적으로 전달하고 있으며, 군사적 위협이나 외교적 협상, 경제적 측면, 인도적 문제를 강조하지 않고 있습니다.",period2
37,US-South Korea Alliance and North Korean Relations,THREAT,0.8,텍스트는 북한의 핵 위협과 군사적 협력에 중점을 두고 있어 군사적 위협을 강조하고 있습니다.,period2
38,Moon Jae-in and the Korean Peninsula Diplomacy,DIPLOMACY,0.95,"텍스트는 문재인 전 대통령의 북한과의 관계 개선을 위한 외교적 노력을 강조하고 있으며, 평화와 안정성을 위한 외교적 상호작용을 다루고 있습니다.",period2
39,South Korea's Defense Ministry and the Demilitarized Zone,DIPLOMACY,0.8,"텍스트는 남북 관계에서의 평화 이니셔티브와 외교적 참여 가능성을 강조하고 있으며, DMZ가 긴장 완화의 상징으로 언급되고 있습니다.",period2
40,DMZ and Reconciliation Efforts,DIPLOMACY,0.85,텍스트는 군사적 긴장을 줄이고 화해를 촉진하기 위한 노력에 대해 강조하고 있어 외교적 접근을 나타냅니다.,period2
41,US Military and North Korea Relations,THREAT,0.8,텍스트는 북한의 핵 능력과 관련된 군사적 준비 상태를 강조하고 있어 군사적 위협 프레임에 해당한다.,period2
42,Military Action and Doctrine Against North Korea,THREAT,0.9,텍스트는 북한이 제기하는 위협에 대한 미국과 한국의 군사적 대응과 전략을 강조하고 있어 군사적 위협 프레임에 해당한다.,period2
43,Kim Il Sung and the Korean Confederation,DIPLOMACY,0.85,"텍스트는 한국 통일을 위한 한국 연합에 대한 논의를 강조하며, 이는 협상과 대화의 가능성을 내포하고 있다.",period2
44,Silla and the Three Kingdoms of Korea,NEUTRAL,0.9,"텍스트는 역사적 및 문화적 정보에 중점을 두고 있으며, 특정한 정치적 프레임이나 감정을 강조하지 않기 때문에 중립적으로 분류됩니다.",period2
45,Moon Administration and North Korean Diplomacy,DIPLOMACY,0.9,"텍스트는 문재인 정부의 북한과의 외교적 노력을 강조하며, 대화와 협상을 통한 평화와 안정의 중요성을 다루고 있다.",period2
46,North Korean Diplomatic Community: Kim Hyok Chol and Associates,DIPLOMACY,0.9,텍스트는 북한의 외교 커뮤니티와 핵 협상에 대한 대화와 협력의 가능성을 강조하고 있습니다.,period2
47,Trump-Kim Summit and Singapore's Diplomatic Role,DIPLOMACY,0.9,"텍스트는 트럼프-김 정상회담을 통해 평화와 협력을 강조하며, 싱가포르의 외교적 역할을 부각시키고 있습니다.",period2
48,U.S.-North Korea Diplomatic Community,DIPLOMACY,0.9,"텍스트는 미국과 북한 간의 외교 관계와 협상, 평화 노력에 초점을 맞추고 있어 외교적 프레임으로 분류됩니다.",period2
49,DPRK Summit and U.S. Negotiations,DIPLOMACY,0.9,텍스트는 북한의 핵 프로그램에 대한 협상과 외교적 관계를 강조하고 있어 외교적 프레임으로 분류됩니다.,period2
50,North Korea: Nuclear Disarmament and Leadership Dynamics,DIPLOMACY,0.8,"텍스트는 북한의 핵무기 해체와 관련된 협상 및 외교적 관계를 강조하고 있으며, 이는 평화와 협력 가능성을 나타냅니다.",period2
51,North Korean Regime and Houthi Connection,THREAT,0.9,"텍스트는 북한의 미사일 개발과 관련된 군사적 능력 및 국제적인 제재를 언급하며, 이는 군사적 위협을 강조하고 있다.",period2
52,Japan's Defense and Diplomatic Landscape,NEUTRAL,0.8,"텍스트는 일본의 방어 예산과 외교 관계에 대한 중립적인 정보를 제공하며, 특정한 위협이나 협상 강조 없이 사실을 전달하고 있다.",period2
53,Fukushima No. 1 Nuclear Plant and the March 2011 Earthquake and Tsunami,NEUTRAL,0.9,텍스트는 후쿠시마 원전 사고와 자연재해의 관계를 설명하며 중립적인 정보를 전달하고 있습니다.,period2
54,"America, Canada, and National Security Dynamics",DIPLOMACY,0.8,"텍스트는 미국과 캐나다의 외교적 관계와 안보 정책을 다루고 있으며, 특히 북한과의 관계에서 협상과 대화의 중요성을 강조하고 있습니다.",period2
55,North Korea and Geopolitical Dynamics in East Asia,THREAT,0.9,"텍스트는 북한의 핵 능력과 군사적 긴장을 강조하며, 지역 안정성에 미치는 영향을 설명하고 있어 군사적 위협 프레임에 해당한다.",period2
56,US-North Korea Summit and Diplomatic Relations,DIPLOMACY,0.9,"텍스트는 미국-북한 정상 회담과 외교 관계를 다루며, 핵 확산 문제 해결과 양자 관계 개선을 위한 외교적 협력의 복잡성을 강조하고 있습니다.",period2
57,UK and North Korea Diplomatic Relations,DIPLOMACY,0.9,"텍스트는 영국과 북한 간의 외교 관계와 대화의 중요성을 강조하고 있으며, 외교적 접촉을 통해 두 나라 간의 공식적인 관계를 언급하고 있습니다.",period2
58,US-North Korea Diplomatic Community,DIPLOMACY,0.9,텍스트는 미국과 북한 간의 외교 관계와 핵무기 비확산 논의에 중점을 두고 있어 협상과 대화의 가능성을 강조하고 있다.,period2
59,Kim Jong-un and North Korea's Nuclear Ambitions,THREAT,0.85,"텍스트는 북한의 핵 야망과 군사적 전략을 강조하고 있으며, 이는 군사적 위협과 관련된 내용으로 해석될 수 있다.",period2
60,U.S.-North Korea Diplomatic Community,DIPLOMACY,0.9,"텍스트는 미국과 북한 간의 외교 관계와 협상, 대화의 중요성을 강조하고 있으며, 주요 회의와 외교적 노력에 초점을 맞추고 있습니다.",period2
61,Dennis Rodman and the U.S.-North Korea Summit,DIPLOMACY,0.9,"텍스트는 미국과 북한 간의 정상 회담을 다루며, 외교적 사건으로서의 중요성을 강조하고 있습니다.",period2
62,Classified Information and Journalism Community,NEUTRAL,0.9,"텍스트는 언론과 기밀 정보의 상호작용을 설명하며, 특정한 정치적 입장이나 감정을 강조하지 않고 중립적인 정보를 전달하고 있습니다.",period2
63,US-North Korea Relations and War Remains Excavation,THREAT,0.8,"텍스트는 군사적 긴장과 전략적 이해관계를 강조하며, THAAD와 같은 군사 시스템의 존재가 관계를 복잡하게 만든다고 언급하고 있어 군사적 위협의 프레임이 적합하다.",period2
64,Cold War and Asian Tiger Economies,ECONOMIC,0.8,"텍스트는 냉전의 지리정치적 역학과 아시아 호랑이 경제에 미친 영향을 강조하며, 특히 경제 정책에 대한 역사적 긴장의 영향을 언급하고 있기 때문에 경제적 측면이 두드러진다.",period2
65,"Geopolitical Dynamics of East Asia: China, North Korea, and Historical Kingdoms",NEUTRAL,0.85,"텍스트는 동아시아의 정치적 관계를 중립적으로 설명하고 있으며, 특정한 위협이나 협상, 경제적 측면을 강조하지 않고 있습니다.",period2
66,Korea: Geopolitical Dynamics and Nuclear Energy,THREAT,0.8,"텍스트는 북한과 남한의 핵 능력 및 지정학적 동역학을 언급하며, 군사적 위협과 관련된 요소를 강조하고 있습니다.",period2
67,House Oversight Committee and Key Witnesses,NEUTRAL,0.9,"텍스트는 정치적 조사에 대한 중립적인 정보를 전달하고 있으며, 특정한 위협이나 협상, 경제적 측면, 인권 문제를 강조하지 않고 있습니다.",period2
68,North Korea's Missile Development Community,THREAT,0.9,"텍스트는 북한의 미사일 개발과 군사적 능력에 대한 강조가 포함되어 있으며, 이는 군사적 위협과 글로벌 안보에 대한 우려를 나타냅니다.",period2
69,Vietnam War and Dick Blumenthal,NEUTRAL,0.8,텍스트는 베트남 전쟁과 관련된 정보와 정치적 인물인 딕 블루멘탈의 개인적 연관성을 중립적으로 전달하고 있다.,period2
70,U.S.-South Korea Joint Military Exercises and North Korea Relations,THREAT,0.8,텍스트는 미국과 한국의 군사 훈련과 북한과의 긴장 관계를 강조하고 있어 군사적 위협의 요소가 두드러진다.,period2
71,Belarus and Alexander Lukashenko,NEUTRAL,0.8,"텍스트는 벨라루스와 알렉산더 루카셴코의 정치적 상황을 설명하고 있으며, 특정한 위협이나 협상, 경제적 측면, 인권 문제를 강조하지 않고 중립적인 정보를 전달하고 있다.",period2
72,"Middle Eastern Geopolitical Dynamics: Saudi Arabia, Iran, and Cuba",THREAT,0.8,텍스트에서 핵 논의와 지역적 긴장 관계를 강조하고 있어 군사적 위협의 요소가 포함되어 있다.,period2
73,Eight-Nation Coalition and Surveillance Operations Against North Korea,ECONOMIC,0.8,"텍스트는 북한에 대한 제재와 감시 작전을 강조하며, 경제적 측면에서의 협력과 제재를 다루고 있습니다.",period2
74,Russia's Geopolitical Influence in Northeast Asia,NEUTRAL,0.8,"텍스트는 러시아의 지정학적 역할과 복잡한 관계를 설명하고 있지만, 특정한 위협이나 협상, 경제적 측면을 강조하지 않고 중립적인 정보를 전달하고 있습니다.",period2
75,U.S. and North Korea Denuclearization Dynamics,DIPLOMACY,0.8,텍스트는 북한과 미국 간의 외교적 협상과 국제 관계의 복잡성을 강조하고 있어 외교적 프레임으로 분류됩니다.,period2
76,U.S.-North Korea Diplomatic Community,DIPLOMACY,0.9,"텍스트는 미국과 북한 간의 외교 관계와 협상 과정을 강조하고 있으며, 특히 싱가포르 정상회담의 함의에 대해 논의하고 있습니다.",period2
77,Democratic People's Republic of Korea and International Diplomacy,DIPLOMACY,0.9,"텍스트는 북한과 국제 사회 간의 외교적 상호작용과 평화 협상, 특히 비핵화 노력에 중점을 두고 있어 외교 프레임으로 분류됩니다.",period2
78,Trump-Kim Denuclearization Talks Community,DIPLOMACY,0.9,텍스트는 트럼프-김 대화와 관련된 협상 및 정치적 역학을 강조하고 있어 외교적 접근을 나타냅니다.,period2
79,North Korea's Military and Cyber Capabilities,THREAT,0.9,"텍스트는 북한의 군사적 능력과 핵 프로그램, 미사일 개발을 강조하며, 이러한 요소들이 지역 안보에 미치는 영향을 다루고 있어 군사적 위협 프레임에 해당합니다.",period2
80,R/Politics Community and Megathread Dynamics,NEUTRAL,0.9,"텍스트는 R/Politics 커뮤니티의 구조와 규칙에 대한 중립적인 정보를 전달하고 있으며, 특정 정치적 이슈나 프레임을 강조하지 않음.",period2
81,"Veterans Community: WWII, Korean, Vietnam, Afghanistan, and Iraq Vets",NEUTRAL,0.9,"텍스트는 군사적 서비스에 대한 정보와 역사적 맥락을 제공하지만, 특정한 위협이나 외교적 노력, 경제적 측면, 인도적 문제를 강조하지 않기 때문에 중립적 정보 전달로 분류됩니다.",period2
82,US Servicemen and DNA Testing in the Korean War,NEUTRAL,0.9,"텍스트는 한국 전쟁에서 복귀된 미군 유해의 신원 확인 과정에 대한 정보를 제공하며, 군사적 위협이나 외교적 협상과 같은 특정 프레임을 강조하지 않고 중립적인 정보를 전달하고 있다.",period2
83,Korean War and Its Ongoing Impact,DIPLOMACY,0.8,"텍스트는 평화와 화해에 대한 논의를 강조하며, 한국 전쟁의 미해결 상태가 국제 관계에 미치는 영향을 언급하고 있어 외교적 접근을 부각시키고 있다.",period2
84,Kodachrome and Its Historical Significance,NEUTRAL,0.9,"텍스트는 Kodachrome 필름의 역사적 중요성과 현재 수집 시장에서의 관련성을 중립적으로 설명하고 있으며, 특정 정치적 또는 군사적 프레임을 강조하지 않습니다.",period2
85,USAF and K-23 Airbase in Pyongyang,THREAT,0.9,텍스트는 한국 전쟁 중 미국 공군의 군사적 존재와 전략적 중요성을 강조하고 있어 군사적 위협과 관련된 프레임으로 분류됩니다.,period2
0,North Korea: Nuclear Ambitions and Regional Tensions,THREAT,0.9,"텍스트는 북한의 군사적 힘과 핵 야망, 그리고 이로 인한 지역 안정성에 대한 잠재적 위협을 강조하고 있습니다.",period2
1,North Korea Nuclear Diplomacy and Oversight,DIPLOMACY,0.9,"텍스트는 북한의 핵 외교와 관련된 협상 및 외교적 노력을 강조하고 있으며, 복잡한 동학과 다자간 접근 방식을 다루고 있습니다.",period2
2,US-South Korea Relations and North Korean Negotiations,DIPLOMACY,0.8,"텍스트는 미국-한국 관계와 북한과의 협상에 대한 외교적 노력을 강조하고 있으며, 대화와 협력의 가능성을 내포하고 있습니다.",period2
3,Trump-Kim Summit and North Korea Relations,DIPLOMACY,0.9,텍스트는 트럼프-김 정상회담을 통해 북한의 핵 프로그램을 다루고 미국과 북한 간의 관계 개선을 목표로 하는 외교적 사건을 강조하고 있습니다.,period2
4,"Geopolitical Dynamics of America, Japan, and North Korea",THREAT,0.9,"텍스트는 북한의 핵 야망과 군사적 준비태세를 강조하며, 갈등 가능성을 언급하고 있어 군사적 위협 프레임에 해당한다.",period2
5,North Korea and Key Diplomatic Figures,DIPLOMACY,0.85,"텍스트는 북한과 미국 간의 외교적 상호작용과 대화, 특히 핵무기와 관련된 국제 관계를 강조하고 있어 외교 프레임으로 분류된다.",period2
6,North Korea's Military and Diplomatic Landscape,DIPLOMACY,0.7,"텍스트는 북한의 군사적 능력과 외교적 노력을 언급하며, 특히 한반도의 지정학적 역학 관계를 강조하고 있어 협상과 대화의 가능성을 암시하고 있습니다.",period2
7,Victor Cha and CSIS: Insights on U.S.-North Korea Relations,NEUTRAL,0.9,"텍스트는 Victor Cha와 CSIS의 역할에 대한 중립적인 정보를 제공하며, 특정한 위협이나 협상, 경제적 측면을 강조하지 않는다.",period2
8,Korea Peace Now! Campaign Community,DIPLOMACY,0.9,텍스트는 한반도의 평화를 위한 협력과 대화를 강조하는 단체들의 연합을 설명하고 있다.,period2
9,Sinpo South Shipyard and Ballistic Missile Submarines,THREAT,0.9,"텍스트는 북한의 군사적 시설과 미사일 잠수함 건설을 강조하며, 이는 군사적 위협과 관련된 내용이다.",period2
10,Korean Peninsula Denuclearization Community,DIPLOMACY,0.8,"텍스트는 북한 비핵화 논의와 관련된 복잡한 관계와 협상에 초점을 맞추고 있으며, 외교적 노력과 대화의 중요성을 강조하고 있습니다.",period2
11,U.S.-North Korea Diplomatic Community,DIPLOMACY,0.9,"텍스트는 미국과 북한 간의 외교 관계와 대화, 협상에 초점을 맞추고 있으며, 특히 비핵화에 대한 논의와 정상 회담을 강조하고 있습니다.",period2
12,Family Reunions at the DMZ,HUMANITARIAN,0.9,"텍스트는 한국 전쟁으로 분리된 가족들이 재회하는 감정적이고 사회적인 중요성을 강조하며, 인권과 가족의 관계를 다루고 있기 때문에 인도적 프레임으로 분류됩니다.",period2
13,East Asia Summit: Pence and Putin's Diplomatic Engagement,DIPLOMACY,0.95,"텍스트는 펜스와 푸틴의 외교적 상호작용을 강조하며, 대화와 협력의 중요성을 언급하고 있어 외교 프레임에 해당합니다.",period2
14,France's Role in North Korea Denuclearization,DIPLOMACY,0.9,텍스트는 프랑스의 외교적 참여와 북한의 비핵화 노력에 대한 지원 의지를 강조하고 있어 협상과 대화의 가능성을 나타냅니다.,period2
15,Korean War and Its Ongoing Legacy,NEUTRAL,0.8,"텍스트는 한국 전쟁의 역사적 중요성과 현재의 지정학적 긴장을 설명하고 있지만, 특정한 위협이나 외교적 해결 방안을 강조하지 않기 때문에 중립적인 정보 전달로 분류된다.",period2
16,Virginia Class Submarine and North Korean Navy,THREAT,0.95,"텍스트는 버지니아급 잠수함이 북한 해군에 대한 군사적 위협을 강조하고 있으며, 군사적 함의에 대한 언급이 포함되어 있습니다.",period2
17,U.S.-DPRK Diplomacy and Key Negotiators,DIPLOMACY,0.9,"텍스트는 미국과 북한 간의 외교적 노력과 협상 과정을 강조하고 있으며, 주요 협상자들의 역할과 관계를 다루고 있습니다.",period2
105,North Korea: A Community of Nuclear Ambitions and Human Rights Concerns,THREAT,0.8,"텍스트에서 북한의 군사적 위협과 핵무기 프로그램이 강조되고 있으며, 이는 군사적 위협 프레임에 해당합니다.",period3
106,"Bolton, Pompeo, and North Korea Policy",THREAT,0.8,"텍스트는 북한의 핵 야망과 관련된 미국의 정책을 다루고 있으며, 이는 군사적 위협의 맥락에서 해석될 수 있다.",period3
101,North Korea: A Community of Nuclear Ambitions and Human Rights Concerns,THREAT,0.8,"텍스트는 북한의 군사적 위협과 핵무기 프로그램을 강조하고 있으며, 이러한 요소들이 국제 안보에 미치는 영향을 언급하고 있습니다.",period3
102,North Korea and the United Nations Security Council,THREAT,0.9,텍스트는 북한의 미사일 시험과 핵 활동으로 인한 긴장을 강조하고 있어 군사적 위협의 프레임에 해당합니다.,period3
103,U.S.-North Korea Nuclear Negotiations Community,DIPLOMACY,0.9,"텍스트는 미국과 북한 간의 핵 협상과 관련된 인물들과 그들의 상호작용을 강조하며, 외교적 관계의 복잡성을 다루고 있기 때문에 외교 프레임으로 분류됩니다.",period3
104,U.S. State Department and Russian Officials on North Korea,DIPLOMACY,0.9,"텍스트는 미국 국무부와 러시아 관료 간의 외교적 참여를 강조하며, 북한의 비핵화 노력에 대한 협력적 국제 노력을 다루고 있습니다.",period3
75,Sino-Ri Missile Operating Base and Rodong Missiles,THREAT,0.9,텍스트는 북한의 군사 시설과 미사일 능력 강화를 강조하고 있어 군사적 위협을 부각시키고 있다.,period3
76,North Korea: Nuclear Ambitions and International Relations,THREAT,0.9,"텍스트는 북한의 군사적 위협과 핵무기 프로그램을 강조하고 있으며, 국제 관계의 긴장과 복잡성을 언급하고 있어 위협 프레임에 해당합니다.",period3
77,U.S. Treasury Department and Sanctions on North Korea,ECONOMIC,0.9,텍스트는 미국 재무부의 제재와 북한의 핵 야망을 억제하기 위한 경제적 및 정치적 처벌 전략을 강조하고 있어 경제적 측면이 주를 이루고 있습니다.,period3
78,U.S.-North Korea Diplomatic Community,DIPLOMACY,0.9,텍스트는 미국과 북한 간의 외교 관계와 관련된 인물 및 회담을 중심으로 하여 협상과 대화의 중요성을 강조하고 있습니다.,period3
79,North Korea's Political Landscape: Purges and Summits,DIPLOMACY,0.85,"텍스트는 북한의 정치적 역학을 다루며, 고위급 외교 정상 회담과 외교 실패에 대한 정치적 숙청을 강조하고 있어 협상과 대화의 가능성을 내포하고 있습니다.",period3
80,Saudi Despots and Jamal Khashoggi,HUMANITARIAN,0.9,텍스트는 자말 카슈끄지의 살해와 사우디 아라비아의 인권 문제를 강조하고 있어 인도적 관점에서의 프레임으로 분류됩니다.,period3
81,U.N. Security Council and North Korea Relations,DIPLOMACY,0.8,텍스트는 유엔 안전 보장 이사회의 외교적 노력과 북한의 군사 활동에 대한 대응을 강조하고 있어 협상과 평화의 가능성을 나타냅니다.,period3
82,Kushner and Trump Family Advisory Network,NEUTRAL,0.9,"텍스트는 트럼프 행정부의 주요 인물들과 그들의 관계를 설명하고 있으며, 특정한 정치적 입장이나 감정을 강조하지 않고 중립적인 정보를 전달하고 있다.",period3
83,"Kim Kardashian, White House, and MBS: A Community of Influence",NEUTRAL,0.8,"텍스트는 특정한 정치적 프레임을 강조하지 않고, 인물들의 상호작용과 그들이 다루는 주제를 중립적으로 전달하고 있습니다.",period3
84,Donald Trump and North Korea Relations,DIPLOMACY,0.9,"텍스트는 도널드 트럼프의 북한과의 외교적 교류와 대화, 협력 가능성을 강조하고 있으며, 이는 외교 프레임에 해당합니다.",period3
85,Singapore Defense and Security Community,DIPLOMACY,0.9,"텍스트는 싱가포르의 국제 외교 및 방어 역할과 관련된 내용을 강조하고 있으며, 특히 방어 정상 회담과 같은 협력적인 국제 행사에 초점을 맞추고 있습니다.",period3
86,Assassination of Kim Jong-nam: Key Entities and Implications,NEUTRAL,0.8,"텍스트는 김정남의 암살 사건에 대한 중립적인 정보 전달을 하고 있으며, 특정한 정치적 프레임을 강조하지 않고 사건의 사실과 관련된 주체들 및 국제 관계에 대한 함의를 설명하고 있습니다.",period3
87,Workers' Party of Korea and North Korean Elections,NEUTRAL,0.8,"텍스트는 북한의 정치적 구조와 선거 과정을 설명하고 있으며, 특정한 위협이나 외교적 요소를 강조하지 않기 때문에 중립적인 정보 전달로 분류된다.",period3
88,Kim Hyok-chol and the Trump Summit,DIPLOMACY,0.85,"텍스트는 김혁철과 트럼프 정상회담의 관계를 강조하며, 국제 협상에서의 높은 위험과 실패의 심각한 결과를 언급하고 있어 외교적 맥락을 중심으로 하고 있습니다.",period3
89,North Korean Political Dynamics: Kim Jong-un and Key Influencers,NEUTRAL,0.8,"텍스트는 북한의 정치적 역학과 관련된 다양한 요소를 중립적으로 설명하고 있으며, 특정한 위협이나 협상, 경제적 측면을 강조하지 않음.",period3
90,Trump Administration and North Korea Relations,DIPLOMACY,0.9,텍스트는 북한과의 비핵화 대화와 외교적 결정에 초점을 맞추고 있어 협상과 평화의 가능성을 강조하고 있습니다.,period3
91,Denuclearization Talks and North Korea Summit,DIPLOMACY,0.9,"텍스트는 북한의 핵무기 프로그램 포기를 목표로 하는 외교적 대화와 협상에 중점을 두고 있으며, 평화적 해결을 강조하고 있습니다.",period3
92,Korean Peninsula: Tensions and Diplomacy,DIPLOMACY,0.9,"텍스트는 외교적 노력과 대화의 중요성을 강조하며, 군사적 긴장 속에서도 소통을 촉진하려는 시도를 언급하고 있습니다.",period3
93,Humanitarian Aid to North Korea,HUMANITARIAN,0.95,"텍스트는 북한의 식량 부족 문제를 해결하기 위한 인도적 지원 노력을 강조하고 있으며, 인권 및 북한 주민의 상황에 대한 관심을 나타냅니다.",period3
94,UN Sanctions and Canadian Enforcement,THREAT,0.85,"텍스트는 북한의 핵 야망을 억제하기 위한 국제적 노력과 관련된 UN 제재를 강조하며, 이는 군사적 위협과 관련된 내용으로 해석될 수 있다.",period3
95,U.S.-North Korea Nuclear Disarmament Community,DIPLOMACY,0.8,"텍스트는 미국과 북한 간의 핵무기 비확산 노력과 관련된 대화와 협상 과정을 강조하고 있으며, 이는 외교적 접근을 나타냅니다.",period3
96,Moon Jae-in and the Unification Ministry,DIPLOMACY,0.8,"텍스트는 문재인 전 대통령과 통일부의 역할을 강조하며, 남북 관계와 관련된 정책 및 합의의 이행을 다루고 있어 협상과 대화의 가능성을 나타냅니다.",period3
97,United Nations and North Korea Relations,THREAT,0.8,텍스트는 북한의 미사일 위협과 핵무기 문제를 강조하고 있어 군사적 위협 프레임에 해당합니다.,period3
98,Justice Department and M/V Wise Honest,ECONOMIC,0.9,텍스트는 북한의 불법 무역 관행과 국제 제재 위반에 대한 법무부의 조치를 강조하고 있어 경제적 측면이 두드러진다.,period3
99,Korean War and Its Key Entities,THREAT,0.8,"텍스트는 한국 전쟁과 관련된 군사적 요소와 전략을 강조하고 있으며, 군사적 상호작용이 전쟁의 정의에 중요한 역할을 했음을 나타냅니다.",period3
100,China's Influence in East Asia and North Korea Relations,DIPLOMACY,0.7,중국의 북한과의 관계가 지역 외교 및 협력에 미치는 영향을 강조하고 있기 때문입니다.,period3
16,North Korea: A Community of Nuclear Ambitions and Human Rights Concerns,THREAT,0.8,"텍스트는 북한의 군사적 태도와 핵무기 프로그램을 강조하며, 국제 사회의 반응과 관련된 긴장감을 언급하고 있어 군사적 위협 프레임에 해당합니다.",period3
17,North Korea's Missile and Ballistic Missile Capabilities,THREAT,0.9,텍스트는 북한의 미사일 및 탄도 미사일 기술이 군사적 중요성과 국제적 우려를 강조하고 있어 군사적 위협 프레임으로 분류됩니다.,period3
18,US-North Korea Nuclear Talks and Denuclearization Efforts,DIPLOMACY,0.9,"텍스트는 미국과 북한 간의 핵 대화와 비핵화 노력을 강조하며, 협상과 대화의 중요성을 나타내고 있습니다.",period3
19,North Korea's Nuclear Diplomacy and Coal Trade,DIPLOMACY,0.8,"텍스트는 북한의 핵 프로그램 논의와 외교적 참여를 강조하고 있으며, 대화와 협력 가능성을 내포하고 있습니다.",period3
20,Chinese Shipping Companies and U.S. Treasury Sanctions,ECONOMIC,0.9,텍스트는 북한의 국제 제재 회피를 돕는 중국 해운 회사들과 관련된 미국 재무부의 제재를 강조하고 있어 경제적 측면에 중점을 두고 있습니다.,period3
21,Chongjin Fishing Community,ECONOMIC,0.9,텍스트는 청진 지역의 어업 활동과 지역 경제에 대한 중요성을 강조하고 있어 경제적 측면에 초점을 맞추고 있습니다.,period3
22,U.S. Military Exercises and North Korea,THREAT,0.9,"텍스트는 미국과 한국의 군사 훈련이 북한에 의해 부정적으로 인식되고 있으며, 북한의 미사일 시험과 관련된 군사 전략과 지역 안전의 상관관계를 강조하고 있어 군사적 위협 프레임으로 분류됩니다.",period3
23,North Korean Human Rights Community,HUMANITARIAN,0.95,텍스트는 북한 내 인권 침해 문제와 인권 옹호 활동에 중점을 두고 있어 인도적 관점에서의 프레임으로 분류됩니다.,period3
24,Ken Kato and the UN Security Council on North Korea,HUMANITARIAN,0.8,"텍스트는 북한 인권 문제와 관련된 켄 카토의 활동을 강조하며, 유엔 안전 보장이사회의 역할이 인도적 우려와 핵 확산에 연결되어 있음을 언급하고 있습니다.",period3
25,North Korea's Nuclear Program and Leadership,THREAT,0.9,"텍스트는 북한의 핵 프로그램과 군사적 능력에 대한 강조가 있으며, 이는 군사적 위협과 관련된 내용으로 해석될 수 있다.",period3
26,Human Rights Advocacy in North Korea,HUMANITARIAN,0.95,"텍스트는 북한 주민의 인권 문제와 탈북자들의 고난을 강조하고 있으며, 인권 옹호 활동에 대한 내용을 다루고 있습니다.",period3
27,Sanctions Policy and Foundation for Defense of Democracies,ECONOMIC,0.85,"텍스트는 미국의 북한에 대한 제재 정책을 강조하고 있으며, 이는 경제적 측면에서의 제재와 관련된 내용이기 때문입니다.",period3
28,Trump and North Korea Relations,DIPLOMACY,0.7,"텍스트는 트럼프와 북한 간의 복잡한 관계를 강조하며, 외교적 노력과 협상 가능성을 언급하고 있기 때문입니다.",period3
29,"North Korea, Japan, and Regional Security Dynamics",THREAT,0.85,텍스트는 북한의 미사일 프로그램과 관련된 군사적 능력 및 지역 불안정성을 강조하고 있어 군사적 위협 프레임으로 분류됩니다.,period3
30,North Korea's Leadership and Military Capabilities,THREAT,0.85,"텍스트는 북한의 군사 능력과 ICBM을 강조하고 있으며, 이는 군사적 위협을 암시하는 내용이다.",period3
31,Kim Darroch and U.S.-UK Relations,DIPLOMACY,0.9,"텍스트는 미국-영국 외교 관계와 관련된 협상 및 대화의 맥락을 강조하고 있으며, 특히 외교적 긴장과 도전 과제를 다루고 있습니다.",period3
32,U.S. Treasury Department and Chinese Shippers,ECONOMIC,0.9,"텍스트는 미국 재무부의 제재와 중국 선박의 무역 관계를 강조하며, 경제 정책과 국제 무역 역학의 교차점을 다루고 있습니다.",period3
33,Healthcare and GOP Influence,NEUTRAL,0.9,"텍스트는 GOP의 의료 정책과 입법 활동에 대한 중립적인 정보를 전달하고 있으며, 특정한 위협이나 협상, 경제적 측면, 인권 문제를 강조하지 않고 있습니다.",period3
34,John Bolton and Trump's Administration on North Korea,DIPLOMACY,0.8,"텍스트는 트럼프 행정부의 외교 정책에서의 협상과 대화의 가능성을 강조하며, 볼턴의 강경한 입장과 트럼프의 외교적 접근 방식 간의 긴장을 언급하고 있습니다.",period3
35,Kim Kardashian West and Criminal Justice Reform,NEUTRAL,0.8,"텍스트는 김 카다시안 웨스트의 범죄 사법 개혁에 대한 옹호와 관련된 정보 전달에 중점을 두고 있으며, 특정한 위협이나 경제적 측면을 강조하지 않음.",period3
36,Puerto Rico and Hurricane Impact,HUMANITARIAN,0.9,"텍스트는 푸에르토리코의 허리케인 피해와 그로 인한 인도적 위기를 강조하고 있으며, 지역 사회의 인프라 문제와 관련된 인권 및 주민 문제를 다루고 있습니다.",period3
37,North Korea's Military and Diplomatic Landscape,THREAT,0.9,"텍스트는 북한의 군사 능력, 특히 미사일 및 핵 시험을 강조하며, 이러한 요소들이 국제 관계의 긴장과 복잡한 역학을 나타내고 있기 때문에 위협 프레임으로 분류됩니다.",period3
38,U.S.-North Korea Diplomatic Community,DIPLOMACY,0.9,"텍스트는 미국과 북한 간의 외교 관계와 협상, 대화의 중요성을 강조하고 있으며, 특히 핵 프로그램 해결을 위한 정상 회담에 초점을 맞추고 있습니다.",period3
39,Trump-Kim Summit and U.S.-North Korea Relations,DIPLOMACY,0.9,텍스트는 트럼프-김 정상회담과 외교적 관계 개선을 중심으로 하여 협상과 대화의 중요성을 강조하고 있습니다.,period3
40,Donald Trump and North Korea Relations,DIPLOMACY,0.9,"텍스트는 트럼프 대통령의 북한과의 외교적 노력을 강조하며, 특히 핵무기 비핵화와 관련된 대화와 협상에 초점을 맞추고 있기 때문입니다.",period3
41,Kim Jong Nam and North Korean Intrigue,NEUTRAL,0.8,"텍스트는 김정남의 암살과 북한 내 정치적 역학에 대한 중립적인 정보를 전달하고 있으며, 특정한 위협이나 외교적 해결책을 강조하지 않음.",period3
42,North Korean Political Dynamics: Kim Yo Jong and Kim Song Hye,DIPLOMACY,0.8,텍스트는 김여정과 김송혜의 역할을 통해 외교적 맥락과 국제 관계의 중요성을 강조하고 있어 협상과 대화의 가능성을 내포하고 있습니다.,period3
43,"Russia, North Korea, and the Pipeline Dynamics",ECONOMIC,0.8,"텍스트는 에너지 수입과 관련된 파이프라인 프로젝트를 다루며, 이는 경제적 측면과 무역의 중요성을 강조하고 있습니다.",period3
44,Chosun Ilbo and North Korean Affairs,NEUTRAL,0.8,"텍스트는 북한 정치 사건에 대한 정보 전달과 미디어 접근성 문제를 다루고 있으며, 특정한 위협이나 협상, 경제적 측면을 강조하지 않음.",period3
45,North Korean Leadership and Family Dynamics,NEUTRAL,0.8,"텍스트는 북한 지도부와 가족 관계에 대한 정보를 중립적으로 전달하고 있으며, 특정한 위협이나 외교적 해결책을 강조하지 않기 때문입니다.",period3
46,Kim Jong-nam Assassination Community,DIPLOMACY,0.8,텍스트는 김정남 암살 사건이 국제 관계에 미치는 영향과 싱가포르의 외교적 역할을 강조하고 있어 협상과 대화의 가능성을 암시하고 있다.,period3
47,North Korean Political Dynamics: Key Figures and Events,DIPLOMACY,0.8,텍스트는 북한의 정치적 동향과 미국-북한 관계의 협상 및 외교적 사건을 강조하고 있어 외교적 맥락이 두드러진다.,period3
48,Kim Family Legacy and Kumsusan Palace,NEUTRAL,0.9,"텍스트는 김일성과 김정일의 유산과 관련된 정보 전달에 중점을 두고 있으며, 군사적 위협이나 협상, 경제적 측면, 인권 문제를 강조하지 않기 때문에 중립적인 정보로 분류됩니다.",period3
49,U.S.-North Korea Diplomatic Community,DIPLOMACY,0.9,"텍스트는 미국과 북한 간의 외교 관계와 협상, 평화 및 비핵화의 복잡성을 강조하고 있어 외교적 프레임에 해당합니다.",period3
50,Otto Warmbier and the BRINK Act Community,ECONOMIC,0.8,텍스트는 북한에 대한 제재와 관련된 BRINK 법안과 옷토 웜비어 사건을 중심으로 하여 경제적 측면을 강조하고 있습니다.,period3
51,North Korean Propaganda and Media Influence,NEUTRAL,0.8,"텍스트는 북한의 선전과 미디어 영향력에 대한 정보를 전달하고 있으며, 특정한 위협이나 협상, 경제적 측면을 강조하지 않고 중립적인 관점에서 설명하고 있다.",period3
52,Piranha-Filled Tank and James Bond Execution,NEUTRAL,0.9,"텍스트는 특정 정치적 이슈나 갈등을 강조하지 않고, 사건의 감정적이고 극적인 측면을 설명하는 중립적인 정보 전달에 초점을 맞추고 있다.",period3
53,Trump Administration and North Korea Relations,DIPLOMACY,0.9,텍스트는 트럼프 행정부의 북한과의 외교 정책과 비핵화 대화 및 외교적 참여를 강조하고 있어 협상과 평화의 가능성을 부각시키고 있습니다.,period3
54,Stephen Biegun and the Carnegie Endowment for International Peace,DIPLOMACY,0.9,텍스트는 스티븐 비건의 외교적 역할과 북한과의 협상 과정을 강조하고 있어 외교적 노력과 대화의 가능성을 나타냅니다.,period3
55,Saudi Arabia and Jamal Khashoggi Incident,HUMANITARIAN,0.9,텍스트는 자말 카슈끄지의 살해 사건을 통해 인권 문제와 사우디 아라비아의 인권 기록에 대한 논의를 강조하고 있기 때문에 인도적 프레임으로 분류됩니다.,period3
56,Korean Peninsula: Tensions and Alliances,THREAT,0.8,"텍스트는 북한과 한국 간의 군사적 긴장과 관련된 내용을 강조하고 있으며, 이러한 긴장이 지역의 복잡한 역학에 미치는 영향을 언급하고 있습니다.",period3
57,U.S.-North Korea Relations and Nuclear Disarmament,DIPLOMACY,0.8,"텍스트는 미국과 북한 간의 관계와 핵무기 비확산 노력을 중심으로 하며, 협상과 외교적 행동의 중요성을 강조하고 있습니다.",period3
58,K-POP and Chang-Dong District,NEUTRAL,0.9,"텍스트는 K-POP 문화와 관련된 정보 전달에 중점을 두고 있으며, 군사적 위협이나 외교적 협상, 경제적 측면, 인권 문제와 관련된 내용이 포함되어 있지 않기 때문에 중립적 정보로 분류됩니다.",period3
59,US Government and Moon Jae-in's Diplomatic Efforts on North Korea,DIPLOMACY,0.9,"텍스트는 미국 정부와 문재인 대통령의 외교적 노력에 대해 다루고 있으며, 대화와 협력의 가능성을 강조하고 있습니다.",period3
60,Huawei and Xiaomi: Competing Giants in Technology,NEUTRAL,0.9,"텍스트는 화웨이와 샤오미의 경쟁 관계를 설명하고 있으며, 군사적 위협이나 외교적 협력, 경제적 제재, 인권 문제와 관련된 내용이 포함되어 있지 않기 때문에 중립적 정보 전달로 분류됩니다.",period3
61,South Korea's Nuclear Policy and International Relations,THREAT,0.8,"텍스트는 한국의 핵 정책과 북한과의 관계를 다루고 있으며, 이는 군사적 위협과 지역 안전 동역학에 관련된 내용이기 때문에 위협 프레임으로 분류됩니다.",period3
62,U.S. and North Korea Relations: Missile Defense and Sanctions,THREAT,0.8,"텍스트는 북한의 미사일 위협과 핵 야망을 강조하며, 군사적 긴장과 관련된 내용을 다루고 있기 때문에 위협 프레임으로 분류된다.",period3
63,DPRK and International Relations,THREAT,0.85,"텍스트는 북한의 군사 활동과 핵 야망을 강조하며, 이는 군사적 위협과 관련된 요소로 해석될 수 있다.",period3
64,"Diplomatic Dynamics: USA, Iran, and Key Players",DIPLOMACY,0.9,"텍스트는 미국과 이란을 포함한 주요 국가들 간의 외교적 관계와 협력 가능성을 강조하고 있으며, 특히 핵 문제와 지역 안보에 대한 논의를 다루고 있습니다.",period3
65,China's Role in East Asia and the Korean Peninsula,DIPLOMACY,0.8,"텍스트는 중국의 동아시아 및 한반도에서의 외교적 역할과 관계를 강조하고 있으며, 협력과 외교적 상호작용의 중요성을 다루고 있다.",period3
66,North Korean Sanctions and Chinese Banks,ECONOMIC,0.9,"텍스트는 북한 제재와 중국 은행의 관계를 다루며, 경제적 측면과 금융 서비스의 역할을 강조하고 있습니다.",period3
67,Venezuela: Political Turmoil and Leadership Crisis,THREAT,0.8,"텍스트는 베네수엘라의 정치적 혼란과 국제 관계의 복잡성을 강조하며, 이는 군사적 위협과 관련된 논의로 해석될 수 있다.",period3
68,North Korean Defectors and Sinuiju Modernization,HUMANITARIAN,0.9,텍스트는 북한 탈북자들의 고난과 그들이 직면한 정부의 강제 퇴거 문제를 다루고 있어 인권 및 난민 문제에 초점을 맞추고 있습니다.,period3
69,Thae Yong-ho and Political Violence in North Korea,HUMANITARIAN,0.85,텍스트는 북한 내 정치적 폭력과 탈북자들의 위험을 강조하며 인권 문제를 다루고 있기 때문입니다.,period3
70,North Korean Embassy Incident in Spain,NEUTRAL,0.8,"텍스트는 북한 대사관에서 발생한 인질 사건에 대한 중립적인 정보 전달을 포함하고 있으며, 군사적 위협이나 외교적 협력 가능성을 강조하지 않음.",period3
71,Cheollima Civil Defence and the North Korean Embassy Raid,HUMANITARIAN,0.8,텍스트는 북한 정권에 반대하는 단체와 민주적 개혁을 위한 투쟁을 강조하고 있어 인권 및 북한 주민 문제와 관련이 깊다.,period3
72,CIA and North Korean Intelligence Operations,THREAT,0.9,텍스트는 CIA의 북한 관련 정보 작전과 핵 위협을 강조하고 있어 군사적 위협 프레임에 해당합니다.,period3
73,North Korean Embassy and Free Joseon,THREAT,0.8,"텍스트는 북한 대사관과 반체제 그룹 Free Joseon 간의 관계를 강조하며, 이들의 행동이 국제 관계와 안보에 미치는 중대한 영향을 언급하고 있어 군사적 위협의 요소가 포함되어 있다.",period3
74,Madrid Embassy Raid and Anti-North Korean Activism,HUMANITARIAN,0.9,"텍스트는 북한 정권에 대한 인권 침해 문제를 강조하며, 반북 활동가들이 이 사건을 통해 인권 문제에 대한 인식을 높이려는 노력을 설명하고 있다.",period3
0,North Korea: A Community of Nuclear Ambitions and Human Rights Concerns,THREAT,0.7,"텍스트는 북한의 핵무기 프로그램과 국제적 긴장, 특히 군사적 위협을 강조하고 있어 위협 프레임으로 분류됩니다.",period3
1,"Trump, Bolton, and North Korea Relations",DIPLOMACY,0.8,"텍스트는 트럼프와 볼턴의 상호작용이 외교 관계에 미치는 영향을 강조하고 있으며, 외교적 접근 방식과 군사 전략의 대조를 언급하고 있어 협상과 대화의 가능성을 시사한다.",period3
2,U.S.-North Korea Diplomatic Community,DIPLOMACY,0.8,"텍스트는 북한의 핵 야망과 미사일 시험을 언급하면서도, 주요 인물 간의 외교적 상호작용과 비핵화 노력을 강조하고 있어 협상과 대화의 가능성을 부각시키고 있습니다.",period3
3,Alek Sigley and the North Korean Community Concern,HUMANITARIAN,0.85,"텍스트는 Alek Sigley의 실종과 관련된 안전 문제를 강조하며, 이는 인권 및 외국인에 대한 보호와 관련된 우려를 나타냅니다.",period3
4,North Korea's Political Landscape and International Relations,HUMANITARIAN,0.85,"텍스트는 북한의 인권 문제와 관련된 내용이 포함되어 있으며, 이는 인도적 관점에서 중요하게 다루어질 수 있다.",period3
5,U.S. Diplomacy and North Korea Relations,DIPLOMACY,0.9,"텍스트는 미국의 외교 노력과 북한과의 관계, 특히 협상과 대화의 측면을 강조하고 있기 때문입니다.",period3
6,U.S.-North Korea Relations and South Korea's Role,DIPLOMACY,0.8,"텍스트는 미국과 북한 간의 외교 관계 및 한국의 역할을 강조하고 있으며, 협상과 대화의 가능성을 내포하고 있습니다.",period3
7,Center for Strategic and International Studies and Beyond Parallel,THREAT,0.9,텍스트는 북한의 군사 능력과 미사일 발사 사이트 분석에 중점을 두고 있어 군사적 위협을 강조하고 있습니다.,period3
8,North Korea and Its Global Impact,THREAT,0.8,"텍스트는 북한의 핵 야망과 군사적 긴장 관계를 강조하며, 이는 군사적 위협과 관련된 요소로 해석될 수 있습니다.",period3
9,Trump's North Korea Policy Community,DIPLOMACY,0.7,"텍스트는 트럼프 행정부의 북한 정책에서 외교적 노력과 군사적 위협의 조합을 언급하며, 협상과 대화의 가능성을 강조하고 있다.",period3
10,"Cohen, Manafort, Gates, and Papadopoulos Community",NEUTRAL,0.9,"텍스트는 정치적 인물들의 법적 문제와 조사에 대한 중립적인 정보를 전달하고 있으며, 특정한 프레임을 강조하지 않음.",period3
11,Indian Nuclear Power Plant and North Korean Malware Threat,THREAT,0.9,"텍스트는 북한의 악성코드가 인도 핵 발전소에 미치는 사이버 위협을 강조하며, 이는 국가 안보에 대한 직접적인 위험을 나타내고 있습니다.",period3
12,Russian Intelligence State and Internet Research Agency,NEUTRAL,0.9,"텍스트는 러시아 정보 기관과 인터넷 연구 기관의 구조적 관계를 설명하고 있으며, 특정한 위협이나 협상, 경제적 요소를 강조하지 않고 중립적인 정보를 전달하고 있습니다.",period3
13,North Korean Hackers and Microsoft Cyber Threats,THREAT,0.9,"텍스트는 북한 해커들이 국가 지원을 받는 사이버 공격자로서의 위협을 강조하고 있으며, 사이버 전쟁의 지속적인 위협을 언급하고 있습니다.",period3
14,North Korean Defectors and South Korean Intelligence,HUMANITARIAN,0.9,"텍스트는 북한 탈북자와 그들의 인권 문제, 그리고 남한 정보기관의 행동에 대한 우려를 강조하고 있어 인도적 관점에서의 프레임으로 분류됩니다.",period3
15,CIA and North Korean Defectors: A Complex Network,HUMANITARIAN,0.8,"텍스트는 북한 주민 문제와 인권 옹호 활동을 강조하며, CIA와 북한 탈북자 간의 관계를 통해 이러한 이슈를 다루고 있기 때문입니다.",period3
