source,target,description,frame,confidence,reason,period
SYRIA,GAS ATTACKS,"Gas attacks are a significant event associated with the conflict in Syria, drawing international attention and condemnation.",NEUTRAL,0.9,The description provides general context about gas attacks in Syria without specifying any explicit government action or response.,period1
TRUMP,BARACK OBAMA,"Barack Obama is also referenced by Trump as a predecessor who did not resolve the North Korean crisis, indicating a connection in political discourse.",NEUTRAL,0.9,The description discusses political discourse without any explicit actions or conflicts.,period1
TRUMP,EUROPE,"During Donald Trump's administration, the United States experienced a notable shift in its foreign policy approach towards Europe. This period was characterized by a perceived distancing from traditio",NEUTRAL,0.9,The description discusses a shift in foreign policy and general context without explicit government action or conflict.,period1
NORTH KOREA,TALKS,"North Korea has rejected US preconditions for holding talks, indicating a refusal to engage in diplomatic negotiations under certain terms.",NEUTRAL,0.9,The description provides factual information about North Korea's rejection of US preconditions without indicating any specific action or conflict.,period1
MOON JAE-IN,NUCLEAR WEAPONS,Moon Jae-in has stated that South Korea will not seek nuclear weapons development,NEUTRAL,0.9,The statement is a general context about South Korea's position on nuclear weapons development without any explicit government action.,period1
MATTIS,DMZ,"Mattis's speeches are taking place at the DMZ, highlighting the military focus on the North Korean threat",NEUTRAL,0.9,The description provides factual information about speeches at the DMZ without indicating specific actions or conflicts.,period1
PEACE TREATY,SOUTH KOREA,South Korea is a key player in any potential peace treaty discussions regarding the Korean Peninsula,NEUTRAL,0.9,The description provides factual information about South Korea's role in peace treaty discussions without indicating any specific actions or conflicts.,period1
DONALD TRUMP,KIM JONG UN,"Donald Trump and Kim Jong Un are the leaders of the United States and North Korea, respectively, and their interactions have been a focal point in discussions about international relations, particular",NEUTRAL,0.9,The description provides general context about the leaders and their interactions without detailing specific actions or outcomes.,period1
NORTH KOREA,NUCLEAR POWER PLANTS,"North Korea's nuclear power plants are part of its broader nuclear weapons program, raising international security concerns",NEUTRAL,0.9,The description provides factual information about North Korea's nuclear power plants and their implications for international security without indicating any specific actions or responses.,period1
NORTH KOREA,UNITED STATES,"North Korea and the United States are both recognized as nuclear powers, and their relationship is characterized by a long-standing history of tension, conflict, and complex diplomatic negotiations. T",NEUTRAL,0.9,The description provides a general context of the relationship between North Korea and the United States without specifying any explicit actions or outcomes.,period1
US,AMERICA FIRST,"The America First policy influences US foreign relations and military commitments, including those in South Korea",NEUTRAL,0.9,The description provides general context about the America First policy's influence on US foreign relations and military commitments without detailing any specific actions or conflicts.,period1
SOUTH KOREA,PYONGCHANG WINTER OLYMPICS,"South Korea is hosting the Pyeongchang Winter Olympics, showcasing its role in international sports.",NEUTRAL,1.0,The description provides factual information about South Korea hosting the Winter Olympics without indicating any specific government action or conflict.,period1
TRUMP,OBAMA,"Donald Trump and Barack Obama are both former Presidents of the United States, representing distinct political ideologies and policies. Their relationship is characterized by contention, as Trump freq",NEUTRAL,0.9,The description provides a general context about the relationship between two former Presidents without any specific actions or policies being enacted.,period1
UN SECURITY COUNCIL,UNITED KINGDOM,The United Kingdom was part of the coalition requesting an emergency UN Security Council meeting about North Korea,NEUTRAL,0.9,The description provides factual information about the UK's involvement in requesting a UN Security Council meeting without indicating any specific action or conflict.,period1
TRUMP,MIKE POMPEO,"Mike Pompeo served as a key member of Donald Trump's administration, playing a significant role in shaping U.S. foreign policy, particularly regarding North Korea. During his tenure, Pompeo was active",DIPLOMACY,0.9,"The description focuses on Mike Pompeo's involvement in diplomatic efforts and negotiations regarding U.S.-North Korea relations, which aligns with the category of diplomacy.",period1
NORTH KOREA,ISIS,"NORTH KOREA and ISIS are both significant entities in discussions surrounding global security threats, albeit operating in distinct contexts. Concerns regarding regime change in North Korea have been ",NEUTRAL,0.9,"The description provides a general context about North Korea and ISIS without explicit government action or specific threats, thus fitting the NEUTRAL category.",period1
TRUMP,KIM JONG UN,"Donald Trump and Kim Jong Un, the leaders of the United States and North Korea respectively, have engaged in a high-profile and contentious diplomatic relationship characterized by both confrontation ",NEUTRAL,0.9,The description provides a general overview of the diplomatic relationship between Trump and Kim without detailing specific actions or outcomes.,period1
UNITED STATES,PETRODOLLAR,"The petrodollar policy underpins U.S. economic power and influences its foreign policy decisions, particularly in relation to energy-rich nations",NEUTRAL,0.9,The description provides general context about the petrodollar policy and its influence on U.S. economic power and foreign policy without indicating any specific actions or conflicts.,period1
AIRCRAFT CARRIER,RUSSIA,"Russia provided an aircraft carrier to China, showcasing military cooperation",NEUTRAL,0.9,The description provides factual information about military cooperation without indicating any specific action or conflict.,period1
NORTH KOREA,SK,North Korea's actions and threats are a direct concern for South Korea,NEUTRAL,0.9,The description provides a general context about North Korea's actions and threats being a concern for South Korea without specifying any explicit actions or responses.,period1
WHITE HOUSE,FOREIGN POLICY,The White House is responsible for formulating and implementing the United States' foreign policy,NEUTRAL,1.0,The description provides factual information about the White House's role in foreign policy without indicating any specific action or conflict.,period2
CANADA,AMERICANS,Americans often express a sense of camaraderie and neighborly relations with Canada,NEUTRAL,1.0,The description discusses general feelings of camaraderie and neighborly relations without any explicit government action.,period2
JAPAN,BASIC SECURITY ASSESSMENT,The basic security assessment informs Japan's defense strategies in response to threats from North Korea and other nations,NEUTRAL,0.9,The description provides a general context about Japan's defense strategies without indicating any specific actions taken by the government.,period2
TRUMP-KIM SUMMIT,NORTH KOREA,"The Trump-Kim Summit was focused on issues directly related to North Korea, including its nuclear program",NEUTRAL,0.9,The description provides factual information about the summit without indicating any specific actions taken by either state.,period2
DEMILITARIZED ZONE,SOUTH KOREA,The DMZ is a significant geographical and political boundary for South Korea,NEUTRAL,1.0,The description provides general context about the DMZ without any explicit government action or conflict.,period2
MIKE POMPEO,NORTH KOREAN OFFICIALS,North Korean officials are meeting with Mike Pompeo to discuss denuclearization efforts.,DIPLOMACY,0.9,"The description involves a meeting between North Korean officials and Mike Pompeo focused on denuclearization efforts, indicating a diplomatic engagement.",period2
OBAMA,NOBEL PEACE PRIZE,Obama received the Nobel Peace Prize for his efforts in diplomacy and peace-building,NEUTRAL,0.9,The description provides factual information about Obama receiving the Nobel Peace Prize without indicating any specific action or conflict.,period2
SOUTH KOREA,MILITARY EXERCISES,"South Korea conducts military exercises with the United States, which are under discussion for suspension",NEUTRAL,0.9,The description provides factual information about military exercises and discussions regarding their suspension without indicating specific actions or outcomes.,period2
HILLARY CLINTON,BARACK OBAMA,"Hillary Clinton served as Secretary of State under President Barack Obama, working closely on various foreign policy initiatives",NEUTRAL,1.0,The description provides factual information about Hillary Clinton's role without mentioning any specific actions or policies.,period2
IRAN,SANCTIONS,"Iran is heavily impacted by sanctions, leading it to consider cryptocurrencies as a means to facilitate trade and economic activity",ECONOMIC,0.9,"The description focuses on Iran's consideration of cryptocurrencies as a response to the economic impact of sanctions, indicating an economic framing.",period2
PUTIN,CRIMEA,"Putin's administration is responsible for the annexation of Crimea, which has led to ongoing geopolitical tensions",NEUTRAL,0.9,The description provides factual information about the annexation of Crimea and its consequences without indicating specific actions or responses.,period2
TRUMP,OBAMA,"Donald Trump and Barack Obama are two prominent figures in American politics, each having served as President of the United States. Trump frequently draws comparisons between his own policies and achi",NEUTRAL,0.9,The description provides a general context about the political relationship between Trump and Obama without explicit government action or conflict.,period2
NORTH KOREA,US AIRCRAFT CARRIERS,"North Korea has threatened actions against US aircraft carriers, indicating military tensions",THREAT,0.9,"The description indicates a direct threat of military action against US aircraft carriers, which falls under the category of physical military actions.",period2
NORTH KOREA,WWIII,Tensions involving North Korea could potentially lead to a global conflict like World War III,NEUTRAL,0.9,The description discusses potential future tensions without indicating specific actions or government responses.,period2
NORTH KOREA,STEPHEN BIEGUN,Stephen Biegun represents the US in negotiations with North Korea regarding its nuclear weapons program and denuclearization efforts.,DIPLOMACY,1.0,"The description focuses on negotiations regarding North Korea's nuclear weapons program, indicating a diplomatic effort.",period2
NORTH KOREA,KIM IL SUNG,"Kim Il Sung is a significant historical figure and the founder of North Korea, having established the political framework and ideology that underpin the nation. His leadership marked the inception of ",NEUTRAL,1.0,The description provides factual information about Kim Il Sung's historical significance and the political framework of North Korea without any explicit government action.,period2
JAPAN,UNITED STATES,The United States and Japan have a military alliance to counter threats from North Korea and enhance regional security,NEUTRAL,0.9,The description provides factual information about a military alliance without indicating specific actions or conflicts.,period2
NORTH KOREA,ABM TECHNOLOGY,North Korea's missile capabilities are a direct concern for the development and deployment of ABM technology in the United States.,NEUTRAL,0.9,The description discusses North Korea's missile capabilities as a concern for U.S. ABM technology without indicating any specific actions taken by either state.,period2
SOUTH KOREA,MOON JAE IN,"Moon Jae In is the President of South Korea, where he plays a pivotal role in shaping the nation's policies and diplomatic relations, particularly concerning North Korea. As the current leader, he is ",NEUTRAL,0.9,The description provides general context about Moon Jae In's role and policies without indicating any specific actions or conflicts.,period2
NORTH KOREA,REGIME CHANGE,"The potential for regime change in North Korea is a significant concern for international relations, particularly regarding military intervention",NEUTRAL,0.9,The description discusses a general concern about regime change and military intervention without specifying any explicit actions taken by states.,period2
CNN,DONALD TRUMP,"Donald Trump has a contentious relationship with CNN, often labeling it as ""fake news"" during his presidency.",NEUTRAL,0.9,The description provides factual information about Trump's relationship with CNN without indicating any specific government action or conflict.,period3
NORTH KOREA,WEAPONS TESTS,North Korea's weapons tests are a significant factor in the humanitarian aid discussions,NEUTRAL,0.9,The description discusses the context of North Korea's weapons tests in relation to humanitarian aid discussions without indicating specific actions or outcomes.,period3
KIM JONG UN,MT. KUMGANG,Kim Jong Un's remarks about Mt. Kumgang reflect his policies affecting inter-Korean relations and tourism.,NEUTRAL,0.9,The description provides general context about remarks made by Kim Jong Un without indicating any specific action or conflict.,period3
USA,COLD WAR,"The USA was a principal actor in the Cold War, opposing the Soviet Union and influencing global politics.",NEUTRAL,1.0,The description provides general context about the USA's role in the Cold War without mentioning any specific actions or events.,period3
TRUMP,BJ,"Boris Johnson and Trump have shared a political relationship, particularly regarding Brexit and U.S.-UK relations",NEUTRAL,1.0,The description provides general context about the political relationship between Boris Johnson and Trump without indicating any specific actions or conflicts.,period3
NK,KOREAN PEOPLE'S REPUBLIC,The Korean People's Republic is part of North Korea's historical narrative and influences its current political identity,NEUTRAL,1.0,The description provides general context about North Korea's historical narrative and political identity without any explicit government action.,period3
NORTH KOREA,NUCLEAR WEAPONS,"North Korea has developed and possesses nuclear weapons, which are integral to its military strategy and national defense policy. The country actively pursues the enhancement of its nuclear arsenal as",NEUTRAL,0.9,The description provides factual information about North Korea's nuclear weapons program and its implications for military strategy and international relations without indicating specific actions or conflicts.,period3
TRUMP,DEAL,"The entity ""TRUMP"" refers to the administration of former President Donald Trump, which was characterized by its active engagement in international negotiations and deals that significantly influenced",NEUTRAL,0.9,The description provides factual information about the Trump administration's engagement in international negotiations without detailing specific actions or outcomes.,period3
SHIN HYE YONG,HANOI MEETING,"Shin Hye Yong was the interpreter at the Hanoi meeting, directly connecting her to the event and its significance",NEUTRAL,1.0,The description provides factual information about an individual's role at a meeting without indicating any specific government action or conflict.,period3
NORTH KOREA,ALLIED SHOCK AND AWE CAMPAIGN,The proposed allied shock and awe campaign is aimed at North Korea,THREAT,0.9,"The description indicates a proposed military action ('shock and awe campaign') aimed at North Korea, which falls under physical military actions.",period3
NORTH KOREA,BILL CLINTON,"Bill Clinton's administration was involved in negotiations with North Korea regarding its nuclear program, which contrasts with Trump's approach.",DIPLOMACY,0.9,"The description focuses on negotiations between the U.S. and North Korea regarding its nuclear program, indicating diplomatic engagement.",period3
DOAN THI HUONG,VX,"Doan Thi Huong used VX, a banned chemical weapon, in the assassination of Kim Jong-nam.",THREAT,1.0,"The use of VX, a banned chemical weapon, in an assassination indicates a physical military action that poses a threat.",period3
U.S.,TALIBAN,The Taliban has been involved in negotiations with the U.S. regarding peace agreements in Afghanistan,DIPLOMACY,0.9,"The description focuses on negotiations between the Taliban and the U.S., which falls under diplomatic actions.",period3
DONALD TRUMP,VLADIMIR PUTIN,"Donald Trump and Vladimir Putin are both significant figures in global politics, recently included in a survey that assesses threats to world peace. Their inclusion in this survey highlights the inter",NEUTRAL,0.9,The description provides general context about the relationship between Trump and Putin without explicit actions or conflicts.,period3
TRUMP,NUCLEAR TALKS,"Donald Trump is significantly involved in the nuclear talks with North Korea, a critical aspect of his administration's foreign policy. His administration actively engaged in negotiations aimed at den",DIPLOMACY,0.9,"The description focuses on negotiations and diplomatic efforts aimed at denuclearization, which aligns with the category of diplomacy.",period3
BERNIE,HILLARY,"Bernie and Hillary are both prominent figures in the Democratic field, often compared in debates",NEUTRAL,1.0,The description provides general context about Bernie and Hillary being prominent figures and compared in debates without any explicit action or conflict.,period3
TRUMP,DEATH CULTISTS,"Trump's actions and rhetoric have been associated with a group described as death cultists, reflecting a polarized political environment",NEUTRAL,0.9,The description provides general context about Trump's actions and rhetoric without indicating specific government action or conflict.,period3
JAPAN,MISSILE,The threat of North Korean missiles poses a direct risk to Japan's national security and public safety.,THREAT,0.9,"The description indicates a direct risk from North Korean missiles, which aligns with physical military actions.",period3
SOUTH KOREA,AID,South Korea has made promises to provide aid to North Korea as part of diplomatic efforts,DIPLOMACY,0.9,"The description focuses on South Korea's promises to provide aid to North Korea as part of diplomatic efforts, indicating a verbal commitment rather than a physical action.",period3
WINTER OLYMPICS,KIM YO JONG,Kim Yo Jong represented North Korea at the Winter Olympics in South Korea,NEUTRAL,1.0,The description provides factual information about Kim Yo Jong's representation at the Winter Olympics without indicating any specific government action or conflict.,period3
