sample_id,post_id,title,human_frame,gpt4o_mini_frame,o1_mini_frame
1.0,e9b67m,"The Atrocities Of IRGC Security Forces In Mahshahr, Iran",HUMANITARIAN,HUMANITARIAN,NEUTRAL
2.0,6x0s32,' North Korea links latest missile launch to Japan’s annexation of Korea over a century ago. Even some South Koreans will like that.'',THREAT,THREAT,NEUTRAL
3.0,c23li0,China pulls WTO suit over claim to be a market economy,ECONOMIC,ECONOMIC,NEUTRAL
4.0,9h6w16,North Korea’s Kim agrees to dismantle main nuke site if U.S. takes steps too,DIPLOMACY,DIPLOMACY,NEUTRAL
5.0,6p3sbo,Morales aside would you rather be dictator of North Korea or king of Saudi Arabia?,NEUTRAL,NEUTRAL,NEUTRAL
6.0,ajcx29,"Russia, Turkey, China denounce US interference in Venezuela",DIPLOMACY,DIPLOMACY,NEUTRAL
7.0,7szpx2,Dutch agencies provide crucial intel about Russia's interference in US-elections,NEUTRAL,NEUTRAL,NEUTRAL
8.0,96yei3,Iran's Supreme Leader Khamenei rejects Trump offer of talks,DIPLOMACY,DIPLOMACY,NEUTRAL
9.0,bzacye,North Korean leader's slain half-brother was a CIA informant,NEUTRAL,NEUTRAL,NEUTRAL
10.0,7bviz0,"US, China have 'frank' exchange on South China Sea during Trump's Beijing visit",DIPLOMACY,DIPLOMACY,NEUTRAL
11.0,79xmko,Former FBI agent says Russia interference began in 2014,NEUTRAL,NEUTRAL,NEUTRAL
12.0,a53ym2,Tibetan Youth Self-Immolates Over China's Tibet Policies,HUMANITARIAN,HUMANITARIAN,NEUTRAL
13.0,bk9ydw,"CNN Reports: Democrats take it up the ass as Barr laughs at them on the way with Trump for a round of Golf Friday. Biden comments China is our friend, hell we sell them missiles, tanks, and the last time I was in Taiwan well they are just beautiful people.",NEUTRAL,NEUTRAL,NEUTRAL
14.0,7llao0,U.N. imposes tough new sanctions against North Korea,ECONOMIC,ECONOMIC,NEUTRAL
15.0,7pbee5,North Korea: All our nukes and strategic weapons are pointed at the US,THREAT,THREAT,NEUTRAL
16.0,d12e58,"Iran activates advanced centrifuges, violates nuclear deal - National | Globalnews.ca",THREAT,THREAT,NEUTRAL
17.0,8qxauf,"Trump brushes off Kim's human rights record, saying a lot of others have done 'bad things'",NEUTRAL,NEUTRAL,NEUTRAL
18.0,c6tu0a,"Iran may stand down on nuclear THREAT after Europe, China work to bypass US sanctions",DIPLOMACY,DIPLOMACY,NEUTRAL
19.0,9mewxr,"Iran Political Prisoner Hamidreza Amini Issued Long Prison Sentence, Among His Charges Is Two years For “Insulting The Supreme Leader Ali Khamenei.”",HUMANITARIAN,HUMANITARIAN,NEUTRAL
20.0,b4wgbv,Trump will remove new North Korea-related sanctions because he 'likes' Kim Jong Un,DIPLOMACY,NEUTRAL,NEUTRAL
21.0,953hc6,U.S. revives sanctions to further damage Iran's economy,ECONOMIC,ECONOMIC,NEUTRAL
22.0,6camiw,Trump in Saudi Arabia signs $110B arms deal with Persian Gulf ally,THREAT,ECONOMIC,NEUTRAL
23.0,62my3i,Will Russia-China-Iran common interests ever lead to military alliance?,THREAT,NEUTRAL,NEUTRAL
24.0,7i6r2u,"US to maintain Russia sanctions until it withdraws from Ukraine, Tillerson says",ECONOMIC,ECONOMIC,NEUTRAL
25.0,7fkd80,Iran Warns It Would Increase Missile Range if THREATened by Europe,THREAT,DIPLOMACY,NEUTRAL
26.0,ar5a7o,Iranian Fake News in the New York Times. How Mullahs’ Regime Infiltrates Western Media.,NEUTRAL,NEUTRAL,NEUTRAL
27.0,bd9muw,"One Month, 500,000 Face Scans: How China Is Using A.I. to Profile a Minority",HUMANITARIAN,HUMANITARIAN,NEUTRAL
28.0,byp0pd,"More than 1 million protest in Hong Kong, organizers say, over Chinese extradition law",HUMANITARIAN,HUMANITARIAN,NEUTRAL
29.0,db5tek,China's official manufacturing PMI contracted again in September,NEUTRAL,NEUTRAL,NEUTRAL
30.0,c3q08l,"Iran’s grand strategy tests U.S. and its allies Yemen, Iraq, Syria - Middle East | Jerusalem Post",THREAT,NEUTRAL,NEUTRAL
31.0,bi9kqr,Report on sentiment on the DPRK street regarding Kim Jong-un’s trip to Russia,NEUTRAL,NEUTRAL,NEUTRAL
32.0,9ee0b9,North Korea parade shows off military strength,THREAT,THREAT,NEUTRAL
33.0,7zfn51,US is looking at potential new sanctions against Russia,ECONOMIC,ECONOMIC,NEUTRAL
34.0,b56ab3,Italy welcomes China's leader Xi Jinping and vast Belt and Road infrastructure project,DIPLOMACY,DIPLOMACY,NEUTRAL
35.0,79egdi,Why is Turkey so eager to be led down the belt and road?,NEUTRAL,NEUTRAL,NEUTRAL
36.0,6poshl,"France: U.S. Sanctions on Iran, Russia Look Illegal",DIPLOMACY,DIPLOMACY,NEUTRAL
37.0,c3xx6e,"Trump says new sanctions on Iran to start Monday, dials back rhetoric",ECONOMIC,ECONOMIC,NEUTRAL
38.0,a0de72,"If Ukraine and Russia go to war, who would join?, should we fear WW3?",NEUTRAL,NEUTRAL,NEUTRAL
39.0,br6fu3,North Korean women 'forced into sex slavery' in China-report,HUMANITARIAN,HUMANITARIAN,NEUTRAL
40.0,avvnld,North Korea denies Trump's account of summit collapse,DIPLOMACY,DIPLOMACY,NEUTRAL
41.0,c68w0v,Europeans Race to Establish Trade With Iran,ECONOMIC,ECONOMIC,NEUTRAL
42.0,caz8ot,LIVE: South Korean president arrives in Pyongyang for inter-Korean summit,DIPLOMACY,DIPLOMACY,NEUTRAL
43.0,6xpkqi,North Korea says has developed ‘advanced hydrogen bomb’ that can be fitted on ICBM,THREAT,THREAT,NEUTRAL
44.0,6zoms7,Trump: UN's North Korea sanctions are 'not a big deal',ECONOMIC,NEUTRAL,NEUTRAL
45.0,c57h1d,US Air Force strikes on Iranian Military computer systems,THREAT,THREAT,NEUTRAL
46.0,9z4o6v,"More British troops to be deployed to Ukraine in face of THREAT from Russia, MoD to announce",THREAT,THREAT,NEUTRAL
47.0,e0xl46,Canada warned of fallout on Five Eyes relationship if Huawei allowed on 5G,DIPLOMACY,DIPLOMACY,NEUTRAL
48.0,e3f028,Apple under fire for labelling Crimea as part of Russia in its apps,DIPLOMACY,NEUTRAL,NEUTRAL
49.0,e5lp74,Reagan’s forgotten Iran-Contra escape may reveal more about Trump’s fate than Watergate,NEUTRAL,NEUTRAL,NEUTRAL
50.0,bmbzqi,"Taiwan to Improve Ties With India, Official Says, Despite Chinese Disfavour",DIPLOMACY,DIPLOMACY,NEUTRAL
51.0,ebtg82,Rudy Giuliani Special Featured on Russian State TV,NEUTRAL,NEUTRAL,NEUTRAL
52.0,aktlxs,China Releases Footage of Successful Launch of Missile That Could Strike U.S. Territory,THREAT,THREAT,NEUTRAL
53.0,dqin3j,China's economy struggles as consumers tighten belts,ECONOMIC,ECONOMIC,NEUTRAL
54.0,bmnua4,"Trump's top intelligence and military advisers held unusual meeting at CIA on Iran, officials say",THREAT,NEUTRAL,NEUTRAL
55.0,ayi4z9,"China’s economy is 12% smaller than official data say, study finds",NEUTRAL,NEUTRAL,NEUTRAL
56.0,7r7rbt,U.S. Strategy Shift in Syria Turns Focus to Iran From ISIS,THREAT,NEUTRAL,NEUTRAL
57.0,dj8ggb,Giuliani's work for Iranian group with bloody past could lead to more legal woes,NEUTRAL,NEUTRAL,NEUTRAL
58.0,7m0jh2,The rapid development of China ‘s service trade – International Trading Services Company,NEUTRAL,NEUTRAL,NEUTRAL
59.0,6zt5os,"U.S. will suffer ‘greatest pain’ in wake of latest UN sanctions say North Korea | JoltaNews | Pakistan News - Breaking News - Business News Current Affairs, Politics",DIPLOMACY,DIPLOMACY,NEUTRAL
60.0,6u80oa,"China military criticises 'wrong' U.S. moves on Taiwan, South China Sea",DIPLOMACY,DIPLOMACY,NEUTRAL
61.0,7n40e5,Report: 3 protesters shot dead by Revolutionary Guards as Iran rallies intensify,HUMANITARIAN,HUMANITARIAN,NEUTRAL
62.0,efetpx,"Russian attacks devour 979 HUMANITARIAN aid workers, SNHR report says",HUMANITARIAN,HUMANITARIAN,NEUTRAL
63.0,7q4rc5,Iran rejects Trump’s demand for changes to Obama-era nuclear deal,DIPLOMACY,DIPLOMACY,NEUTRAL
64.0,5t8mko,"Trump, Changing Course on Taiwan, Gives China an Upper Hand",NEUTRAL,NEUTRAL,NEUTRAL
65.0,dfhr7w,Senate Republicans Say Russia Helped Trump—and Is Still Messing in US Elections,NEUTRAL,NEUTRAL,NEUTRAL
66.0,a67sf4,"""Top Secret"" Intel Report Claims Russia, China Continue To Help North Korea Evade Sanctions",NEUTRAL,ECONOMIC,NEUTRAL
67.0,5v4o90,Kremlin: Russia cannot take Crimea on lease from itself - Russia Beyond the Headlines,NEUTRAL,NEUTRAL,NEUTRAL
68.0,a7ooir,"Obama-like mistake': Republicans slam Trump over plan to withdraw troops from Syria, GOP lawmakers say vacuum will empower Russia, Iran and insurgent fighters",NEUTRAL,NEUTRAL,NEUTRAL
69.0,b161u7,Iranian Islamic Revolutionary Guard Strategist Praises Parents Who Handed Over Their Oppositionist Children For Execution,HUMANITARIAN,HUMANITARIAN,NEUTRAL
70.0,d8z3yx,Iraq to join China's Belt and Road project,DIPLOMACY,ECONOMIC,NEUTRAL
71.0,8oyfzt,What Does China’s Belt and Road Initiative Mean for US Grand Strategy,NEUTRAL,NEUTRAL,NEUTRAL
72.0,c2om5r,Apple wants to move a huge chunk of iPhone production away from China and cut its exposure to the trade war,NEUTRAL,ECONOMIC,NEUTRAL
73.0,7oqhky,"Russia 'simulated full-scale war' against Nato, says military commander - 'The scale & extent of the entire exercise was far greater than officially stated'",THREAT,THREAT,NEUTRAL
74.0,d2frz2,North Korea fires 2 projectiles after offering talks with US - NBCNews.com,THREAT,NEUTRAL,NEUTRAL
75.0,e6ry11,US President Donald Trump: The UNSC Must Take Action on Iran. They are Killing Protesters. (VOA news clip),HUMANITARIAN,HUMANITARIAN,NEUTRAL
76.0,9cin67,Backlash builds against China as Belt and Road ties fray,NEUTRAL,NEUTRAL,NEUTRAL
77.0,a70qr3,North Korea says continued US sanctions put denuclearization at risk,DIPLOMACY,DIPLOMACY,NEUTRAL
78.0,bz0n33,Trump Laments his Lack of China-Style Control of Fed Policy,NEUTRAL,NEUTRAL,NEUTRAL
79.0,c0b03p,"Chinese Cyberattack Hits Telegram, App Used by Hong Kong Protesters",HUMANITARIAN,HUMANITARIAN,NEUTRAL
80.0,8lld1o,Will Europe really be able to get around U.S. sanctions reguarding Iran ?,ECONOMIC,NEUTRAL,NEUTRAL
81.0,7aqe61,"Once Formidable, Taiwan's Military Now Overshadowed by China's",NEUTRAL,NEUTRAL,NEUTRAL
82.0,6kwebe,"Kobe Bryant, Samuel L. Jackson, Marlon Wayans puzzled by Pacquiao defeat: ‘Russians hacked this decision’",NEUTRAL,NEUTRAL,NEUTRAL
83.0,baq01s,Angola Plans Manufacturing Russian Military Equipment,THREAT,ECONOMIC,NEUTRAL
84.0,c6w48m,chinese massage,NEUTRAL,NEUTRAL,NEUTRAL
85.0,chhunx,South Korea says North Korea fired 2 projectiles,THREAT,THREAT,NEUTRAL
86.0,5q0s5f,China-Singapore Commodity and RMB Summit,DIPLOMACY,NEUTRAL,NEUTRAL
87.0,5uvwee,U.S. carrier group patrols in South China Sea: U.S. navy,THREAT,THREAT,NEUTRAL
88.0,7o1vt0,Japan's prime minister Abe says North Korea THREAT the 'severest since World War II'.,THREAT,DIPLOMACY,NEUTRAL
89.0,bdxits,"Turkey eyes US sanctions waivers on Iran oil, Russia arms",DIPLOMACY,ECONOMIC,NEUTRAL
90.0,6rya5g,North Korea: China urges neighbour to stop missile tests- BBC News,DIPLOMACY,DIPLOMACY,NEUTRAL
91.0,br4le9,Kushner Received $285M Loan From a Bank Tied To Russia Shortly Before Election:,NEUTRAL,NEUTRAL,NEUTRAL
92.0,7by4cx,"Surprise! Iran has a small military budget, whether per capita or as percentage of GDP",NEUTRAL,NEUTRAL,NEUTRAL
93.0,7ct27s,North Korea soldier shot while defecting at DMZ to South,HUMANITARIAN,HUMANITARIAN,NEUTRAL
94.0,d6qyr0,"Trump grants tariff exemptions to plastic straws, dog leashes and more from China - CNBC",DIPLOMACY,ECONOMIC,NEUTRAL
95.0,8q1u35,Susan Rice: 'Disgraceful' for Trump to blame Obama for Russia's annexation of Crimea,NEUTRAL,NEUTRAL,NEUTRAL
96.0,bv3g2j,"Launched in 2002 and held each year at Singapore's Shangri-La Hotel, the summit is Asia's largest annual defence and security gathering. It seeks to promote bilateral dialogue among sometimes hostile adversaries, and is traditionally attended by delegates from Asia Pacific nations as well as the US.",NEUTRAL,NEUTRAL,NEUTRAL
97.0,7p4dgp,North Korea holds talks with South at the DMZ: Live updates,DIPLOMACY,DIPLOMACY,NEUTRAL
98.0,6o67m4,ISIS Executes 2200 Students with Hands Tied: Iran's Gen. Soleimani,HUMANITARIAN,HUMANITARIAN,NEUTRAL
99.0,7lj9kd,UN slaps fresh sanctions on North Korea,ECONOMIC,ECONOMIC,NEUTRAL
100.0,ctcxup,Venezuela to Open Embassy in Pyongyang on Wednesday,DIPLOMACY,DIPLOMACY,NEUTRAL
101.0,dux6ij,"Xi Jinping reiterates rallying call to Chinese military, stresses need for Communist Party’s ‘grip’",THREAT,DIPLOMACY,NEUTRAL
102.0,6t2ony,"US to designate the IRGC, affiliates as terrorists",THREAT,THREAT,NEUTRAL
103.0,7f1h6s,"Syria, Russia & Iran shift to DIPLOMACY, while US and allies push for war | WUC-News",NEUTRAL,NEUTRAL,NEUTRAL
104.0,6pi2k6,US Navy ship fired warning shots at an Iranian boat in the Persian Gulf,THREAT,THREAT,NEUTRAL
105.0,ckrewe,Germany refuses to join US-led naval mission in Strait of Hormuz,NEUTRAL,NEUTRAL,NEUTRAL
106.0,bmroaj,Trump gambles with economy on China showdown as 2020 looms,NEUTRAL,NEUTRAL,NEUTRAL
107.0,74orlj,Qatar holds unmovable U.S. air base in unstoppable conflict with Persian Gulf allies,NEUTRAL,NEUTRAL,NEUTRAL
108.0,85op8q,"The United States, Iran, and the Middle East / Persian Gulf Tango: Past Blunders, Unavoidable Collaboration ← Farazian Focus",NEUTRAL,NEUTRAL,NEUTRAL
109.0,70a3u5,Top Senate Foreign Relations Democrat warns : Turkey's Purchase of Russian missile system may trigger sanctions,ECONOMIC,ECONOMIC,NEUTRAL
110.0,adymto,How Two Persian Gulf Nations Turned The US Media Into Their Battleground,NEUTRAL,NEUTRAL,NEUTRAL
111.0,bu4tuq,U.S. to boycott flagship Russian investment forum over detained investor,DIPLOMACY,ECONOMIC,NEUTRAL
112.0,6jb8vz,Chinese Eat Baby Soup for Sex One Baby Policy Blamed for Killing Babies in China,NEUTRAL,NEUTRAL,NEUTRAL
113.0,7tn572,Hundreds detained as protesters in Russia call for election boycott,HUMANITARIAN,HUMANITARIAN,NEUTRAL
114.0,eheui3,Chinese metal mines feed the global demand for gadgets. They’re also poisoning China’s poorest regions.,NEUTRAL,HUMANITARIAN,NEUTRAL
115.0,a9vd07,Russia says Israeli strikes on Syria THREATened two civilian flights,DIPLOMACY,HUMANITARIAN,NEUTRAL
116.0,brm9yz,A 'fool of low IQ': North Korea derides US presidential candidate Joe Biden - CNN,DIPLOMACY,DIPLOMACY,NEUTRAL
117.0,8ql6ao,4 winners and 4 losers from the Trump-Kim summit in Singapore,DIPLOMACY,NEUTRAL,NEUTRAL
118.0,7ewn7r,RUSSIA CLAIMS U.S. SUPPORTING 'TERRORISM' INSTEAD OF FIGHTING ISIS IN SYRIA,DIPLOMACY,DIPLOMACY,NEUTRAL
119.0,7gfz8u,America Is Not Going to Denuclearize North Korea,DIPLOMACY,NEUTRAL,NEUTRAL
120.0,ea6rev,Schumer: Trump 'sold out' on China trade deal,NEUTRAL,NEUTRAL,NEUTRAL
121.0,a32s2i,NATO allies say Russia is violating nuclear pact,DIPLOMACY,DIPLOMACY,NEUTRAL
122.0,8k0cbg,US to give 'regular ARMS SALES' to Taiwan to help fight China as tensions continue to RISE,THREAT,THREAT,NEUTRAL
123.0,bxj4vd,"In response to North Korean missiles, Trump creates his own reality",NEUTRAL,NEUTRAL,NEUTRAL
124.0,5skogf,Iran's Supreme Leader Ayatollah Khamenei says Donald Trump is showing 'the real face of America',DIPLOMACY,DIPLOMACY,NEUTRAL
125.0,7l0hpb,Russia working on defensive measures to counter possible new U.S. sanctions - Kremlin,ECONOMIC,ECONOMIC,NEUTRAL
126.0,c6ggnp,"Western liberalism is obsolete, warns Putin, ahead of May meeting",DIPLOMACY,DIPLOMACY,NEUTRAL
127.0,8gyd8r,"For U.S. and China, Lasers and Missiles Heighten Military Tensions",THREAT,THREAT,NEUTRAL
128.0,73nqzd,Trump Tillerson 'wasting time' negotiating with North Korea,NEUTRAL,NEUTRAL,NEUTRAL
129.0,d5y5ax,Trump says he has ordered substantial increase of Iran sanctions,ECONOMIC,ECONOMIC,NEUTRAL
130.0,aktx8s,A Trump insider got a board position right after the US lifted sanctions on a Russian company,NEUTRAL,NEUTRAL,NEUTRAL
131.0,bvy80j,Majority sees Taiwan and China as separate: study,NEUTRAL,NEUTRAL,NEUTRAL
132.0,bfeqaj,Ex-CIA agent demolishes Trump defender's talking point that Obama was to blame for Russian hacking,NEUTRAL,NEUTRAL,NEUTRAL
133.0,6lly73,Trump tells Russia to stop 'destabilising' Ukraine,DIPLOMACY,DIPLOMACY,NEUTRAL
134.0,atxovw,The US military hid its counter intelligence operations against Russian meddling in elections from Trump’s White House.,NEUTRAL,NEUTRAL,NEUTRAL
135.0,7sj0g3,Rex Tillerson: Russia bears responsibility for Syria chemical attacks,DIPLOMACY,DIPLOMACY,NEUTRAL
136.0,7mbm4f,Propaganda Aiming to Prove Iran Supplied Missiles Backfires (Scott Ritter),NEUTRAL,NEUTRAL,NEUTRAL
137.0,c04v56,Private armies and secret deals: Russia's drive into Africa – podcast,THREAT,NEUTRAL,NEUTRAL
138.0,b2i1s7,Trump appears to claim UK invented Russia interference in 2016 election to 'bait' US into taking its side | The Independent,NEUTRAL,NEUTRAL,NEUTRAL
139.0,711zjd,Trump's Trade Chief Calls China an Unprecedented THREAT to World Trade - Breitbart,DIPLOMACY,DIPLOMACY,NEUTRAL
140.0,e3muip,Beijing condemn Italy's PMs for talking with Wong (HK activist),DIPLOMACY,DIPLOMACY,NEUTRAL
141.0,6bs203,Robert Mueller appointed special counsel to oversee probe into Russia's interference in 2016 election,NEUTRAL,NEUTRAL,NEUTRAL
142.0,dzhpuj,Iran protests: Rouhani claims victory against 'enemy' after crackdown,HUMANITARIAN,NEUTRAL,NEUTRAL
143.0,blfxht,Syrian militants rocket Russian airbase in Syria - Russian military,THREAT,THREAT,NEUTRAL
144.0,90fm55,"Russian Electoral Intervention: Strategic Genius or Something Else? - Dan Nexon argues that Moscow’s decision to back Trump was a risky gamble. Even though Trump managed to win and is damaging American power, leadership, and influence, this may very well harm Russia's interests in the long-term.",NEUTRAL,NEUTRAL,NEUTRAL
145.0,booqpq,Iran’s Khamenei says ‘there is not going to be any war’ with US,DIPLOMACY,DIPLOMACY,NEUTRAL
146.0,702di7,"Russia kicks off war games with Belarus as U.S., NATO watch anxiously",THREAT,THREAT,NEUTRAL
147.0,c6y034,Turkey's Erdogan says U.S. will not impose sanctions over Russian missile deal,DIPLOMACY,NEUTRAL,NEUTRAL
148.0,b376mz,President Trump Just Sidelined His Own Top North Korea Negotiator,NEUTRAL,NEUTRAL,NEUTRAL
149.0,c305dh,Noam Chomsky: The Real Election Meddling Isn't Coming From Russia,NEUTRAL,NEUTRAL,NEUTRAL
150.0,66t0en,[Press Release] Tillerson: 'This deal (JCPOA) represents the same failed approach of the past that brought us to the current imminent THREAT we face from North Korea. The Trump administration has no intention of passing the buck to a future administration on Iran'.,NEUTRAL,NEUTRAL,NEUTRAL
151.0,9pme8p,Russia vs NATO...The world war 3 is coming soon???,NEUTRAL,NEUTRAL,NEUTRAL
152.0,7vp998,Trump said he’d shrink the trade deficit with China. It just hit a record high.,NEUTRAL,NEUTRAL,NEUTRAL
153.0,cr2x8c,North Korea fires more projectiles and says talks with 'impudent' South Korea are over,THREAT,THREAT,NEUTRAL
154.0,ae0ke9,Can the Land of a Million Elephants Survive the Belt and Road? - Chinese-funded projects in Laos could hasten the eradication of the elephant population.,ECONOMIC,HUMANITARIAN,NEUTRAL
155.0,79wmc2,Tunnel collapse may have killed 200 after North Korea nuclear test: reports,HUMANITARIAN,HUMANITARIAN,NEUTRAL
156.0,5tyzm2,Is it likely that North Korea's missile test on Sunday was an intelligence gathering exercise aimed at the mar-a-lago meeting with President Trump and PM Shinzo Abe?,NEUTRAL,NEUTRAL,NEUTRAL
157.0,bbp3ot,"Trump's business connections to IRGC reemerge, a day after he called it a terrorist organisation",NEUTRAL,NEUTRAL,NEUTRAL
158.0,eawlqb,North Korea calls Trump a 'heedless and erratic old man',DIPLOMACY,DIPLOMACY,NEUTRAL
159.0,7foknf,"RUSSIA HAS DEPLOYED THOUSANDS OF TANKS, TROOPS TO UKRAINE, TOP OFFICIAL SAYS",THREAT,THREAT,NEUTRAL
160.0,dcccl3,Putin jokes that Russia will meddle in 2020 US elections,NEUTRAL,DIPLOMACY,NEUTRAL
161.0,dyqdq4,"Anonymous Hacks China As Chinese Military Moves On Hong Kong, Students Trapped at Polytechnic University - Activist Post",THREAT,HUMANITARIAN,NEUTRAL
162.0,e9jj6n,"Beijing’s policies uniting US interest groups – against China, veteran diplomat Christopher Hill warns",NEUTRAL,NEUTRAL,NEUTRAL
163.0,7qbqxx,China shuts Marriott's website over Tibet and Taiwan error,ECONOMIC,ECONOMIC,NEUTRAL
164.0,bspbvl,Did China overlook ideological differences? The democratic world is teaming up on the CCP,NEUTRAL,NEUTRAL,NEUTRAL
165.0,6xpou6,Sources claim that North Korea has developed a Hydrogen bomb and is capable of attaching it to an ICBM.,THREAT,THREAT,NEUTRAL
166.0,ecwbk2,Navy Admiral: Russian Submarine Activity Highest US Has Seen In a Long Time,THREAT,NEUTRAL,NEUTRAL
167.0,bn8aj6,"DONALD TRUMP CAN’T MAKE A DEAL: U.S. TRIES AND FAILS WITH IRAN, NORTH KOREA AND CHINA",NEUTRAL,NEUTRAL,NEUTRAL
168.0,dt3dm5,"China and the US agree to roll back tariffs in phases, Chinese official says",DIPLOMACY,ECONOMIC,NEUTRAL
169.0,d50vx6,Trump’s tough talk on Iran is just bluster – and Iran’s Revolutionary Guards are running rings round him,NEUTRAL,NEUTRAL,NEUTRAL
170.0,6ymurq,Nato accuses Russia of blocking observation of massive war game | World news,DIPLOMACY,NEUTRAL,NEUTRAL
171.0,7wlsyr,"Iran’s Foreign Ministry rejected as “ridiculous” reports that Israel had intercepted an Iranian drone launched from Syria on Saturday, state TV reported",DIPLOMACY,DIPLOMACY,NEUTRAL
172.0,b59ae3,"France bans Iran's Mahan Air for flying arms, troops to Syria, elsewhere",ECONOMIC,ECONOMIC,NEUTRAL
173.0,a5dgd3,Canadian warship HMCS Calgary witnesses potential violations of North Korea sanctions,NEUTRAL,NEUTRAL,NEUTRAL
174.0,6myf0a,Siemens to press charges after turbines moved from Russia to Crimea,NEUTRAL,ECONOMIC,NEUTRAL
175.0,a6p4l0,Vahid Sayadi Nasiri died in an Iranian prison after a 60-day hunger strike. He had been given an 8-year sentence for a Facebook post criticizing Supreme Leader Ayatollah Ali Khamenei.,HUMANITARIAN,HUMANITARIAN,NEUTRAL
176.0,dfrqtk,U.S. to issue licenses for supply of non-sensitive goods to Huawei: NYT,DIPLOMACY,ECONOMIC,NEUTRAL
177.0,7667v1,Iran nuclear deal: Trump decertifies Obama-era agreement accusing Tehran of spreading 'destruction and chaos',DIPLOMACY,DIPLOMACY,NEUTRAL
178.0,7pf6g5,South Korea’s Leader Credits Trump for North Korea Talks,DIPLOMACY,NEUTRAL,NEUTRAL
179.0,e20m70,"Iran Is Getting Closer to a Nuclear Bomb, Thanks to Trump",NEUTRAL,NEUTRAL,NEUTRAL
180.0,5y00dq,Trump Organization Struck Deal With Azerbaijani Oligarch Tied to Iran's Revolutionary Guard,NEUTRAL,NEUTRAL,NEUTRAL
181.0,anywo7,U.N. grants sanctions exemptions for HUMANITARIAN aid to North Korea,DIPLOMACY,HUMANITARIAN,NEUTRAL
182.0,6u5ata,"In Ukraine, a Malware Expert Who Could Blow the Whistle on Russian Hacking",NEUTRAL,NEUTRAL,NEUTRAL
183.0,8lsw1d,Trump cancels Singapore summit with North Korea,DIPLOMACY,DIPLOMACY,NEUTRAL
184.0,602x0a,"Tillerson in Beijing set to talk on North Korea, South China Sea",DIPLOMACY,DIPLOMACY,NEUTRAL
185.0,6hd7he,South China sea: US &amp; China return to 'business as usual' over war ship,DIPLOMACY,NEUTRAL,NEUTRAL
186.0,db6kvn,What are the chances of the Trump administration normalizing relations with Iran to ease tensions?,NEUTRAL,NEUTRAL,NEUTRAL
187.0,eadqdo,"Hong Kong, China stock markets soar after reports of Trump signing off trade deal",NEUTRAL,ECONOMIC,NEUTRAL
188.0,bmnwiz,"EU urges Iran to respect nuclear deal, regrets US sanctions",DIPLOMACY,DIPLOMACY,NEUTRAL
189.0,a97w72,AP Fact Check: Trump recycles fictions about Iran deal,NEUTRAL,NEUTRAL,NEUTRAL
190.0,7cgbdc,"SNL': Michael Che Calls Trump ""Vain and Catty"" Over Kim Jong Un Tweet",NEUTRAL,NEUTRAL,NEUTRAL
191.0,6pfpzm,Baghdad seeking ‘substantial’ Russian military & political presence in Iraq – vice-president — RT News,DIPLOMACY,DIPLOMACY,NEUTRAL
192.0,c0entx,U.S. releases video it says shows Iran's military recovering mine,DIPLOMACY,THREAT,NEUTRAL
193.0,cl2hgj,World War 3: Trump on brink of new arms race as Russia and US break nuclear weapon deal,NEUTRAL,THREAT,NEUTRAL
194.0,7m5ldr,U.S. Decision to Send Lethal Arms to Ukraine Signals Tougher Stance on Russia,THREAT,THREAT,NEUTRAL
195.0,ahi1wf,"In a rare move, Mueller’s office denies BuzzFeed report that Trump told Cohen to lie about Moscow project",NEUTRAL,NEUTRAL,NEUTRAL
196.0,c7x12e,Iran breaches uranium stockpile limit set by nuclear deal,THREAT,NEUTRAL,NEUTRAL
197.0,c3hp9c,U.S. and Iran increased hostility,THREAT,THREAT,NEUTRAL
198.0,dpkmvn,DPRK fires unidentified projectile towards East Sea: S.Korea,THREAT,THREAT,NEUTRAL
199.0,dk0ad9,Why Trade Wars Are Inevitable,ECONOMIC,NEUTRAL,NEUTRAL
200.0,5uivlf,"Climate driven migration key topic for G20 summit: The foreign ministers of the G20 are in Bonn to discuss sustainable development. With uncertainty over the Trump administration’s policies, China is seen as a possible new leader.",DIPLOMACY,NEUTRAL,NEUTRAL
201.0,ebq8i9,Taiwan YouTuber loses China business over Tsai interview,ECONOMIC,ECONOMIC,NEUTRAL
202.0,cfnx98,China’s inflated its population numbers to hide the harmful legacy of its family planning policy,NEUTRAL,NEUTRAL,NEUTRAL
203.0,7t1gfb,"North Korea shipped coal to Russia last year which was then delivered to South Korea and Japan in a likely violation of U.N. sanctions, three Western European intelligence sources said.",NEUTRAL,ECONOMIC,NEUTRAL
204.0,67nw4s,"North Korea’s nukes are a long-term worry, not an immediate crisis. Trump’s belligerence could change that.",NEUTRAL,NEUTRAL,NEUTRAL
205.0,7nf4zg,"Kim Jong Un urges mass production of nukes, says North Korea ready for war",THREAT,THREAT,NEUTRAL
206.0,c6r5vo,Trump offers to meet North Korean leader Kim Jong Un in DMZ,DIPLOMACY,DIPLOMACY,NEUTRAL
207.0,8vapd4,"Iran will allow private companies to export crude oil, part of a strategy to counter US sanctions, and is urging fellow OPEC members, including regional rival Saudi Arabia, not to break output agreements",ECONOMIC,ECONOMIC,NEUTRAL
208.0,8iks9i,Putin given Israeli PM Netanyahu the green light to hit Iran in Syria.,THREAT,THREAT,NEUTRAL
209.0,eejl78,Xi urges progress in North Korea-US talks,DIPLOMACY,DIPLOMACY,NEUTRAL
210.0,bh7w2g,Mr. Latecomer' Putin shows up ahead of time for summit with Kim | Yonhap News Agency,DIPLOMACY,DIPLOMACY,NEUTRAL
211.0,774scj,"""US Sees IRGC as Main Reason behind Its Regional Failure"": An Iranian general says",DIPLOMACY,NEUTRAL,NEUTRAL
212.0,b66i1f,Trump’s Call for Russian Hacking Makes Even Less Sense After Mueller ; Many Americans have become numb to the president’s rhetoric. But his infamous plea to the Kremlin is still inexplicable.,NEUTRAL,NEUTRAL,NEUTRAL
213.0,c7zy9s,EU powers resist calls for Iran sanctions after breach of nuclear deal,DIPLOMACY,NEUTRAL,NEUTRAL
214.0,b1g3lz,North Korea may suspend nuclear talks with 'gangster-like' U.S.: diplomat,DIPLOMACY,DIPLOMACY,NEUTRAL
215.0,avu7q3,"North Korea’s foreign minister says country seeks only partial sanctions relief, contradicting Trump",DIPLOMACY,NEUTRAL,NEUTRAL
216.0,9bsb8a,Japan defence ministry seeks record budget over North Korea THREAT,THREAT,THREAT,NEUTRAL
217.0,9gnclo,"Turkey, Russia agree on demilitarized zone in Syria's Idlib",DIPLOMACY,DIPLOMACY,NEUTRAL
218.0,5wdjys,Iran Begins Navy Drill off Strait of Hormuz As US Newly Cautious,THREAT,THREAT,NEUTRAL
219.0,7yo0rm,"Philippine President Rodrigo Duterte sought on Monday to allay fears about China’s construction of military bases on manmade islands in the South China Sea, saying these were built to defend against America rather than confront neighboring states",DIPLOMACY,DIPLOMACY,NEUTRAL
220.0,5tir5d,North Korea 'conducts missile test',THREAT,THREAT,NEUTRAL
221.0,acnstf,NASA head rescinds invite to Russian official sanctioned by Washington,NEUTRAL,NEUTRAL,NEUTRAL
222.0,dmw2u2,BMW CEO says trade war could cost U.S. jobs,ECONOMIC,ECONOMIC,NEUTRAL
223.0,9tm7g3,US has plan to cyberattack Russia if it interferes in midterms: report,THREAT,THREAT,NEUTRAL
224.0,7h5ul2,Leaked White House Transition Emails: Russia Threw U.S. Election for Trump,NEUTRAL,NEUTRAL,NEUTRAL
225.0,76tb3n,President Donald Trump Delivers Statement on IRAN NUCLEAR DEAL- DECERTIFIED THE DEAL???,DIPLOMACY,NEUTRAL,NEUTRAL
226.0,c3hg9s,Putin temporarily blocks passenger flights to Georgia,NEUTRAL,NEUTRAL,NEUTRAL
227.0,9eeopu,North Korea Cuts ICBMs Out of Military Parade,DIPLOMACY,NEUTRAL,NEUTRAL
228.0,ebnvsh,"China, Russia propose lifting of some U.N. sanctions on North Korea",DIPLOMACY,DIPLOMACY,NEUTRAL
229.0,ebnvsh,"China, Russia propose lifting of some U.N. sanctions on North Korea",DIPLOMACY,DIPLOMACY,NEUTRAL
230.0,dft0lz,Iran constructing power plant in Syria’s Latakia,NEUTRAL,NEUTRAL,NEUTRAL
231.0,awghcs,Otto Warmbier: Parents of man tortured in North Korea condemn Trump's 'lavish praise' for Kim Jong-un,NEUTRAL,NEUTRAL,NEUTRAL
232.0,6gskoc,China vs Japan 2017 - Who Would Win - Army / Military Comparison,NEUTRAL,NEUTRAL,NEUTRAL
233.0,7spv32,U.S. Sanctions Would Be ‘ECONOMIC War’ to Head of Russia’s VTB,ECONOMIC,ECONOMIC,NEUTRAL
234.0,884u61,Ukrainian Naftogaz may request an arrest of shares of Nord Stream I and II,NEUTRAL,NEUTRAL,NEUTRAL
235.0,bqxo3s,One-third of EU firms hit hard by US-China trade war,ECONOMIC,ECONOMIC,NEUTRAL
236.0,84zsdm,Report concludes hefty tariffs on China could cost US economy billions,ECONOMIC,ECONOMIC,NEUTRAL
237.0,6w1y2u,"North Korea has launched what may be another ballistic missile, South Korean military says",THREAT,THREAT,NEUTRAL
238.0,ck5j33,"China to stop issuing visas for mainlanders to travel to Taiwan, as tensions mount",NEUTRAL,THREAT,NEUTRAL
239.0,6w4ch4,US sanction on Iran leads Apple to remove popular Iranian apps from the App Store,ECONOMIC,ECONOMIC,NEUTRAL
240.0,c3vx2p,North Korea’s Kim Jong Un received an ‘excellent’ letter from Trump: State media,DIPLOMACY,NEUTRAL,NEUTRAL
241.0,8tgne7,"Authorities in the eastern Chinese province of Jiangsu on Friday struggled to contain growing protests by at least 1,000 People's Liberation Army (PLA) veterans enraged at the beating of a fellow veteran earlier this week.",NEUTRAL,HUMANITARIAN,NEUTRAL
242.0,dj4gr4,"It’s curtains for US in Syria. Russia, Iran owe big thanks to Erdogan",NEUTRAL,NEUTRAL,NEUTRAL
243.0,6p27e7,"As a challenge to China’s ambitious ‘One Belt One Road’ (OBOR) project, India has decided to speed up ‘South Asian Sub-Regional ECONOMIC Cooperation’ (SASEC)",DIPLOMACY,ECONOMIC,NEUTRAL
244.0,e7crwd,"Despite the Pressure From the US, Huawei’s Earnings Gets Increased by 24.4 percent",ECONOMIC,ECONOMIC,NEUTRAL
245.0,bxg09p,Saudi Arabia’s ballistic missile cooperation with China,THREAT,THREAT,NEUTRAL
246.0,8q2o43,"Trump, Kim arrive in Singapore ahead of high-stakes summit | CBC News",DIPLOMACY,DIPLOMACY,NEUTRAL
247.0,6q5716,US hits Iran with more sanctions in response to space launch,ECONOMIC,ECONOMIC,NEUTRAL
248.0,e0dh0f,U.S. 'concerned' China is seeking to sway Taiwan polls,NEUTRAL,DIPLOMACY,NEUTRAL
249.0,7ntxlb,China dismissed a report on a US conservative news website that the Communist Party has a secret plan to provide increased aid and military support to North Korea. “Anyone with common sense can see that the document is fake.”,NEUTRAL,NEUTRAL,NEUTRAL
250.0,5uif9y,Emoluments in China: Did China successfully try to curry favor with Trump in order to influence “One China” policy?,NEUTRAL,NEUTRAL,NEUTRAL
251.0,65h8gs,North Korea defectors launch 'birthday' balloons across DMZ,NEUTRAL,HUMANITARIAN,NEUTRAL
252.0,eb9x74,"US to North Korea: 'We're here, you know how to reach us' Visiting South Korea, US special envoy on North Korea, Stephen Biegun urged the North to return to stalled talks.",DIPLOMACY,DIPLOMACY,NEUTRAL
253.0,9bdgi8,NATO spokesman: Planned Russia/China war games “demonstrates Russia’s focus on exercising large-scale conflict.”,HUMANITARIAN,THREAT,NEUTRAL
254.0,e4zerq,"With Brutal Crackdown, Iran Convulsed by Worst Unrest in 40 Years",HUMANITARIAN,HUMANITARIAN,NEUTRAL
255.0,80hsav,North Korean man hasn't seen his family in 70 years,THREAT,HUMANITARIAN,NEUTRAL
256.0,e6a6fb,Officials: U.S. Navy seizes suspected Iranian missile parts set for Yemen,NEUTRAL,THREAT,NEUTRAL
257.0,80r3dj,Trump Still Hasn’t Given the Green Light to Counter Russian Hacking,DIPLOMACY,NEUTRAL,NEUTRAL
258.0,7lutl3,North Korea says new U.N. sanctions an act of war,DIPLOMACY,DIPLOMACY,NEUTRAL
259.0,7g5sd6,"Hillary Clinton, taking a different tone than Trump, hits China on human rights and South China Sea",DIPLOMACY,DIPLOMACY,NEUTRAL
260.0,77dr6p,Iran's Ayatollah says Trump is 'foul-mouthed' and 'pretends to be an idiot',NEUTRAL,DIPLOMACY,NEUTRAL
261.0,c4zwro,"Spanish judges 'disgusted' with suspects' claim 'I'm Taiwanese, not Chinese'",DIPLOMACY,NEUTRAL,NEUTRAL
262.0,c5707y,Iran says new sanctions mean the end of DIPLOMACY,NEUTRAL,DIPLOMACY,NEUTRAL
263.0,df2dye,"Une faille zero-day repérée sur des smartphones Pixel, Samsung, Huawei et Xiaomi",DIPLOMACY,NEUTRAL,NEUTRAL
264.0,5u2iin,Trump Expects Russia to Return Crimea to Ukraine: White House,NEUTRAL,DIPLOMACY,NEUTRAL
265.0,d03emi,African land acquisition - Compete with the Chinese?,DIPLOMACY,NEUTRAL,NEUTRAL
266.0,dnzqsu,Russian military undercuts Trump by expressing 'valid doubts about the reality and success' of ISIS raid,DIPLOMACY,NEUTRAL,NEUTRAL
267.0,bpe128,Iran Says Talks With Trump Possible If U.S. Returns to 2015 Deal,DIPLOMACY,DIPLOMACY,NEUTRAL
268.0,8r7v4d,North Korea reportedly makes a 'major' denuclearization step for Trump,NEUTRAL,NEUTRAL,NEUTRAL
269.0,ddgk6s,"Iranian hackers targeted US 2020 campaign, says Microsoft",NEUTRAL,NEUTRAL,NEUTRAL
270.0,96nolk,"China Uighurs: One million held in political camps, UN told",HUMANITARIAN,HUMANITARIAN,NEUTRAL
271.0,98tk6o,"No homeless in Pyongyang, says North Korean defector",THREAT,HUMANITARIAN,NEUTRAL
272.0,dc92nt,North Korea May Have Taken Step Toward Submarine-Launched Ballistic Missile - NPR,THREAT,NEUTRAL,NEUTRAL
273.0,7g7z29,North Korea Lunches another ballistic missile,DIPLOMACY,THREAT,NEUTRAL
274.0,ehfk3n,Pompeo hits out at Iran after deadly US strikes in Iraq and Syria,DIPLOMACY,DIPLOMACY,NEUTRAL
275.0,8y650c,[Video] Xi Jinping's speech to Arab leaders in bid to spread Chinese soft power,NEUTRAL,DIPLOMACY,NEUTRAL
276.0,a7lnw0,Open Scientific Collaboration May Be Helping North Korea Cheat Nuclear Sanctions,ECONOMIC,ECONOMIC,NEUTRAL
277.0,7gti6x,Trump's First Major Trade Fight With China Could Be Over Solar Panels,THREAT,ECONOMIC,NEUTRAL
278.0,bkfujs,Report: North Korea test fires short range missile,THREAT,THREAT,NEUTRAL
279.0,b6dxjo,Top general warns US may not see a North Korean attack coming,DIPLOMACY,DIPLOMACY,NEUTRAL
280.0,7nkv0e,South Korean president welcomes North Korean Olympic participation,THREAT,DIPLOMACY,NEUTRAL
281.0,6w1sxq,North Korea appears to have fired ballistic missile,NEUTRAL,THREAT,NEUTRAL
282.0,deo2rg,Microsoft says Iranian hackers tried to breach a US presidential campaign (Oct 2019),NEUTRAL,NEUTRAL,NEUTRAL
283.0,dol7jm,Kim Jong Un and North Korea’s Reputations Take Hit After Mt. Kumgang Resort Decision,THREAT,NEUTRAL,NEUTRAL
284.0,b8x7m9,"NATO to Deter Russia in Black Sea With Heightened Surveillance, U.S. Says",NEUTRAL,THREAT,NEUTRAL
285.0,al2g58,House Democrats aim to hold Russian oligarch linked companies to sanctions deal,NEUTRAL,ECONOMIC,NEUTRAL
286.0,cgiz2w,UK working on safe passage in Strait of Hormuz after Iran seizure,NEUTRAL,DIPLOMACY,NEUTRAL
287.0,7abztv,China’s Economy Is Poised to Win the Future,NEUTRAL,NEUTRAL,NEUTRAL
288.0,7qzk03,China says it doesn't need Taiwan's permission to open new air route,ECONOMIC,DIPLOMACY,NEUTRAL
289.0,5pzxwa,INSIGHT: How Russia sold its oil jewel — without saying who bought it | Reuters,DIPLOMACY,NEUTRAL,NEUTRAL
290.0,dts17e,"Pompeo hits Iran on IAEA inspector, amplifies claim of undeclared nuclear materials",DIPLOMACY,DIPLOMACY,NEUTRAL
291.0,6kf547,China demands that US cancels arms sale to Taiwan,DIPLOMACY,DIPLOMACY,NEUTRAL
292.0,acu8vk,Taiwan president signals support for UK base in South China Sea,DIPLOMACY,DIPLOMACY,NEUTRAL
293.0,8jj9xl,Satellite images show North Korea dismantling its nuclear test site,HUMANITARIAN,NEUTRAL,NEUTRAL
294.0,efgpsd,Iran starts internet shutdown ahead of possible new protests,NEUTRAL,HUMANITARIAN,NEUTRAL
295.0,6mpwxt,"China's ambassador to the United States has said reports of trade growth between his country and North Korea, in spite of international efforts to press Pyongyang to give up its nuclear and missile programs, give ""a distorted picture.""",NEUTRAL,DIPLOMACY,NEUTRAL
296.0,bwj5lq,"Iran seen as unwavering despite sanctions, US exit from nuclear deal",ECONOMIC,NEUTRAL,NEUTRAL
297.0,bcelyx,"Europe turning to Russia for oil amid US sanctions on Venezuela, Iran",THREAT,NEUTRAL,NEUTRAL
298.0,8ypxc1,Pentagon says China spying on military exercises,DIPLOMACY,NEUTRAL,NEUTRAL
299.0,8jotoq,North Korea THREATens to cancel summit with Trump over military drills,DIPLOMACY,DIPLOMACY,NEUTRAL
301.0,6rnah4,China warns India over 'military build-up' in Doklam,DIPLOMACY,DIPLOMACY,NEUTRAL
302.0,9ifypr,The Islamic Community in Bosnia and Herzegovina appalled by Lavrov's acceptance of an award previously given to war criminals,NEUTRAL,HUMANITARIAN,NEUTRAL
303.0,cg3m7f,Is America's conflict with Iran about killing the Chinese Belt and Road Initiative?,THREAT,NEUTRAL,NEUTRAL
304.0,eduzts,Trump promotes Putin’s take on a “far-fetched” impeachment process,NEUTRAL,NEUTRAL,NEUTRAL
305.0,97pmpp,Russia and China Take On U.S. Military's Largest-Ever Budget That They Say Makes World Less Safe,DIPLOMACY,DIPLOMACY,NEUTRAL
306.0,bhljt2,Trump Doesn’t Want a “Better” Deal With Iran,NEUTRAL,NEUTRAL,NEUTRAL
307.0,e9i64d,Is it Jaw-Jaw or War With Iran?,NEUTRAL,NEUTRAL,NEUTRAL
308.0,bmhg76,"North Korea Fires Another Projectile, South’s Military Says",THREAT,THREAT,NEUTRAL
309.0,6w229y,"North Korea has launched what may be another ballistic missile, South Korean military says",THREAT,THREAT,NEUTRAL
310.0,btfgbe,Iran will defend itself against any aggression: FM Zarif,THREAT,DIPLOMACY,NEUTRAL
311.0,dexbva,Iran tells Turkey it opposed Turkey‘s militarily operation in Syria - Iranian state media,DIPLOMACY,DIPLOMACY,NEUTRAL
312.0,cd0ai7,UK Envoy Says Trump Ditched Iran Deal To Spite Barack Obama: Report,NEUTRAL,NEUTRAL,NEUTRAL
313.0,ehnnjj,U.S.-China trade deal signing within week or so -W. House adviser,ECONOMIC,ECONOMIC,NEUTRAL
314.0,6xszow,North Korea fires a nuke at Los Angeles,THREAT,THREAT,NEUTRAL
315.0,9fgzx2,"China Aims to Augment '50 Cent' Army, Train Cadres on Publishing Favorable Online Content - The Party hires citizens to write posts that praise the Party’s policies or admonish those who disagree, known as the “50 cent” army, as they are paid a putative 50 cents per post.",THREAT,NEUTRAL,NEUTRAL
316.0,br1i6u,Cohen told lawmakers Trump attorney Jay Sekulow instructed him to falsely claim Moscow project ended in January 2016,NEUTRAL,NEUTRAL,NEUTRAL
317.0,d5r26m,Saudi oil attacks: Drones and missiles launched from Iran - US,THREAT,THREAT,NEUTRAL
318.0,c4qi6j,Trump Imposes New ECONOMIC Sanctions on Iran,ECONOMIC,ECONOMIC,NEUTRAL
319.0,aei8jh,‘Backing up their THREATs’: China mobilises ballistic missiles capable of sinking US warships,THREAT,THREAT,NEUTRAL
320.0,8i0kk3,Trump's justifications for pulling out of Iran deal and impact,NEUTRAL,NEUTRAL,NEUTRAL
321.0,bi541o,Iran’s Revolutionary Guard ‘shoots drone footage’ of US warships,THREAT,THREAT,NEUTRAL
322.0,e25viv,"Bombshell Court Testimony: Ilhan Omar is a Paid Agent of Terror-Sponsor Qatar, Passed Info to Iran - Geller Report News",NEUTRAL,NEUTRAL,NEUTRAL
323.0,a241r8,"Cohen: Trump Knew I Called Kremlin for Help With Trump Tower Moscow. The president downplays his knowledge of the project, but his ex-fixer says he knew a lot—and that a cover-up before Congress was crafted while talking to Trump’s lawyers.",NEUTRAL,NEUTRAL,NEUTRAL
324.0,9a9jmm,Russia's military warns of possible chemical attack in Syria,DIPLOMACY,THREAT,NEUTRAL
325.0,e7n98m,Denuclearization 'off the table' as North Korea rhetoric returns,DIPLOMACY,NEUTRAL,NEUTRAL
326.0,7t9og2,China Signaling it May Finally 'Militarize' the South China Sea Officially,THREAT,THREAT,NEUTRAL
327.0,dgkl37,"Look who met 3 weeks ago to discuss and make plans for Syria – Putin, Erdogan, and Rouhani",DIPLOMACY,DIPLOMACY,NEUTRAL
328.0,7r3dfe,Trump says Russia helping North Korea skirt sanctions; Pyongyang getting close on missile,DIPLOMACY,NEUTRAL,NEUTRAL
329.0,ee77vi,Johnson visit to Lebedev party after victory odd move for 'people's PM'. PM mingled with Russian elite amid claims of Moscow interference in UK politics,NEUTRAL,NEUTRAL,NEUTRAL
330.0,b48msu,"Russia will use Donald Trump's Golan Heights comments to justify Crimea annexation, experts say",THREAT,NEUTRAL,NEUTRAL
331.0,c02aoo,Beijing slams Nancy Pelosi for condemning Hong Kong extradition bill,DIPLOMACY,DIPLOMACY,NEUTRAL
332.0,7zoh79,"Merkel Calls on Iran, Russia to Curb Syria’s Assault",DIPLOMACY,DIPLOMACY,NEUTRAL
333.0,avt2so,Even Democrats in Congress are cheering Trump for walking away from talks with Kim Jong Un,NEUTRAL,NEUTRAL,NEUTRAL
334.0,bqz7af,평양에서온 미국의사 An American Doctor From North Korea | 6-time-visit to Pyongyang,NEUTRAL,NEUTRAL,NEUTRAL
335.0,df2s5y,Report of the Select Committee on Intelligence United States Senate on Russian Active Measures Campaigns and Interference in the 2016 U.S. Election - Volume 2: Russia's Use of Social Media,NEUTRAL,NEUTRAL,NEUTRAL
336.0,7lb5mt,US: Russia intentionally violating Syria military agreement,DIPLOMACY,DIPLOMACY,NEUTRAL
337.0,ehnd7h,Kim Jong Un calls for measures to protect North Korea,DIPLOMACY,NEUTRAL,NEUTRAL
338.0,dl69mz,Facebook removes Iranian and Russian operations targeting US 2020 elections,NEUTRAL,NEUTRAL,NEUTRAL
339.0,7ra6wg,China's economy grows by 6.8%,NEUTRAL,NEUTRAL,NEUTRAL
340.0,6fc750,Busy bee! Duterte to send Cayetano to 'several missions' on Code of Conduct for South China Sea,DIPLOMACY,DIPLOMACY,NEUTRAL
341.0,a1xtoz,"Does anyone have any good sources on Chinese internal elite politics, especially focused on the anti-corruption campaigns and the background of the difference factions",NEUTRAL,NEUTRAL,NEUTRAL
342.0,c2x416,"Iran just shot down one of the US military's most advanced drones. Trumps reply ""Iran made a very big mistake!""",THREAT,THREAT,NEUTRAL
343.0,7k2ugf,"North Korea thinks U.S. wants to ""physically destroy"" it and won't give up nukes, expert says",THREAT,DIPLOMACY,NEUTRAL
344.0,7pqbba,State official indicates US military role in Syria post-ISIS centered on Iran,THREAT,NEUTRAL,NEUTRAL
345.0,5rq0v2,A War With China Over The South China Sea Territories Would Be A Disaster For America,THREAT,NEUTRAL,NEUTRAL
346.0,bid27e,"China is watching Western democracy eat itself.It is the flagship policy of Chinese President Xi Jinping, and it seeks to bring the world into China's ECONOMIC embrace by building infrastructure on a mass scale, ultimately improving transport, ties with and reliance on China across the world.",NEUTRAL,ECONOMIC,NEUTRAL
347.0,efhy1s,"Turkey to keep Russian missiles, defying U.S. sanctions THREAT",THREAT,THREAT,NEUTRAL
348.0,dgkqgv,US suspends tariff hike in limited China deal,DIPLOMACY,ECONOMIC,NEUTRAL
349.0,7jurpb,Iran supplied Yemen rebels with ballistic missile - US,THREAT,THREAT,NEUTRAL
350.0,6qj56e,Russian women’s right to military service is restricted,HUMANITARIAN,NEUTRAL,NEUTRAL
351.0,bt8372,"Trump, North Korean leader 'agree in their assessment of Biden,' Sarah Sanders says",DIPLOMACY,NEUTRAL,NEUTRAL
352.0,c81q2q,Trump Praises Kim on Immigration: “No One Is Trying to Get Into Your Country”,NEUTRAL,NEUTRAL,NEUTRAL
353.0,d4j5ej,Trump and John Bolton sparred over lifting Iran sanctions,NEUTRAL,NEUTRAL,NEUTRAL
354.0,dcs4zh,Why does Putin uses interpreter even though he speaks English and German fluently… Details fact.,NEUTRAL,NEUTRAL,NEUTRAL
355.0,c8whhj,"China Military Starts Work with France and Germany, Tells U.S. to Mind Its Business on 'Missile Test'",THREAT,DIPLOMACY,NEUTRAL
356.0,c9btw3,Xi Jinping calls for ‘timely’ easing of North Korea sanctions after Trump-Kim meeting,DIPLOMACY,DIPLOMACY,NEUTRAL
357.0,dp74s4,Confirmed: North Korean malware found on Indian nuclear plant's network | ZDNet,THREAT,THREAT,NEUTRAL
358.0,5o2fvm,China warns Trump that Taiwan policy is 'non-negotiable',THREAT,DIPLOMACY,NEUTRAL
359.0,6ms5ao,"ISIS terrorists grilled a child, served him to his mother with some boiled rice: Iran’s Soleimani",HUMANITARIAN,HUMANITARIAN,NEUTRAL
360.0,7zt5is,"Two decades after being sold as bride, North Korean woman finds salvation in Seoul - NBCNews.com",HUMANITARIAN,HUMANITARIAN,NEUTRAL
361.0,7k4bca,"With Theatrical Missile Speech, Critics Say Nikki Haley 'Laying Groundwork' for War With Iran",THREAT,THREAT,NEUTRAL
362.0,dcf0if,Vladimir Putin dismisses Greta Thunberg as a 'poorly informed teenager' over UN speech ,NEUTRAL,DIPLOMACY,NEUTRAL
363.0,e23hv0,"Trump says near trade deal with China, but US also has eye on Hong Kong",DIPLOMACY,ECONOMIC,NEUTRAL
364.0,byelsj,US carrier in Persian Gulf region sends clear signal to Iran - ABC News,THREAT,THREAT,NEUTRAL
365.0,e5i3by,Fox News' Tucker Carlson says US ‘should take the side of Russia’ in Ukraine conflict,NEUTRAL,NEUTRAL,NEUTRAL
366.0,da5xvs,Iran nuclear deal: Iran releases British-flagged tanker Stena Imperio as IAEA inspectors report new breach of nuclear deal - CBS News,NEUTRAL,NEUTRAL,NEUTRAL
367.0,d1kns9,"North Korea testing 'creative' weapons that could THREATen US, experts say",THREAT,THREAT,NEUTRAL
368.0,c3x435,Trump Says Major Sanctions on Iran Monday After Drone Downed,ECONOMIC,ECONOMIC,NEUTRAL
369.0,c04us2,Oldest Evidence for Weed Smoking Found In Chinese Grave,NEUTRAL,NEUTRAL,NEUTRAL
370.0,dwwxlm,Kissinger says failure to mend U.S.-China trade relations would be ‘worse than the world wars that ruined European civilization’,ECONOMIC,DIPLOMACY,NEUTRAL
371.0,a7xenn,"Russia's Putin warns over nuclear war, backs Trump on Syria troop withdrawal",THREAT,DIPLOMACY,NEUTRAL
372.0,cxlxy9,Trump may have revealed US military secrets by tweeting a photo to taunt Iran,NEUTRAL,THREAT,NEUTRAL
373.0,762558,Trump to rebuke Iran but won't call for sanctions that THREATen nuclear deal,DIPLOMACY,DIPLOMACY,NEUTRAL
374.0,9mew3m,"Political Prisoner Hamidreza Amini Issued Long Prison Sentence, Among His Charges Is two years for “insulting the Supreme Leader Ali Khamenei.”",HUMANITARIAN,HUMANITARIAN,NEUTRAL
375.0,ae07lc,"New documents link Huawei to suspected front companies in Iran, Syria",NEUTRAL,NEUTRAL,NEUTRAL
376.0,7wpdd1,Is Israel Trying to Ignite a Full Scale War with Syria and Iran?,THREAT,NEUTRAL,NEUTRAL
377.0,e5d7vz,North Korea Gives Trump ‘Christmas’ Choice in Veiled THREAT,THREAT,THREAT,NEUTRAL
378.0,as37vr,"One third of the world’s new vegetation is in India and China, data shows",NEUTRAL,NEUTRAL,NEUTRAL
379.0,crqldc,"North Korea rejects talks with the South: Pyongyang has rejected South Korea's hopes for dialogue, saying inter-Korean talks are off the table. North Korea launched two missiles into the sea in protest of joint US-South Korean military drills",THREAT,THREAT,NEUTRAL
380.0,66chy2,Exxon Seeks U.S. Waiver to Resume Russia Oil Venture,NEUTRAL,ECONOMIC,NEUTRAL
381.0,7mfzdx,"North Korea will not be accepted as a nuclear power by US or Russia, say Rex Tillerson and Sergei Lavrov",DIPLOMACY,DIPLOMACY,NEUTRAL
382.0,7beuhr,Trump Calls For Worldwide action Against North Korea Nuclear THREAT. Tod...,DIPLOMACY,THREAT,NEUTRAL
383.0,6txra2,Iran could quit nuclear deal in 'hours' if new U.S. sanctions imposed: Rouhani,DIPLOMACY,DIPLOMACY,NEUTRAL
384.0,6ws78o,Iran rejects US demand for UN inspector visit to military sites,NEUTRAL,DIPLOMACY,NEUTRAL
385.0,9gvji3,Kim Jong Un: Singapore summit with Trump created stability,DIPLOMACY,DIPLOMACY,NEUTRAL
386.0,e9uxke,"Under pressure from the Chinese government, the financial information provider that distributes Reuters news to investors has blocked over 200 stories on the mainland that could paint Beijing in a negative light",NEUTRAL,NEUTRAL,NEUTRAL
387.0,bejk7r,"North Korea: If US wants to talk, put someone 'more mature' than Mike Pompeo",DIPLOMACY,DIPLOMACY,NEUTRAL
388.0,dy3bc8,Russia hands back captured naval ships to Ukraine before summit,DIPLOMACY,DIPLOMACY,NEUTRAL
389.0,bu7110,Australian Navy Pilots Struck by Lasers in South China Sea,THREAT,THREAT,NEUTRAL
390.0,8bxzyx,"Russia deploys 30,000 troops in Crimea, Iskander missile systems on border with Ukraine",THREAT,THREAT,NEUTRAL
391.0,egj5j3,Trump is on the verge of a stroke over Iran,NEUTRAL,NEUTRAL,NEUTRAL
392.0,cyv5br,"North Korea Missile Tests, ‘Very Standard’ to Trump, Show Signs of Advancing Arsenal",THREAT,THREAT,NEUTRAL
393.0,7hr2lx,U.S. trade gap soars as imports from China hit record high,ECONOMIC,ECONOMIC,NEUTRAL
394.0,6pz804,"North Korea’s ability to launch a missile capable of reaching the US is advancing significantly and faster than expected, a top US army official has said",THREAT,THREAT,NEUTRAL
395.0,7i4dvc,China U-turns on coal ban amid growing outcry over numbers left freezing in winter cold: Northern officials told that keeping people warm is ‘number one’ priority as dash for gas fails to ensure adequate power supplies.,NEUTRAL,HUMANITARIAN,NEUTRAL
396.0,dc7nnx,North Korea fires ballistic missile ahead of nuclear talks,THREAT,THREAT,NEUTRAL
397.0,8l34m2,Trump campaign 'spy' MI6/CIA/FBI asset Stefan Halper earned nickname 'the walrus' in intel circles and grew 'frustrated' when Trump foreign policy adviser George Papadopoulos said he didn't know about Russia or hacked Clinton emails,NEUTRAL,NEUTRAL,NEUTRAL
398.0,c5tate,Exclusive: China hacked eight major computer services firms in years-long attack,THREAT,THREAT,NEUTRAL
399.0,6wrezk,North Korea launches MISSILE ATTACK towards Japan,THREAT,THREAT,NEUTRAL
400.0,axn9ap,"Basically, the Kremlin of the Russian Federation and the Kremlin of the USSR have changed little in how they see freedom and the Russian people as the enemy",NEUTRAL,NEUTRAL,NEUTRAL
401.0,e0pm9z,A ‘friend of China’ no more: Why a longtime Canadian ally has become one of Beijing’s fierce critics,NEUTRAL,NEUTRAL,NEUTRAL
402.0,99q7ny,"Bolton warns Russia over election interference, denies Trump is a 'security risk'",DIPLOMACY,DIPLOMACY,NEUTRAL
403.0,705r67,"South Korea, responding to the North, fires a ballistic missile into waters off its eastern coast",THREAT,THREAT,NEUTRAL
404.0,921wfg,Russia delivered 12.1 metric tons aid to Syria,DIPLOMACY,HUMANITARIAN,NEUTRAL
405.0,5u64zi,How Russia sold its oil jewel: without saying who bought it [Hint: It Goes Back To Trump],ECONOMIC,NEUTRAL,NEUTRAL
406.0,8rn302,Paul: Graham 'a danger to the country' for seeking military authorization for North Korea,NEUTRAL,NEUTRAL,NEUTRAL
407.0,a6oktp,U.S. Navy may stop docking in Haifa after Chinese take over port - Israel News,NEUTRAL,NEUTRAL,NEUTRAL
408.0,bw4q5x,"Amid purge reports, Kim Yong Chol reappears alongside North Korean leader, the longtime DPRK-U.S. interlocuter was last week reported to have been sent to labor, re-education camp",NEUTRAL,HUMANITARIAN,NEUTRAL
409.0,b5yubw,"North Korean Embassy Attack Suspects Fled To U.S., Spanish Court Says",NEUTRAL,NEUTRAL,NEUTRAL
410.0,c5k8sa,More Australians trust Xi Jinping than Trump,NEUTRAL,NEUTRAL,NEUTRAL
411.0,7n114f,"Chinese scientists hear sound in Mariana Trench, deepest part of world’s oceans: Team sent out and retrieved 10km acoustic probe that could pick up sounds 9.3km away in a first for China that could have military applications.",NEUTRAL,NEUTRAL,NEUTRAL
412.0,ddrsou,"U.S., North Korea break off nuclear talks: report",DIPLOMACY,NEUTRAL,NEUTRAL
413.0,eeixo4,Tesco Chinese card factory denies 'forced labour',HUMANITARIAN,NEUTRAL,NEUTRAL
414.0,aq3pau,China says space is not U.S. “private property” as Donald Trump plans new missile defense there,DIPLOMACY,DIPLOMACY,NEUTRAL
415.0,c3wwkg,"Meryl Davis is married! The Olympic ice dancing champion and former winner of Dancing With the Stars wed Russian-Canadian determine skater Fedor Andreev on Saturday within the south of France, People reported. The 2 exchanged vows in entrance of about 95 visitors within the backyard of Le Mas d",NEUTRAL,NEUTRAL,NEUTRAL
416.0,78wbdf,House votes to impose non-nuclear sanctions on Iran,ECONOMIC,ECONOMIC,NEUTRAL
417.0,dhykmf,Russia and Saudi Arabia seal key oil deal,ECONOMIC,ECONOMIC,NEUTRAL
418.0,a96vd4,"Iran's parliament rejected motion to ban child marriage after Grand Ayatollahs vehemently opposed it. A member of Cultural and Social Council for Women defended child marriage, arguing it protects girls from a life of prostitution and illegal abortions.",HUMANITARIAN,NEUTRAL,NEUTRAL
419.0,7yss7d,"As China concerns grow, India looks to build military presence in Seychelles",THREAT,THREAT,NEUTRAL
420.0,7flpsn,Iran vows to ‘extend missile range if THREATened by Europe’,THREAT,THREAT,NEUTRAL
421.0,951nq0,We are deeply concerned about reports of Iranian regime’s violence against unarmed citizens. U.S. supports Iranian people’s right to protest against the regime’s corruption & oppression,HUMANITARIAN,HUMANITARIAN,NEUTRAL
422.0,b9sup4,Trump's Botching of the Nuclear Deal Destroyed U.S. Leverage on Iran,NEUTRAL,NEUTRAL,NEUTRAL
423.0,c9ldyn,Iran downed a $130 million US drone. Trump's sanctions are probably costing Iran $120 million a day.,THREAT,THREAT,NEUTRAL
424.0,ebqdg8,"Russian State Media Calls Trump a Moscow 'Agent,' Jokingly Suggests He'll Need to Flee to Their Country After Leaving Office",NEUTRAL,NEUTRAL,NEUTRAL
425.0,7prj4d,Iran nuclear deal: Mnuchin expects new US sanctions,ECONOMIC,ECONOMIC,NEUTRAL
426.0,e80we3,The NBA and China’s Predatory Liberalism - Lawfare,NEUTRAL,NEUTRAL,NEUTRAL
427.0,d563bw,Iran fired cruise missiles at Saudi oil facility l ABC News,THREAT,THREAT,NEUTRAL
428.0,e2iabm,Taiwan probes two executives over China spying allegations,NEUTRAL,NEUTRAL,NEUTRAL
429.0,8cnpch,"US, allies destroyed facility that produced cancer drugs in Syria attacks: Iran TV claims",THREAT,THREAT,NEUTRAL
430.0,c85llr,Kim Jong Un has President Trump all figured out,NEUTRAL,NEUTRAL,NEUTRAL
431.0,c15n7k,"If Iran continues it's apparent path, who will intervene?",NEUTRAL,NEUTRAL,NEUTRAL
432.0,7frws5,"Iran latest: ISIS created by US and Saudi Arabia to overthrow Syria, general claims",NEUTRAL,NEUTRAL,NEUTRAL
433.0,bs3vc8,Rex Tillerson Says Trump Actively Avoided Confronting Russia Over Election Interference,NEUTRAL,NEUTRAL,NEUTRAL
434.0,7vil66,"Memos: CEO of Russia's state oil company offered Trump adviser, allies a cut of huge deal if sanctions were lifted",NEUTRAL,ECONOMIC,NEUTRAL
435.0,a9txso,"USA vs China TRADE WAR: China to overtake US as world’s top economy by 2032, say analysts",NEUTRAL,ECONOMIC,NEUTRAL
436.0,7qhgml,North Korea slams South Korea for giving Trump credit for historic talks,DIPLOMACY,DIPLOMACY,NEUTRAL
437.0,8lsw0z,Trump calls off planned Singapore summit,DIPLOMACY,NEUTRAL,NEUTRAL
438.0,ecuyy6,"China urges U.S., North Korea to resume talks as tensions escalate",DIPLOMACY,DIPLOMACY,NEUTRAL
439.0,7e1lsq,Facebook Blocks $200K Donation To Iran Quake Victims Because Sanctions,NEUTRAL,ECONOMIC,NEUTRAL
440.0,c0uyrs,Iran president renews ultimatum over compliance with nuclear pact,DIPLOMACY,DIPLOMACY,NEUTRAL
441.0,71vh4r,Prospect of Atmospheric Nuclear Test by North Korea Raises Specter of Danger,THREAT,THREAT,NEUTRAL
442.0,bv6fh8,Kim Jong-un EXECUTES his man in America: Special envoy to US is killed by firing squad,HUMANITARIAN,THREAT,NEUTRAL
443.0,72esfs,Russia Releases Photos Showing US Special Ops At ISIS Positions In Syria,THREAT,NEUTRAL,NEUTRAL
444.0,ah2ua7,"Yes, Tulsi Gabbard Opposed the Iran Deal",NEUTRAL,NEUTRAL,NEUTRAL
445.0,dc2i8b,The unease of the Chinese diaspora,NEUTRAL,NEUTRAL,NEUTRAL
446.0,945l12,Russian journalist explains the role of the Panama Papers in Russia’s interference operations,NEUTRAL,NEUTRAL,NEUTRAL
447.0,eeixvj,Illegal detentions and arrests of Huawei workers raise questions in China about the company's ties to the state government.,HUMANITARIAN,NEUTRAL,NEUTRAL
448.0,ehngn8,Ukraine fears Trump hold on aid exposed vulnerability in war with Russia,DIPLOMACY,NEUTRAL,NEUTRAL
449.0,c2g4u7,"Muslim family dragged out of Belgian embassy in Beijing by Chinese police - A Belgian diplomat was expected to travel to China’s restive Xinjiang region on Tuesday to try and confirm the whereabouts of the woman and her four children, who are members of the Uighur minority.",HUMANITARIAN,HUMANITARIAN,NEUTRAL
450.0,6qc3ju,The Korean Peninsula within the Framework of US Global Hegemony,NEUTRAL,NEUTRAL,NEUTRAL
451.0,6y8zv4,Dow slides 200 as North Korea bomb test rattles Wall Street,THREAT,THREAT,NEUTRAL
452.0,bbcu2m,Trump Rips Firms Linked To Iran Revolutionary Guard — After His Own Suspicious Ties,NEUTRAL,NEUTRAL,NEUTRAL
453.0,ah6m5q,136 House Republicans Join Democrats in Vote Against Russian sanctions relief,NEUTRAL,NEUTRAL,NEUTRAL
454.0,bn2x5l,"VIDEO: Vladimir Putin Scores 8 Goals, Falls On Face",NEUTRAL,NEUTRAL,NEUTRAL
455.0,7ynor5,"Turkey's Erdogan, Russia's Putin Discuss Syria Observation Posts: Turkish Source",DIPLOMACY,DIPLOMACY,NEUTRAL
456.0,e5eot8,Trump's tariff ambush risks pushing Brazil closer to China,ECONOMIC,ECONOMIC,NEUTRAL
457.0,7yej0h,"Trump lashes out at Obama, ‘Leakin’ Monster’ Adam Schiff over Russia’s election meddling",NEUTRAL,NEUTRAL,NEUTRAL
458.0,7l8pcu,"Japan is fueling the internationally outlawed ivory trade by failing to curb “rampant” illegal exports to China and inadequately monitoring its own legal but poorly regulated domestic sales, a wildlife trade watchdog said Wednesday.",NEUTRAL,HUMANITARIAN,NEUTRAL
459.0,ctahhu,Ex-counterintelligence official warns Trump administration not to be shortsighted on Huawei,NEUTRAL,NEUTRAL,NEUTRAL
460.0,952s1u,China's Japanese Lesson For Fighting Trump's Trade War,ECONOMIC,NEUTRAL,NEUTRAL
461.0,e5k65a,US Navy ‘invited’ to go to Taiwan and ‘have fun’ after Beijing bans port visits to Hong Kong,THREAT,NEUTRAL,NEUTRAL
462.0,ay0hwx,Rebuilding of missile site by North Korea will be key test for Trump after Hanoi summit failure,THREAT,THREAT,NEUTRAL
463.0,avhqfu,Could we be seeing the start of a North Korean and Vietnamese pro-US Anti Chinese realignment similar to what the Nixon-Mao meetings did for the US against the Soviets?,NEUTRAL,NEUTRAL,NEUTRAL
464.0,aqqgyu,Print Email Facebook Twitter More Beijing intensifies lobbying of Pacific nations to recognise Taiwan as part of One China,NEUTRAL,DIPLOMACY,NEUTRAL
465.0,7c8e0t,Trump: Putin said Russia didn't meddle in 2016 election,NEUTRAL,NEUTRAL,NEUTRAL
466.0,ck79sd,"North Korea fires 2 short-range ballistic missiles, US officials say",THREAT,THREAT,NEUTRAL
467.0,a9nzmi,Russia: Israel's Syria Strike Directly Endangered Two Civilian Flights,THREAT,HUMANITARIAN,NEUTRAL
468.0,75o6ag,"Despite sanctions, Russian organizations acquire Microsoft software - Software produced by Microsoft Corp has been acquired by state organizations and firms in Russia and Crimea despite sanctions barring U.S-based companies from doing business with them, official documents show.",ECONOMIC,ECONOMIC,NEUTRAL
469.0,807s57,White House on North Korea talks: 'We will see',DIPLOMACY,NEUTRAL,NEUTRAL
470.0,8lrsbp,North Korea 'destroys' nuclear test site as world's media watches | The Guardian,DIPLOMACY,NEUTRAL,NEUTRAL
471.0,64vr75,Trump: China ‘understood immediately’ why we launched missiles on Syria,DIPLOMACY,DIPLOMACY,NEUTRAL
472.0,6i8gsh,Saudi Arabia claims to arrest Iran's military elite targeting oil fields,THREAT,THREAT,NEUTRAL
473.0,ce0j44,Iran's foreign minister says talks on ballistic missiles with US possible,DIPLOMACY,DIPLOMACY,NEUTRAL
474.0,bag99n,Iran to place US Army on ‘terror list’ if Washington does the same with Revolutionary Guards,DIPLOMACY,DIPLOMACY,NEUTRAL
475.0,7g62yf,Zarrab to Testify for Prosecution in Iran-Sanctions Case,NEUTRAL,NEUTRAL,NEUTRAL
476.0,6dasgn,China warns Tokyo to ‘act cautiously’ amid reports of US-Japan missile defense collaboration,DIPLOMACY,DIPLOMACY,NEUTRAL
477.0,d7rgkg,How Iran Was Destroyed By War (1980-1988),NEUTRAL,NEUTRAL,NEUTRAL
478.0,e5b1cv,"Xi Jinping ‘no dictator’, US businessman Michael Bloomberg says",NEUTRAL,NEUTRAL,NEUTRAL
479.0,e75key,How Huawei Lost the Heart of the Chinese Public: Chinese citizens are boycotting Huawei,NEUTRAL,NEUTRAL,NEUTRAL
480.0,ayt1h0,A Dark View Of Russia From U.S. NATO Commander,NEUTRAL,NEUTRAL,NEUTRAL
481.0,a5vqwa,US unveils new Africa policy to counter 'predatory' Russia and China,THREAT,DIPLOMACY,NEUTRAL
482.0,8ogazw,"North Korea’s top three military officials have been removed from their posts, a senior US official said on Sunday, a shakeup that could signal the North’s leader, Kim Jong-un, is working to silence dissent ahead of a summit with Donald Trump in Singapore next week.",NEUTRAL,NEUTRAL,NEUTRAL
483.0,8gvao3,Iran's foreign minister: US has ‘consistently violated’ Iran nuclear agreement,DIPLOMACY,DIPLOMACY,NEUTRAL
484.0,bcr26m,Libya may be Russia's New Syria,NEUTRAL,NEUTRAL,NEUTRAL
485.0,c49lj8,"Iran ‘Violates’ Nuclear Deal, After US ‘Withdraws’",THREAT,NEUTRAL,NEUTRAL
486.0,efjyvw,Putin accuses Poland of colluding with Hitler in the Second World War,DIPLOMACY,DIPLOMACY,NEUTRAL
487.0,8e56pj,"North Korea, Pyongyang's Ryomyong street at night",NEUTRAL,NEUTRAL,NEUTRAL
488.0,c3zn7z,Trump approved cyber-strikes against Iran’s missile systems,THREAT,THREAT,NEUTRAL
489.0,8ezmt1,"North Korea’s Nuclear Test Site Is Largely Unusable, Chinese Scientists Say",NEUTRAL,NEUTRAL,NEUTRAL
490.0,9pqauf,"With China's surplus of males due to their one child policy, could that mean they are planning for an eventual war?",NEUTRAL,NEUTRAL,NEUTRAL
491.0,92c3tk,"Remains of US war dead retrieved from North Korea, White House says",DIPLOMACY,NEUTRAL,NEUTRAL
492.0,6y5yw1,China rejects possibility of military intervention in North Korea,DIPLOMACY,DIPLOMACY,NEUTRAL
493.0,bx1ole,Tiananmen Square Leader says U.S. would be better off consulting with criminologists instead of international relations experts for China policy,NEUTRAL,NEUTRAL,NEUTRAL
494.0,b5koj9,"A.G. Barr's summary of the Mueller report emboldens Russia and increases the chance of 2020 election interference, say experts",NEUTRAL,NEUTRAL,NEUTRAL
495.0,e5w5j9,"North Korea warns US to prepare for 'Christmas gift,' but no one's sure what to expect",THREAT,DIPLOMACY,NEUTRAL
496.0,cdh8zs,Trump: Tariffs having 'major effect' on China's economy,ECONOMIC,ECONOMIC,NEUTRAL
497.0,7tyscl,The director of the CIA expects that Russia will target the US mid-term elections later this year.,NEUTRAL,NEUTRAL,NEUTRAL
498.0,bxwq06,World War 3: Russia and China reiterate Iran SUPPORT as Tehran works on nuclear weapons,THREAT,NEUTRAL,NEUTRAL
499.0,av1ryv,"The U.S. military blocked Internet access to an infamous Russian entity seeking to sow discord among Americans during the 2018 midterms, several U.S. officials said, a warning that the group’s operations against the United States are not cost-free.",THREAT,THREAT,NEUTRAL
500.0,abjvex,Iranian Revolutionary Guards General 'Accidentally Kills Himself',NEUTRAL,NEUTRAL,NEUTRAL
