sample_id,post_id,country,title,"title_en,title_ko",text,annotator_1_frame,annotator_2_frame,final_frame,notes,v2_annotation,,
1,e9b67m,IRAN,"The Atrocities Of IRGC Security Forces In Mahshahr, Iran","The Atrocities Of IRGC Security Forces In Mahshahr, Iran,이란 마흐샤르에서 발생한 이란 혁명수비대(IRGC) 보안군의 잔혹 행위",,HUMANITARIAN,HUMANITARIAN,HUMANITARIAN,해석이슈(현준),HUMANITARIAN,HUMANITARIAN,
2,6x0s32,NK, North Korea links latest missile launch to Japan’s annexation of Korea over a century ago. Even some South Koreans will like that.'',"North Korea links latest missile launch to Japan’s annexation of Korea over a century ago. Even some South Koreans will like that.,""북한, 최근 미사일 발사를 100여 년 전 일본의 한반도 병합과 연결 지어 설명… 일부 한국인도 이를 좋아할 것이라는 주장""",,THREAT,NEUTRAL,NEUTRAL,,NEUTRAL,NEUTRAL,
3,c23li0,CHINA,China pulls WTO suit over claim to be a market economy,"China pulls WTO suit over claim to be a market economy,중국, 시장경제국 지위 주장과 관련해 WTO 소송 철회",,ECONOMIC,ECONOMIC,ECONOMIC,조치기준으로 보았을때 economic,NEUTRAL,unmatched,
4,9h6w16,NK,North Korea’s Kim agrees to dismantle main nuke site if U.S. takes steps too,"North Korea’s Kim agrees to dismantle main nuke site if U.S. takes steps too,북한 김정은, 미국도 조치를 취할 경우 주요 핵시설 해체에 동의",,DIPLOMACY,DIPLOMACY,DIPLOMACY,,DIPLOMACY,DIPLOMACY,
5,6p3sbo,NK,Morales aside would you rather be dictator of North Korea or king of Saudi Arabia?,"Morales aside would you rather be dictator of North Korea or king of Saudi Arabia?,모랄레스를 제쳐두고 묻자면 북한의 독재자가 되겠는가 사우디아라비아의 국왕이 되겠는가",,NEUTRAL,NEUTRAL,NEUTRAL,,NEUTRAL,NEUTRAL,
6,ajcx29,RUSSIA,"Russia, Turkey, China denounce US interference in Venezuela","Russia, Turkey, China denounce US interference in Venezuela,러시아·터키·중국, 베네수엘라에 대한 미국의 개입을 규탄",,DIPLOMACY,DIPLOMACY,DIPLOMACY,,DIPLOMACY,DIPLOMACY,
7,7szpx2,RUSSIA,Dutch agencies provide crucial intel about Russia's interference in US-elections,"Dutch agencies provide crucial intel about Russia's interference in US-elections,네덜란드 정보기관, 미국 선거에 대한 러시아 개입 관련 핵심 정보 제공",,NEUTRAL,NEUTRAL,NEUTRAL,,NEUTRAL,NEUTRAL,
8,96yei3,IRAN,Iran's Supreme Leader Khamenei rejects Trump offer of talks,"Iran's Supreme Leader Khamenei rejects Trump offer of talks,이란 최고지도자 하메네이, 트럼프의 대화 제안을 거부",,DIPLOMACY,DIPLOMACY,DIPLOMACY,"외교적 대화를 거부해서 외교적이나 거부했다는점에서 외교(긍정)이 아닌 외교(부정)임 우리의 카테고리의 외교는 평화적, 긍정적 양상을 외교로 분류하는데, 부정적 외교는 어떻게 하면 좋을까?/ 부정적이지만 아직 대화의 rhetoric에 있음",DIPLOMACY,DIPLOMACY,
9,bzacye,NK,North Korean leader's slain half-brother was a CIA informant,"North Korean leader's slain half-brother was a CIA informant,피살된 북한 지도자의 이복형은 CIA 정보원이었다",[deleted],NEUTRAL,NEUTRAL,NEUTRAL,,NEUTRAL,NEUTRAL,
10,7bviz0,CHINA,"US, China have 'frank' exchange on South China Sea during Trump's Beijing visit","US, China have 'frank' exchange on South China Sea during Trump's Beijing visit,트럼프의 베이징 방문 중 미·중, 남중국해 문제에 대해 ‘솔직한’ 의견 교환",,DIPLOMACY,DIPLOMACY,DIPLOMACY,,DIPLOMACY,DIPLOMACY,
11,79xmko,RUSSIA,Former FBI agent says Russia interference began in 2014,"Former FBI agent says Russia interference began in 2014,전직 FBI 요원 “러시아의 개입은 2014년에 시작됐다”",,NEUTRAL,NEUTRAL,NEUTRAL,"이것도 애매한게, 러시아에 의한 선거개입이라는 위협인긴 한데 군사적위협은 아님,,우리의 카테코리의 위협은 군사적 위협만을 포함하고 있어서 중립으로 표기",NEUTRAL,NEUTRAL,
12,a53ym2,CHINA,Tibetan Youth Self-Immolates Over China's Tibet Policies,"Tibetan Youth Self-Immolates Over China's Tibet Policies,중국의 티베트 정책에 항의해 티베트 청년 분신",,HUMANITARIAN,HUMANITARIAN,HUMANITARIAN,"시위자(시민, 민간인)의 생명이 위협, 독립운동, 민간인학살 범주",HUMANITARIAN,HUMANITARIAN,
13,bk9ydw,CHINA,"CNN Reports: Democrats take it up the ass as Barr laughs at them on the way with Trump for a round of Golf Friday. Biden comments China is our friend, hell we sell them missiles, tanks, and the last time I was in Taiwan well they are just beautiful people.","CNN Reports: Democrats take it up the ass as Barr laughs at them on the way with Trump for a round of Golf Friday. Biden comments China is our friend, hell we sell them missiles, tanks, and the last time I was in Taiwan well they are just beautiful people.,CNN 보도: 바 장관이 트럼프와 골프를 치며 웃는 동안 민주당은 굴욕을 당하다. 바이든은 “중국은 우리의 친구이며 미사일과 전차도 판다. 대만 사람들은 정말 훌륭하다”고 발언",,NEUTRAL,NEUTRAL,NEUTRAL,이것도 애매한 이유가 국내정치와 관련된 사항임,NEUTRAL,NEUTRAL,
14,7llao0,NK,U.N. imposes tough new sanctions against North Korea,"U.N. imposes tough new sanctions against North Korea,유엔, 북한에 대해 강력한 신규 제재 부과",,ECONOMIC,ECONOMIC,ECONOMIC,,ECONOMIC,ECONOMIC,
15,7pbee5,NK,North Korea: All our nukes and strategic weapons are pointed at the US,"North Korea: All our nukes and strategic weapons are pointed at the US,북한 “우리의 모든 핵무기와 전략무기는 미국을 겨냥하고 있다”",[deleted],THREAT,THREAT,THREAT,,THREAT,THREAT,
16,d12e58,IRAN,"Iran activates advanced centrifuges, violates nuclear deal - National | Globalnews.ca","Iran activates advanced centrifuges, violates nuclear deal - National | Globalnews.ca,""이란, 첨단 원심분리기 가동… 핵합의 위반""",,THREAT,THREAT,THREAT,,THREAT,THREAT,
17,8qxauf,NK,"Trump brushes off Kim's human rights record, saying a lot of others have done 'bad things'","Trump brushes off Kim's human rights record, saying a lot of others have done 'bad things',""트럼프, 김정은의 인권 문제를 대수롭지 않게 여기며 “다른 나라들도 나쁜 일을 했다”고 발언""",,NEUTRAL,NEUTRAL,NEUTRAL,평화적 제스쳐? 규탄보단 옹호느낌이라?,NEUTRAL,NEUTRAL,
18,c6tu0a,IRAN,"Iran may stand down on nuclear THREAT after Europe, China work to bypass US sanctions","Iran may stand down on nuclear THREAT after Europe, China work to bypass US sanctions,유럽과 중국이 미국 제재를 우회하려 하자 이란, 핵 위협 수위 낮출 가능성",,NEUTRAL,DIPLOMACY,DIPLOMACY,,DIPLOMACY,DIPLOMACY,
19,9mewxr,IRAN,"Iran Political Prisoner Hamidreza Amini Issued Long Prison Sentence, Among His Charges Is Two years For “Insulting The Supreme Leader Ali Khamenei.”","Iran Political Prisoner Hamidreza Amini Issued Long Prison Sentence, Among His Charges Is Two years For “Insulting The Supreme Leader Ali Khamenei.”,""이란 정치범 하미드레자 아미니, 최고지도자 하메네이를 모욕했다는 혐의 등으로 장기형 선고""",,NEUTRAL,HUMANITARIAN,HUMANITARIAN,,HUMANITARIAN,HUMANITARIAN,
20,b4wgbv,NK,Trump will remove new North Korea-related sanctions because he 'likes' Kim Jong Un,"Trump will remove new North Korea-related sanctions because he 'likes' Kim Jong Un,트럼프 “김정은이 마음에 든다”며 북한 관련 신규 제재 철회",,DIPLOMACY,DIPLOMACY,DIPLOMACY,,NEUTRAL,unmatched,제제를 철회한것임으로
21,953hc6,IRAN,U.S. revives sanctions to further damage Iran's economy,"U.S. revives sanctions to further damage Iran's economy,미국, 이란 경제를 추가로 압박하기 위해 제재 부활",,ECONOMIC,ECONOMIC,ECONOMIC,,ECONOMIC,ECONOMIC,
22,6camiw,IRAN,Trump in Saudi Arabia signs $110B arms deal with Persian Gulf ally,"Trump in Saudi Arabia signs $110B arms deal with Persian Gulf ally,트럼프, 사우디아라비아에서 걸프 동맹국과 1100억 달러 규모 무기 계약 체결",[deleted],THREAT,THREAT,THREAT,무기거래니깐? 거래로 봐야할지 아님 큰 차원에서 threat 봐야할지? 거래의 본질에 군사 rthetoric threat으로 봐야함,ECONOMIC,unmatched,사우디아라비아에서 무기를 체결한것이므로
23,62my3i,CHINA,Will Russia-China-Iran common interests ever lead to military alliance?,"Will Russia-China-Iran common interests ever lead to military alliance?,러시아·중국·이란의 공동 이해관계가 군사동맹으로 이어질까","The three autocracies seem to be constantly strengthening their ties. Russia and China supported Teheran's nuclear ambitions; they all support Syrian goverment side in Syrian War; they may also share ECONOMIC interests in China's One Belt, One Road program. Their strategic goals, in Middle-East, Eastern Europe, Caucasus, SCS, Taiwan are all meeting with criticism from US and western world. Can you see, in 10 upcoming years, these three states forming military alliance, sort of heartland axis, being in opposition to the west? Could such alliance push their more aggresive goals simultaneously, forcing US to react but making such reaction more divied?",THREAT,NEUTRAL,NEUTRAL,"미국에 입장에선 중국 러시아 이란 동맹이 위협이니깐? 북중이가 공통 군사 협력이니 군사적 rhetoric threat. 군사적 rhetoric이 살짝이라도 묻어있으면 threat임, 한미일 협력을 강화했다(근데 이 문장 안에 군사훈련이나, 군사 협정과 같은 군사적 rhetoric이 묻어있으면 threat 아니라면 diplomacy)",NEUTRAL,NEUTRAL,
24,7i6r2u,RUSSIA,"US to maintain Russia sanctions until it withdraws from Ukraine, Tillerson says","US to maintain Russia sanctions until it withdraws from Ukraine, Tillerson says,틸러슨 “러시아가 우크라이나에서 철수할 때까지 제재 유지”",,ECONOMIC,ECONOMIC,ECONOMIC,,ECONOMIC,ECONOMIC,
25,7fkd80,IRAN,Iran Warns It Would Increase Missile Range if THREATened by Europe,"Iran Warns It Would Increase Missile Range if THREATened by Europe,이란 “유럽이 위협하면 미사일 사거리 늘릴 것”",,THREAT,THREAT,THREAT,,DIPLOMACY,unmatched,미사일 사거리를 통한 군사적 압박
26,ar5a7o,IRAN,Iranian Fake News in the New York Times. How Mullahs’ Regime Infiltrates Western Media.,"Iranian Fake News in the New York Times. How Mullahs’ Regime Infiltrates Western Media.,""뉴욕타임스 속 이란의 가짜 뉴스: 성직자 정권이 서방 언론에 침투하는 방식""",[deleted],NEUTRAL,NEUTRAL,NEUTRAL,"12번과 동일 군사적 위협은 아닌데, 미국에 입장에서 언론 선동 여론전이 위협이긴함 이걸 중립으로 볼지 위협으로 볼지?",NEUTRAL,NEUTRAL,
27,bd9muw,CHINA,"One Month, 500,000 Face Scans: How China Is Using A.I. to Profile a Minority","One Month, 500,000 Face Scans: How China Is Using A.I. to Profile a Minority,""한 달에 50만 건 얼굴 스캔: 중국이 AI로 소수민족을 분류하는 방식""",,HUMANITARIAN,HUMANITARIAN,HUMANITARIAN,"소수민족탄압느낌 , 동일하게 독립운동, 소수민족에 대한 탄압이면 humanitarian",HUMANITARIAN,HUMANITARIAN,
28,byp0pd,CHINA,"More than 1 million protest in Hong Kong, organizers say, over Chinese extradition law","More than 1 million protest in Hong Kong, organizers say, over Chinese extradition law,중국 송환법에 반대해 홍콩에서 100만 명 이상 시위",[deleted],HUMANITARIAN,HUMANITARIAN,HUMANITARIAN,시위를 한 이유가 개인의 인권 자유 권리 관련된거라면 humanitarian.,HUMANITARIAN,HUMANITARIAN,
29,db5tek,CHINA,China's official manufacturing PMI contracted again in September,"China's official manufacturing PMI contracted again in September,중국 공식 제조업 PMI, 9월에도 다시 위축",,NEUTRAL,NEUTRAL,NEUTRAL,,NEUTRAL,NEUTRAL,
30,c3q08l,IRAN,"Iran’s grand strategy tests U.S. and its allies Yemen, Iraq, Syria - Middle East | Jerusalem Post","Iran’s grand strategy tests U.S. and its allies Yemen, Iraq, Syria - Middle East | Jerusalem Post,""이란의 대전략, 예멘·이라크·시리아에서 미국과 동맹국 시험""",,THREAT,THREAT,THREAT,,NEUTRAL,unmatched,군사 실험
31,bi9kqr,NK,Report on sentiment on the DPRK street regarding Kim Jong-un’s trip to Russia,"Report on sentiment on the DPRK street regarding Kim Jong-un’s trip to Russia,김정은의 러시아 방문에 대한 북한 내부 민심 보고",,NEUTRAL,NEUTRAL,NEUTRAL,,NEUTRAL,NEUTRAL,
32,9ee0b9,NK,North Korea parade shows off military strength,"North Korea parade shows off military strength,북한 열병식, 군사력 과시",,THREAT,THREAT,THREAT,,THREAT,THREAT,
33,7zfn51,RUSSIA,US is looking at potential new sanctions against Russia,"US is looking at potential new sanctions against Russia,미국, 러시아에 대한 추가 제재 검토",,ECONOMIC,ECONOMIC,ECONOMIC,,ECONOMIC,ECONOMIC,
34,b56ab3,CHINA,Italy welcomes China's leader Xi Jinping and vast Belt and Road infrastructure project,"Italy welcomes China's leader Xi Jinping and vast Belt and Road infrastructure project,이탈리아, 시진핑과 대규모 일대일로 인프라 프로젝트 환영",,DIPLOMACY,DIPLOMACY,DIPLOMACY,"이것도 중국과 이탈리아의 외교 협력을 그냥 외교로 평가해야할지, 미국에 입장에서 유럽(서방)과 중국의 협력이니깐 위협으로 봐야할지, 아니면 그냥 중립적 정보제공으로 봐야할지 애매함. 정말 큰 범주에선 위협이고, 중국이나 이탈리아 입장에선 외교이고, 작은범위에선 그저 중국과 이탈리아가 협력한다는 정보전달 이니깐",DIPLOMACY,DIPLOMACY,
35,79egdi,CHINA,Why is Turkey so eager to be led down the belt and road?,"Why is Turkey so eager to be led down the belt and road?,터키는 왜 일대일로 참여에 적극적인가",[deleted],NEUTRAL,NEUTRAL,NEUTRAL,,NEUTRAL,NEUTRAL,
36,6poshl,IRAN,"France: U.S. Sanctions on Iran, Russia Look Illegal","France: U.S. Sanctions on Iran, Russia Look Illegal,프랑스 “미국의 이란·러시아 제재는 불법처럼 보인다”",,ECONOMIC,ECONOMIC,ECONOMIC,,ECONOMIC,ECONOMIC,
37,c3xx6e,IRAN,"Trump says new sanctions on Iran to start Monday, dials back rhetoric","Trump says new sanctions on Iran to start Monday, dials back rhetoric,트럼프 “이란에 대한 신규 제재, 월요일부터 시행”… 발언 수위는 조절",,ECONOMIC,ECONOMIC,ECONOMIC,,ECONOMIC,ECONOMIC,
38,a0de72,RUSSIA,"If Ukraine and Russia go to war, who would join?, should we fear WW3?","If Ukraine and Russia go to war, who would join?, should we fear WW3?,""우크라이나와 러시아가 전쟁을 벌이면 누가 참전할까? 제3차 세계대전을 두려워해야 할까""","[I think we have all seen the news](https://www.bbc.com/news/world-europe-46338671) it seems that Ukraine will declare war, but they are not in NATO nor the EU so... what's next?, can they win?, how can the conflict be deescalated? ",THREAT,NEUTRAL,NEUTRAL,"이것도 정보전달 중립과 위협 살짝 애매../ 조치의 부재, 질문이라서 neutral",NEUTRAL,NEUTRAL,
39,br6fu3,NK,North Korean women 'forced into sex slavery' in China-report,"North Korean women 'forced into sex slavery' in China-report,보고서 “북한 여성들, 중국에서 성노예로 강제”",,HUMANITARIAN,HUMANITARIAN,HUMANITARIAN,,HUMANITARIAN,HUMANITARIAN,
40,avvnld,NK,North Korea denies Trump's account of summit collapse,"North Korea denies Trump's account of summit collapse,북한, 정상회담 결렬에 대한 트럼프의 설명 부인",,DIPLOMACY,DIPLOMACY,DIPLOMACY,,NEUTRAL,unmatched,트럼프 미국에대한 반박
41,c68w0v,IRAN,Europeans Race to Establish Trade With Iran,"Europeans Race to Establish Trade With Iran,유럽 국가들, 이란과의 교역 재개 경쟁",,ECONOMIC,ECONOMIC,ECONOMIC,,ECONOMIC,ECONOMIC,
42,caz8ot,NK,LIVE: South Korean president arrives in Pyongyang for inter-Korean summit,"LIVE: South Korean president arrives in Pyongyang for inter-Korean summit,생중계: 한국 대통령, 남북 정상회담 위해 평양 도착",,DIPLOMACY,DIPLOMACY,DIPLOMACY,,DIPLOMACY,DIPLOMACY,
43,6xpkqi,NK,North Korea says has developed ‘advanced hydrogen bomb’ that can be fitted on ICBM,"North Korea says has developed ‘advanced hydrogen bomb’ that can be fitted on ICBM,북한 “ICBM에 탑재 가능한 첨단 수소폭탄 개발”",[deleted],THREAT,THREAT,THREAT,,THREAT,THREAT,
44,6zoms7,NK,Trump: UN's North Korea sanctions are 'not a big deal',"Trump: UN's North Korea sanctions are 'not a big deal',트럼프 “유엔의 대북 제재는 큰 문제가 아니다”",[deleted],ECONOMIC,ECONOMIC,ECONOMIC,,NEUTRAL,unmatched,
45,c57h1d,IRAN,US Air Force strikes on Iranian Military computer systems,"US Air Force strikes on Iranian Military computer systems,미 공군, 이란 군사 컴퓨터 시스템 공격",,THREAT,THREAT,THREAT,,THREAT,THREAT,
46,9z4o6v,RUSSIA,"More British troops to be deployed to Ukraine in face of THREAT from Russia, MoD to announce","More British troops to be deployed to Ukraine in face of THREAT from Russia, MoD to announce,러시아 위협에 대응해 영국군 추가로 우크라이나 배치 예정",,NEUTRAL,THREAT,THREAT,이것도 애매 기준을 미국입장에서 볼것인가? 미국입장에서 보면 다른나라의 군사적 조치나 위협을 설명하는 문장은 그저 중립적임.,THREAT,THREAT,
47,e0xl46,CHINA,Canada warned of fallout on Five Eyes relationship if Huawei allowed on 5G,"Canada warned of fallout on Five Eyes relationship if Huawei allowed on 5G,캐나다, 화웨이를 5G에 허용할 경우 파이브 아이즈 관계 악화 경고",,DIPLOMACY,DIPLOMACY,DIPLOMACY,,DIPLOMACY,DIPLOMACY,
48,e3f028,RUSSIA,Apple under fire for labelling Crimea as part of Russia in its apps,"Apple under fire for labelling Crimea as part of Russia in its apps,애플, 자사 앱에서 크림반도를 러시아 영토로 표기해 비판",,DIPLOMACY,DIPLOMACY,DIPLOMACY,,NEUTRAL,unmatched,비판하는성명 
49,e5lp74,IRAN,Reagan’s forgotten Iran-Contra escape may reveal more about Trump’s fate than Watergate,"Reagan’s forgotten Iran-Contra escape may reveal more about Trump’s fate than Watergate,레이건 시절 이란-콘트라 사건의 은폐가 워터게이트보다 트럼프의 운명을 더 보여줄 수도",,NEUTRAL,NEUTRAL,NEUTRAL,국내정치..애매,NEUTRAL,NEUTRAL,
50,bmbzqi,CHINA,"Taiwan to Improve Ties With India, Official Says, Despite Chinese Disfavour","Taiwan to Improve Ties With India, Official Says, Despite Chinese Disfavour,대만, 중국의 반대에도 인도와의 관계 강화",,NEUTRAL,DIPLOMACY,DIPLOMACY,대만입장에선 외교지만 미국 입장에선 정보전달이니깐 중립?,DIPLOMACY,DIPLOMACY,
51,ebtg82,RUSSIA,Rudy Giuliani Special Featured on Russian State TV,"Rudy Giuliani Special Featured on Russian State TV,루디 줄리아니, 러시아 국영 TV에 특별 출연",,NEUTRAL,NEUTRAL,NEUTRAL,,NEUTRAL,NEUTRAL,
52,aktlxs,CHINA,China Releases Footage of Successful Launch of Missile That Could Strike U.S. Territory,"China Releases Footage of Successful Launch of Missile That Could Strike U.S. Territory,중국, 미국 본토 타격 가능한 미사일 시험 발사 영상 공개",[deleted],THREAT,THREAT,THREAT,,THREAT,THREAT,
53,dqin3j,CHINA,China's economy struggles as consumers tighten belts,"China's economy struggles as consumers tighten belts,소비 위축으로 어려움을 겪는 중국 경제",,ECONOMIC,NEUTRAL,NEUTRAL,,NEUTRAL,NEUTRAL,
54,bmnua4,IRAN,"Trump's top intelligence and military advisers held unusual meeting at CIA on Iran, officials say","Trump's top intelligence and military advisers held unusual meeting at CIA on Iran, officials say,트럼프의 최고 정보·군사 참모들, CIA에서 이례적인 이란 관련 회의",,THREAT,NEUTRAL,NEUTRAL,이란문제 해결을위한 대전략이니깐 위협?,NEUTRAL,NEUTRAL,
55,ayi4z9,CHINA,"China’s economy is 12% smaller than official data say, study finds","China’s economy is 12% smaller than official data say, study finds,연구 “중국 경제 규모, 공식 통계보다 12% 작다”",,ECONOMIC,NEUTRAL,NEUTRAL,"조치가 없는 상황에서 경제가 묻어있으면 경제, 인권 소수민족 독립운동 개인의 자유 권리들이 묻어 있으면 humanitarian",NEUTRAL,NEUTRAL,
56,7r7rbt,IRAN,U.S. Strategy Shift in Syria Turns Focus to Iran From ISIS,"U.S. Strategy Shift in Syria Turns Focus to Iran From ISIS,미국의 시리아 전략 전환… ISIS에서 이란으로 초점 이동",,THREAT,NEUTRAL,NEUTRAL,이것도 전략과 관련되어있으니깐 위협?,NEUTRAL,NEUTRAL,
57,dj8ggb,IRAN,Giuliani's work for Iranian group with bloody past could lead to more legal woes,"Giuliani's work for Iranian group with bloody past could lead to more legal woes,줄리아니의 이란 단체 관련 활동, 추가 법적 문제 야기 가능성",,NEUTRAL,NEUTRAL,NEUTRAL,,NEUTRAL,NEUTRAL,
58,7m0jh2,CHINA,The rapid development of China ‘s service trade – International Trading Services Company,"The rapid development of China ‘s service trade – International Trading Services Company,중국 서비스 무역의 급속한 발전",,ECONOMIC,ECONOMIC,ECONOMIC,"이것도 큰 범주에서 보면 경제적 위협이긴한데,, 애매하네 일단 좁은 의미로 경제",NEUTRAL,unmatched,
59,6zt5os,NK,"U.S. will suffer ‘greatest pain’ in wake of latest UN sanctions say North Korea | JoltaNews | Pakistan News - Breaking News - Business News Current Affairs, Politics","U.S. will suffer ‘greatest pain’ in wake of latest UN sanctions say North Korea | JoltaNews | Pakistan News - Breaking News - Business News Current Affairs, Politics,""북한 “최신 유엔 제재로 미국이 가장 큰 고통을 겪을 것”""",,ECONOMIC,ECONOMIC,ECONOMIC,,DIPLOMACY,unmatched,
60,6u80oa,CHINA,"China military criticises 'wrong' U.S. moves on Taiwan, South China Sea","China military criticises 'wrong' U.S. moves on Taiwan, South China Sea,중국 군부, 대만·남중국해 관련 미국의 ‘잘못된’ 행동 비판",[deleted],THREAT,DIPLOMACY,DIPLOMACY,"이것도 군사적 위협은 아니긴한데,, 비난했으니깐 위협일것 같긴한데 위협의 문제는 군사만 포함하냐 아니면 포괄적 위협이냐가 애매하고 외교는 긍정/부정인지가 애매함",DIPLOMACY,DIPLOMACY,
61,7n40e5,IRAN,Report: 3 protesters shot dead by Revolutionary Guards as Iran rallies intensify,"Report: 3 protesters shot dead by Revolutionary Guards as Iran rallies intensify,보고서 “이란 시위 격화 속 혁명수비대가 시위대 3명 사살”",,HUMANITARIAN,HUMANITARIAN,HUMANITARIAN,,HUMANITARIAN,HUMANITARIAN,
62,efetpx,RUSSIA,"Russian attacks devour 979 HUMANITARIAN aid workers, SNHR report says","Russian attacks devour 979 HUMANITARIAN aid workers, SNHR report says,러시아의 공격으로 인도적 지원 요원 979명 사망",,HUMANITARIAN,HUMANITARIAN,HUMANITARIAN,,HUMANITARIAN,HUMANITARIAN,
63,7q4rc5,IRAN,Iran rejects Trump’s demand for changes to Obama-era nuclear deal,"Iran rejects Trump’s demand for changes to Obama-era nuclear deal,이란, 오바마 시절 핵합의 변경 요구한 트럼프 거부",,THREAT,DIPLOMACY,DIPLOMACY,61번과 동일사유,DIPLOMACY,DIPLOMACY,
64,5t8mko,CHINA,"Trump, Changing Course on Taiwan, Gives China an Upper Hand","Trump, Changing Course on Taiwan, Gives China an Upper Hand,트럼프의 대만 정책 전환, 중국에 유리한 국면 조성",,NEUTRAL,NEUTRAL,NEUTRAL,"이것도 트럼프를 비판하는 내용인데, 중국한테 유리하게 해줬다고 애매하네",NEUTRAL,NEUTRAL,
65,dfhr7w,RUSSIA,Senate Republicans Say Russia Helped Trump—and Is Still Messing in US Elections,"Senate Republicans Say Russia Helped Trump—and Is Still Messing in US Elections,상원 공화당 “러시아는 트럼프를 도왔고 지금도 미국 선거에 개입 중”",,NEUTRAL,NEUTRAL,NEUTRAL,국내정치,NEUTRAL,NEUTRAL,
66,a67sf4,NK,"""Top Secret"" Intel Report Claims Russia, China Continue To Help North Korea Evade Sanctions","""Top Secret"" Intel Report Claims Russia, China Continue To Help North Korea Evade Sanctions,""“최고기밀” 정보보고서 “러시아·중국, 북한의 제재 회피 계속 지원”""",,ECONOMIC,ECONOMIC,ECONOMIC,"이것도 애매 미국입장에선 북중러 협력이 위협인데, 이걸 위협으로 볼거냐 아님 제재의 관점에서 경제로 볼거냐, 아니면 제3국들의 이야기니깐 중립으로 볼것인가",ECONOMIC,ECONOMIC,
67,5v4o90,RUSSIA,Kremlin: Russia cannot take Crimea on lease from itself - Russia Beyond the Headlines,"Kremlin: Russia cannot take Crimea on lease from itself - Russia Beyond the Headlines,크렘린 “러시아는 스스로에게서 크림반도를 임대할 수 없다”",,NEUTRAL,NEUTRAL,NEUTRAL,,NEUTRAL,NEUTRAL,
68,a7ooir,RUSSIA,"Obama-like mistake': Republicans slam Trump over plan to withdraw troops from Syria, GOP lawmakers say vacuum will empower Russia, Iran and insurgent fighters","Obama-like mistake': Republicans slam Trump over plan to withdraw troops from Syria, GOP lawmakers say vacuum will empower Russia, Iran and insurgent fighters,""공화당 “오바마식 실수”라며 트럼프의 시리아 철군 계획 비판""",,NEUTRAL,NEUTRAL,NEUTRAL,국내정치치,NEUTRAL,NEUTRAL,
69,b161u7,IRAN,Iranian Islamic Revolutionary Guard Strategist Praises Parents Who Handed Over Their Oppositionist Children For Execution,"Iranian Islamic Revolutionary Guard Strategist Praises Parents Who Handed Over Their Oppositionist Children For Execution,이란 혁명수비대 전략가, 반체제 자녀를 처형에 넘긴 부모를 찬양",,HUMANITARIAN,HUMANITARIAN,HUMANITARIAN,,HUMANITARIAN,HUMANITARIAN,
70,d8z3yx,CHINA,Iraq to join China's Belt and Road project,"Iraq to join China's Belt and Road project,이라크, 중국의 일대일로 프로젝트 참여",,ECONOMIC,NEUTRAL,NEUTRAL,이것도 위협으로 봐야할지 경제로 봐야할지 미국입장에선 이란 중국 협력이 큰 범주에서 위협인데 작은범주에선 그냥 둘이 경제적 협력한거니깐,NEUTRAL,NEUTRAL,
71,8oyfzt,CHINA,What Does China’s Belt and Road Initiative Mean for US Grand Strategy,"What Does China’s Belt and Road Initiative Mean for US Grand Strategy,중국의 일대일로가 미국의 대전략에 의미하는 바",,THREAT,NEUTRAL,NEUTRAL,71번과 동일 애매함. 일단 미국 대전략에 미치는 영향이니깐 이건 위협으로 평가,NEUTRAL,NEUTRAL,
72,c2om5r,CHINA,Apple wants to move a huge chunk of iPhone production away from China and cut its exposure to the trade war,"Apple wants to move a huge chunk of iPhone production away from China and cut its exposure to the trade war,애플, 아이폰 생산의 상당 부분을 중국 밖으로 이전 추진",,ECONOMIC,ECONOMIC,ECONOMIC,,ECONOMIC,ECONOMIC,
73,7oqhky,RUSSIA,"Russia 'simulated full-scale war' against Nato, says military commander - 'The scale & extent of the entire exercise was far greater than officially stated'","Russia 'simulated full-scale war' against Nato, says military commander,러시아, 나토를 상대로 전면전 모의훈련 실시",,THREAT,THREAT,THREAT,,THREAT,THREAT,
74,d2frz2,NK,North Korea fires 2 projectiles after offering talks with US - NBCNews.com,"North Korea fires 2 projectiles after offering talks with US - NBCNews.com,북한, 미국과 대화 제안 후 미사일 2발 발사",,THREAT,THREAT,THREAT,,NEUTRAL,unmatched,
75,e6ry11,IRAN,US President Donald Trump: The UNSC Must Take Action on Iran. They are Killing Protesters. (VOA news clip),"US President Donald Trump: The UNSC Must Take Action on Iran. They are Killing Protesters.,트럼프 “유엔 안보리는 이란에 대해 조치해야 한다. 시위대를 살해하고 있다”",[deleted],HUMANITARIAN,HUMANITARIAN,HUMANITARIAN,,HUMANITARIAN,HUMANITARIAN,
76,9cin67,CHINA,Backlash builds against China as Belt and Road ties fray,"Backlash builds against China as Belt and Road ties fray,일대일로 균열 속 중국에 대한 반발 확산",,NEUTRAL,NEUTRAL,NEUTRAL,More discussion needed.,NEUTRAL,NEUTRAL,
77,a70qr3,NK,North Korea says continued US sanctions put denuclearization at risk,"North Korea says continued US sanctions put denuclearization at risk,북한 “미국의 지속적 제재가 비핵화를 위태롭게 한다”",,THREAT,DIPLOMACY,DIPLOMACY,,DIPLOMACY,DIPLOMACY,
78,bz0n33,CHINA,Trump Laments his Lack of China-Style Control of Fed Policy,"Trump Laments his Lack of China-Style Control of Fed Policy,트럼프, 중국식 연준 통제권이 없는 점을 한탄",,NEUTRAL,NEUTRAL,NEUTRAL,,NEUTRAL,NEUTRAL,
79,c0b03p,CHINA,"Chinese Cyberattack Hits Telegram, App Used by Hong Kong Protesters","Chinese Cyberattack Hits Telegram, App Used by Hong Kong Protesters,홍콩 시위대가 사용하는 텔레그램, 중국의 사이버 공격 받아",,HUMANITARIAN,THREAT,THREAT,시위자의 권리,THREAT,THREAT,
80,8lld1o,IRAN,Will Europe really be able to get around U.S. sanctions reguarding Iran ?,"Will Europe really be able to get around U.S. sanctions reguarding Iran ?,유럽은 정말로 이란 관련 미국 제재를 우회할 수 있을까",[removed],ECONOMIC,ECONOMIC,ECONOMIC,,NEUTRAL,unmatched,
81,7aqe61,CHINA,"Once Formidable, Taiwan's Military Now Overshadowed by China's","Once Formidable, Taiwan's Military Now Overshadowed by China's,한때 강력했던 대만 군대, 이제는 중국에 밀려",,NEUTRAL,NEUTRAL,NEUTRAL,,NEUTRAL,NEUTRAL,
82,6kwebe,RUSSIA,"Kobe Bryant, Samuel L. Jackson, Marlon Wayans puzzled by Pacquiao defeat: ‘Russians hacked this decision’","Kobe Bryant, Samuel L. Jackson, Marlon Wayans puzzled by Pacquiao defeat: ‘Russians hacked this decision’,코비 브라이언트·사무엘 L. 잭슨 등 “파퀴아오 패배, 러시아가 판정 조작한 것 아니냐”",,NEUTRAL,NEUTRAL,NEUTRAL,,NEUTRAL,NEUTRAL,
83,baq01s,RUSSIA,Angola Plans Manufacturing Russian Military Equipment,"Angola Plans Manufacturing Russian Military Equipment,앙골라, 러시아 군사 장비 생산 계획",,THREAT,THREAT,THREAT,,ECONOMIC,unmatched,
84,c6w48m,CHINA,chinese massage,"chinese massage,중국 마사지",,NEUTRAL,NEUTRAL,NEUTRAL,,NEUTRAL,NEUTRAL,
85,chhunx,NK,South Korea says North Korea fired 2 projectiles,"South Korea says North Korea fired 2 projectiles,한국 “북한이 발사체 2발 발사”",,THREAT,THREAT,THREAT,,THREAT,THREAT,
86,5q0s5f,NK,China-Singapore Commodity and RMB Summit,"China-Singapore Commodity and RMB Summit,중국-싱가포르 상품 및 위안화 정상회의",,ECONOMIC,NEUTRAL,NEUTRAL,,NEUTRAL,NEUTRAL,
87,5uvwee,CHINA,U.S. carrier group patrols in South China Sea: U.S. navy,"U.S. carrier group patrols in South China Sea: U.S. navy,미 해군 “미 항모 전단, 남중국해 순찰 중”",,THREAT,THREAT,THREAT,,THREAT,THREAT,
88,7o1vt0,NK,Japan's prime minister Abe says North Korea THREAT the 'severest since World War II'.,"Japan's prime minister Abe says North Korea THREAT the 'severest since World War II'.,아베 총리 “북한 위협, 제2차 세계대전 이후 가장 심각”",[deleted],THREAT,THREAT,THREAT,,DIPLOMACY,unmatched,
89,bdxits,RUSSIA,"Turkey eyes US sanctions waivers on Iran oil, Russia arms","Turkey eyes US sanctions waivers on Iran oil, Russia arms,터키, 이란산 석유·러시아 무기 관련 미국 제재 면제 검토",,NEUTRAL,ECONOMIC,ECONOMIC,경제가 묻어있음,ECONOMIC,ECONOMIC,
90,6rya5g,CHINA,North Korea: China urges neighbour to stop missile tests- BBC News,"North Korea: China urges neighbour to stop missile tests- BBC News,북한 “중국, 미사일 시험 중단 촉구”",,DIPLOMACY,DIPLOMACY,DIPLOMACY,"이것도 애매해, 중국이 북한한테 미사일 시험 그만하라고 한거니깐 전체적인 맥락은 미국한테 긍정적임 근데 이것도 위협이라고 봐야할지? 아니면 그냥 중립으로 해야할지?",DIPLOMACY,DIPLOMACY,
91,br4le9,RUSSIA,Kushner Received $285M Loan From a Bank Tied To Russia Shortly Before Election:,"Kushner Received $285M Loan From a Bank Tied To Russia Shortly Before Election,쿠슈너, 선거 직전 러시아 연계 은행에서 2억 8,500만 달러 대출",,NEUTRAL,NEUTRAL,NEUTRAL,국내 정치 선거 자금.,NEUTRAL,NEUTRAL,
92,7by4cx,IRAN,"Surprise! Iran has a small military budget, whether per capita or as percentage of GDP","Surprise! Iran has a small military budget, whether per capita or as percentage of GDP,놀라운 사실: 이란의 군사비는 1인당·GDP 대비 모두 낮다",[removed],NEUTRAL,NEUTRAL,NEUTRAL,,NEUTRAL,NEUTRAL,
93,7ct27s,NK,North Korea soldier shot while defecting at DMZ to South,"North Korea soldier shot while defecting at DMZ to South,북한 군인, DMZ를 넘어 탈북하다 총격",,THREAT,HUMANITARIAN,HUMANITARIAN,"탈북중 발생한 개인의 피해, 투항하는 군인.",HUMANITARIAN,HUMANITARIAN,
94,d6qyr0,CHINA,"Trump grants tariff exemptions to plastic straws, dog leashes and more from China - CNBC","Trump grants tariff exemptions to plastic straws, dog leashes and more from China - CNBC,트럼프, 중국산 플라스틱 빨대·개 목줄 등에 관세 면제",,ECONOMIC,ECONOMIC,ECONOMIC,,ECONOMIC,ECONOMIC,
95,8q1u35,RUSSIA,Susan Rice: 'Disgraceful' for Trump to blame Obama for Russia's annexation of Crimea,"Susan Rice: 'Disgraceful' for Trump to blame Obama for Russia's annexation of Crimea,수전 라이스 “러시아의 크림반도 병합을 오바마 탓으로 돌린 트럼프는 수치스럽다”",,NEUTRAL,NEUTRAL,NEUTRAL,국내정치,NEUTRAL,NEUTRAL,
96,bv3g2j,NK,"Launched in 2002 and held each year at Singapore's Shangri-La Hotel, the summit is Asia's largest annual defence and security gathering. It seeks to promote bilateral dialogue among sometimes hostile adversaries, and is traditionally attended by delegates from Asia Pacific nations as well as the US.","Launched in 2002 and held each year at Singapore's Shangri-La Hotel, the summit is Asia's largest annual defence and security gathering.,2002년 시작돼 매년 싱가포르 샹그릴라 호텔에서 열리는 아시아 최대 안보·국방 회의",,NEUTRAL,NEUTRAL,NEUTRAL,행사 소개문단이고 조치가 없음.,NEUTRAL,NEUTRAL,
97,7p4dgp,NK,North Korea holds talks with South at the DMZ: Live updates,"North Korea holds talks with South at the DMZ: Live updates,북한, DMZ에서 남한과 회담 진행",[deleted],DIPLOMACY,DIPLOMACY,DIPLOMACY,,DIPLOMACY,DIPLOMACY,
98,6o67m4,IRAN,ISIS Executes 2200 Students with Hands Tied: Iran's Gen. Soleimani,"ISIS Executes 2200 Students with Hands Tied: Iran's Gen. Soleimani,이란의 솔레이마니 장군 “ISIS, 손이 묶인 학생 2200명 처형”",,HUMANITARIAN,HUMANITARIAN,HUMANITARIAN,,HUMANITARIAN,HUMANITARIAN,
99,7lj9kd,NK,UN slaps fresh sanctions on North Korea,"UN slaps fresh sanctions on North Korea,유엔, 북한에 신규 제재 부과",,ECONOMIC,ECONOMIC,ECONOMIC,,ECONOMIC,ECONOMIC,
100,ctcxup,NK,Venezuela to Open Embassy in Pyongyang on Wednesday,"Venezuela to Open Embassy in Pyongyang on Wednesday,베네수엘라, 수요일 평양에 대사관 개설",,NEUTRAL,NEUTRAL,NEUTRAL,대사관을 열었다는 조치가 명시되어있음.,NEUTRAL,NEUTRAL,