post_id,title,human_frame,llm_frame_revised,llm_confidence_revised,llm_reason_revised
e9b67m,"The Atrocities Of IRGC Security Forces In Mahshahr, Iran",HUMANITARIAN,HUMANITARIAN,0.9,"The post discusses atrocities committed by security forces within Iran, which relates to human rights issues and civilian suppression. There is no indication of inter-state conflict or military actions, thus it does not fit the THREAT category."
6x0s32,' North Korea links latest missile launch to Japan’s annexation of Korea over a century ago. Even some South Koreans will like that.'',THREAT,THREAT,0.9,"The post discusses North Korea's missile launch, which is a military action that increases the potential for inter-state conflict, especially in the context of historical grievances."
c23li0,China pulls WTO suit over claim to be a market economy,ECONOMIC,ECONOMIC,0.9,"The post discusses China's actions regarding its status as a market economy within the WTO, which relates to economic measures and trade implications rather than military actions or threats."
9h6w16,North Korea’s Kim agrees to dismantle main nuke site if U.S. takes steps too,DIPLOMACY,DIPLOMACY,0.9,"The post discusses an agreement involving North Korea's Kim to dismantle a nuclear site contingent on U.S. actions, indicating a potential for diplomatic engagement and negotiation rather than conflict escalation."
6p3sbo,Morales aside would you rather be dictator of North Korea or king of Saudi Arabia?,NEUTRAL,NEUTRAL,0.9,The post poses a hypothetical question about leadership in two countries without discussing any actions that increase inter-state conflict or potential military threats.
ajcx29,"Russia, Turkey, China denounce US interference in Venezuela",DIPLOMACY,THREAT,0.8,"The post indicates that Russia, Turkey, and China are denouncing US interference in Venezuela, which suggests a collective response to perceived US actions that could escalate tensions and conflict in the region."
7szpx2,Dutch agencies provide crucial intel about Russia's interference in US-elections,NEUTRAL,THREAT,0.9,"The post discusses Russian interference in US elections, which implies a potential increase in inter-state conflict due to actions that undermine democratic processes and national sovereignty."
96yei3,Iran's Supreme Leader Khamenei rejects Trump offer of talks,DIPLOMACY,THREAT,0.9,"The rejection of talks by Iran's Supreme Leader Khamenei indicates a refusal to engage diplomatically with the U.S., which may heighten tensions and increase the potential for conflict between the two states."
bzacye,North Korean leader's slain half-brother was a CIA informant,NEUTRAL,NEUTRAL,0.8,"The post discusses the status of a North Korean leader's half-brother as a CIA informant, which is more related to factual reporting and analysis of intelligence rather than actions that increase inter-state conflict. The potential for conflict is low as it does not indicate any military actions or threats."
7bviz0,"US, China have 'frank' exchange on South China Sea during Trump's Beijing visit",DIPLOMACY,DIPLOMACY,0.9,"The post describes a 'frank' exchange between the US and China, indicating a dialogue or negotiation regarding the South China Sea, which suggests an effort to improve relations rather than increase conflict."
79xmko,Former FBI agent says Russia interference began in 2014,NEUTRAL,NEUTRAL,0.9,The post discusses the timeline of Russia's interference without indicating any immediate threat or action that would increase inter-state conflict. It appears to be a factual statement rather than a commentary on military or diplomatic actions.
a53ym2,Tibetan Youth Self-Immolates Over China's Tibet Policies,HUMANITARIAN,HUMANITARIAN,0.9,"The post discusses a self-immolation in response to China's policies in Tibet, highlighting human rights issues and civilian suppression. The conflict potential is low as it focuses on internal issues rather than direct inter-state military actions."
bk9ydw,"CNN Reports: Democrats take it up the ass as Barr laughs at them on the way with Trump for a round of Golf Friday. Biden comments China is our friend, hell we sell them missiles, tanks, and the last time I was in Taiwan well they are just beautiful people.",NEUTRAL,NEUTRAL,0.9,The post primarily discusses domestic political issues and commentary without indicating any direct actions that would increase inter-state conflict. It mentions military sales to China but does not frame them as a threat or an arms buildup.
7llao0,U.N. imposes tough new sanctions against North Korea,ECONOMIC,THREAT,0.9,The imposition of tough new sanctions against North Korea is likely to increase inter-state conflict by restricting economic resources and potentially provoking retaliatory actions from North Korea.
7pbee5,North Korea: All our nukes and strategic weapons are pointed at the US,THREAT,THREAT,0.9,"The post indicates that North Korea's nuclear and strategic weapons are aimed at the US, which directly suggests a military threat and potential for increased inter-state conflict."
d12e58,"Iran activates advanced centrifuges, violates nuclear deal - National | Globalnews.ca",THREAT,THREAT,0.9,"The activation of advanced centrifuges by Iran indicates a potential escalation in nuclear capabilities, which increases the likelihood of inter-state conflict and violates existing nuclear agreements."
8qxauf,"Trump brushes off Kim's human rights record, saying a lot of others have done 'bad things'",DIPLOMACY,NEUTRAL,0.8,The post discusses Trump's comments on Kim's human rights record without indicating any military actions or threats. It focuses on a political statement rather than an escalation of conflict or diplomatic efforts.
c6tu0a,"Iran may stand down on nuclear THREAT after Europe, China work to bypass US sanctions",NEUTRAL,DIPLOMACY,0.9,"The post discusses Iran potentially standing down on nuclear threats as a result of diplomatic efforts by Europe and China to bypass US sanctions, indicating a move towards negotiation and improved relations rather than actions that increase conflict."
9mewxr,"Iran Political Prisoner Hamidreza Amini Issued Long Prison Sentence, Among His Charges Is Two years For “Insulting The Supreme Leader Ali Khamenei.”",NEUTRAL,HUMANITARIAN,0.9,"The post discusses the sentencing of a political prisoner in Iran, which pertains to human rights issues and civilian suppression. There is low potential for inter-state conflict in this context."
b4wgbv,Trump will remove new North Korea-related sanctions because he 'likes' Kim Jong Un,DIPLOMACY,DIPLOMACY,0.8,"The post discusses the removal of sanctions, which indicates a potential for improved relations and dialogue with North Korea, rather than actions that would increase inter-state conflict."
953hc6,U.S. revives sanctions to further damage Iran's economy,ECONOMIC,ECONOMIC,0.9,"The post discusses the revival of sanctions, which are economic measures aimed at damaging Iran's economy. While sanctions can contribute to tensions, they do not directly involve military actions or threats, placing this in the economic framing category."
6camiw,Trump in Saudi Arabia signs $110B arms deal with Persian Gulf ally,THREAT,THREAT,1.0,"The post discusses an arms deal signed by Trump with Saudi Arabia, which is considered an action that increases the potential for interstate conflict due to the implications of arms buildup."
62my3i,Will Russia-China-Iran common interests ever lead to military alliance?,THREAT,THREAT,0.85,"The post discusses the strengthening ties between Russia, China, and Iran, highlighting their support for military actions in the Syrian War and nuclear ambitions, which indicates a potential increase in inter-state conflict."
7i6r2u,"US to maintain Russia sanctions until it withdraws from Ukraine, Tillerson says",ECONOMIC,ECONOMIC,0.9,"The post discusses the maintenance of sanctions against Russia, which are economic measures aimed at influencing behavior without direct military action. This indicates a low potential for immediate conflict escalation."
7fkd80,Iran Warns It Would Increase Missile Range if THREATened by Europe,THREAT,THREAT,0.9,"The post indicates that Iran would increase its missile range in response to perceived threats from Europe, which suggests a potential escalation of military capabilities and an increase in inter-state conflict."
ar5a7o,Iranian Fake News in the New York Times. How Mullahs’ Regime Infiltrates Western Media.,NEUTRAL,NEUTRAL,0.8,"The post discusses media infiltration by the Iranian regime, which pertains to domestic politics and media framing rather than direct threats or actions that increase inter-state conflict."
bd9muw,"One Month, 500,000 Face Scans: How China Is Using A.I. to Profile a Minority",HUMANITARIAN,HUMANITARIAN,0.9,"The post discusses the use of A.I. for profiling a minority in China, which relates to human rights issues and civilian suppression. There is no indication of inter-state conflict or military actions, making it relevant to humanitarian concerns."
byp0pd,"More than 1 million protest in Hong Kong, organizers say, over Chinese extradition law",HUMANITARIAN,HUMANITARIAN,0.9,"The post discusses a large protest in Hong Kong against a law that could impact civil liberties, indicating a significant human rights issue and civilian unrest rather than direct inter-state conflict."
db5tek,China's official manufacturing PMI contracted again in September,NEUTRAL,NEUTRAL,0.9,"The post discusses China's manufacturing PMI, which is an economic indicator. There is no mention of military actions, threats, or diplomatic efforts, indicating low conflict potential."
c3q08l,"Iran’s grand strategy tests U.S. and its allies Yemen, Iraq, Syria - Middle East | Jerusalem Post",THREAT,THREAT,0.9,"The title suggests that Iran's grand strategy is testing U.S. and allied interests in multiple conflict zones (Yemen, Iraq, Syria), indicating potential military confrontations and increased inter-state conflict."
bi9kqr,Report on sentiment on the DPRK street regarding Kim Jong-un’s trip to Russia,NEUTRAL,NEUTRAL,0.9,"The post discusses sentiment in North Korea regarding Kim Jong-un's trip to Russia, which does not indicate any military actions, threats, or diplomatic efforts that would increase conflict potential. It appears to be a factual report on public sentiment."
9ee0b9,North Korea parade shows off military strength,THREAT,THREAT,0.9,"The post describes a military parade by North Korea that showcases military strength, which indicates a show of force and increases the potential for inter-state conflict."
7zfn51,US is looking at potential new sanctions against Russia,ECONOMIC,ECONOMIC,0.9,"The post discusses potential new sanctions against Russia, which are economic measures that aim to exert pressure without direct military action, indicating a low conflict potential."
b56ab3,Italy welcomes China's leader Xi Jinping and vast Belt and Road infrastructure project,DIPLOMACY,DIPLOMACY,0.9,"The post discusses Italy welcoming China's leader and a significant infrastructure project, indicating a diplomatic engagement and potential strengthening of relations rather than actions that would increase inter-state conflict."
79egdi,Why is Turkey so eager to be led down the belt and road?,NEUTRAL,NEUTRAL,0.9,"The post discusses Turkey's interest in the Belt and Road Initiative without indicating any military actions, threats, or conflict potential. It appears to focus on economic and geopolitical interests rather than on issues that would escalate inter-state conflict."
6poshl,"France: U.S. Sanctions on Iran, Russia Look Illegal",ECONOMIC,ECONOMIC,0.9,"The post discusses U.S. sanctions on Iran and Russia, which are economic measures that can affect international relations but do not directly indicate an increase in inter-state conflict."
c3xx6e,"Trump says new sanctions on Iran to start Monday, dials back rhetoric",ECONOMIC,ECONOMIC,0.9,"The post discusses new sanctions on Iran, which are economic measures that can impact international relations but do not directly indicate military actions or threats. The mention of 'dials back rhetoric' suggests a reduction in aggressive language, indicating lower conflict potential."
a0de72,"If Ukraine and Russia go to war, who would join?, should we fear WW3?",NEUTRAL,THREAT,0.9,"The post discusses the potential for Ukraine to declare war and raises concerns about the implications for inter-state conflict, including the possibility of WW3. This indicates a significant threat to international stability."
br6fu3,North Korean women 'forced into sex slavery' in China-report,HUMANITARIAN,HUMANITARIAN,0.9,"The post addresses human rights issues related to North Korean women being forced into sex slavery in China, which highlights humanitarian concerns rather than inter-state conflict."
avvnld,North Korea denies Trump's account of summit collapse,DIPLOMACY,NEUTRAL,0.9,"The post discusses North Korea's denial of an account regarding a summit collapse, which does not indicate any immediate threat or conflict potential. It focuses on a diplomatic event rather than military actions or threats."
c68w0v,Europeans Race to Establish Trade With Iran,ECONOMIC,ECONOMIC,0.9,"The post discusses trade relations with Iran, which indicates economic engagement rather than military actions or threats. The potential for conflict is low as it focuses on establishing trade."
caz8ot,LIVE: South Korean president arrives in Pyongyang for inter-Korean summit,DIPLOMACY,DIPLOMACY,0.9,"The post describes a South Korean president's arrival for an inter-Korean summit, indicating a diplomatic engagement aimed at improving relations, which suggests low conflict potential."
6xpkqi,North Korea says has developed ‘advanced hydrogen bomb’ that can be fitted on ICBM,THREAT,THREAT,0.9,"The post describes North Korea's development of an advanced hydrogen bomb that can be fitted on an intercontinental ballistic missile (ICBM), which significantly increases the potential for inter-state conflict through military escalation and nuclear threat."
6zoms7,Trump: UN's North Korea sanctions are 'not a big deal',ECONOMIC,NEUTRAL,0.8,The post discusses Trump's opinion on UN sanctions against North Korea without indicating any military actions or threats. It appears to focus on a political stance rather than an increase in conflict potential.
c57h1d,US Air Force strikes on Iranian Military computer systems,THREAT,THREAT,0.9,"The post describes US Air Force strikes, which are military actions that increase the potential for inter-state conflict with Iran."
9z4o6v,"More British troops to be deployed to Ukraine in face of THREAT from Russia, MoD to announce",THREAT,THREAT,1.0,"The post describes the deployment of British troops to Ukraine in response to a perceived threat from Russia, indicating actions that increase the potential for inter-state conflict."
e0xl46,Canada warned of fallout on Five Eyes relationship if Huawei allowed on 5G,THREAT,THREAT,0.8,"The warning about potential fallout on the Five Eyes relationship due to Huawei's involvement in 5G suggests a concern for national security and inter-state conflict, indicating a military or strategic threat to alliances."
e3f028,Apple under fire for labelling Crimea as part of Russia in its apps,NEUTRAL,THREAT,0.8,"The post discusses a controversial action by Apple that relates to the political status of Crimea, which is a sensitive issue that can exacerbate tensions between Russia and Ukraine, potentially increasing inter-state conflict."
e5lp74,Reagan’s forgotten Iran-Contra escape may reveal more about Trump’s fate than Watergate,NEUTRAL,NEUTRAL,0.9,The post discusses historical events and their implications for current political figures without indicating any actions that would increase inter-state conflict. It focuses on domestic political analysis rather than international relations or conflict.
bmbzqi,"Taiwan to Improve Ties With India, Official Says, Despite Chinese Disfavour",DIPLOMACY,DIPLOMACY,0.9,"The post discusses Taiwan's intention to improve ties with India, which indicates a diplomatic effort to strengthen relations despite potential disapproval from China. This suggests a low conflict potential as it focuses on dialogue and cooperation rather than military actions or threats."
ebtg82,Rudy Giuliani Special Featured on Russian State TV,NEUTRAL,NEUTRAL,0.8,"The post discusses a media feature without indicating any military actions, threats, or diplomatic efforts. It appears to be a factual report about media coverage, which does not increase conflict potential."
aktlxs,China Releases Footage of Successful Launch of Missile That Could Strike U.S. Territory,THREAT,THREAT,0.95,"The post describes a missile launch by China that has the potential to increase inter-state conflict, particularly with the implication that it could strike U.S. territory, which raises military threat concerns."
dqin3j,China's economy struggles as consumers tighten belts,ECONOMIC,NEUTRAL,0.9,"The post discusses China's economic struggles, which does not indicate any actions that increase inter-state conflict. It focuses on domestic economic conditions rather than international relations or conflict potential."
bmnua4,"Trump's top intelligence and military advisers held unusual meeting at CIA on Iran, officials say",THREAT,THREAT,0.8,"The unusual meeting of Trump's top intelligence and military advisers at the CIA regarding Iran suggests a focus on national security and potential military considerations, which could indicate an increase in inter-state conflict."
ayi4z9,"China’s economy is 12% smaller than official data say, study finds",ECONOMIC,NEUTRAL,0.9,"The post discusses economic data regarding China's economy, which does not indicate any potential for inter-state conflict or military actions. It is a factual reporting of economic analysis."
7r7rbt,U.S. Strategy Shift in Syria Turns Focus to Iran From ISIS,THREAT,THREAT,0.8,"The post discusses a shift in U.S. strategy in Syria that focuses on Iran, which implies a potential increase in inter-state conflict, particularly given the historical tensions between the U.S. and Iran. This suggests a military or strategic repositioning that could escalate conflicts."
dj8ggb,Giuliani's work for Iranian group with bloody past could lead to more legal woes,NEUTRAL,NEUTRAL,0.8,"The post discusses Giuliani's association with an Iranian group, which may imply legal issues but does not indicate any direct military actions, threats, or conflict potential between states. It focuses on domestic political implications rather than international relations."
7m0jh2,The rapid development of China ‘s service trade – International Trading Services Company,ECONOMIC,NEUTRAL,0.9,"The post discusses the development of China's service trade, which does not indicate any actions that would increase inter-state conflict. It appears to be a factual reporting on economic activities without any military or diplomatic implications."
6zt5os,"U.S. will suffer ‘greatest pain’ in wake of latest UN sanctions say North Korea | JoltaNews | Pakistan News - Breaking News - Business News Current Affairs, Politics",THREAT,THREAT,0.8,"The mention of 'latest UN sanctions' implies a response to North Korea's actions, which could escalate tensions and increase the potential for conflict between the U.S. and North Korea."
6u80oa,"China military criticises 'wrong' U.S. moves on Taiwan, South China Sea",DIPLOMACY,THREAT,0.9,"The post discusses military criticism from China regarding U.S. actions related to Taiwan and the South China Sea, which indicates potential for increased inter-state conflict."
7n40e5,Report: 3 protesters shot dead by Revolutionary Guards as Iran rallies intensify,HUMANITARIAN,THREAT,0.9,"The post describes a violent incident involving the Revolutionary Guards shooting protesters, which indicates a potential for increased internal conflict and instability in Iran. This situation could escalate tensions both domestically and potentially with external actors, thus fitting the THREAT category."
efetpx,"Russian attacks devour 979 HUMANITARIAN aid workers, SNHR report says",HUMANITARIAN,HUMANITARIAN,0.9,"The post discusses the impact of Russian attacks on humanitarian aid workers, highlighting human rights issues and civilian suffering, which indicates a focus on humanitarian concerns rather than direct military threats or conflict escalation."
7q4rc5,Iran rejects Trump’s demand for changes to Obama-era nuclear deal,DIPLOMACY,DIPLOMACY,0.8,"The post discusses Iran's response to a demand regarding a nuclear deal, which indicates ongoing diplomatic negotiations related to international agreements. There is no indication of military actions or threats, thus the conflict potential is low."
5t8mko,"Trump, Changing Course on Taiwan, Gives China an Upper Hand",NEUTRAL,THREAT,0.8,"The title suggests a shift in U.S. policy towards Taiwan that could be interpreted as a weakening of support, potentially increasing tensions with China and affecting inter-state relations."
dfhr7w,Senate Republicans Say Russia Helped Trump—and Is Still Messing in US Elections,NEUTRAL,NEUTRAL,0.9,"The post discusses allegations of foreign interference in U.S. elections, which pertains more to domestic political discourse rather than direct inter-state conflict or military threats."
a67sf4,"""Top Secret"" Intel Report Claims Russia, China Continue To Help North Korea Evade Sanctions",ECONOMIC,THREAT,0.9,"The post discusses actions by Russia and China that assist North Korea in evading sanctions, which could potentially increase conflict by undermining international efforts to limit North Korea's military capabilities."
5v4o90,Kremlin: Russia cannot take Crimea on lease from itself - Russia Beyond the Headlines,DIPLOMACY,NEUTRAL,0.9,"The post discusses a statement from the Kremlin regarding Crimea, which does not indicate any immediate military action or threat. It appears to be a factual report about Russia's stance on Crimea without suggesting an increase in inter-state conflict."
a7ooir,"Obama-like mistake': Republicans slam Trump over plan to withdraw troops from Syria, GOP lawmakers say vacuum will empower Russia, Iran and insurgent fighters",NEUTRAL,THREAT,0.9,"The post discusses the potential consequences of a troop withdrawal from Syria, which GOP lawmakers argue could empower adversarial states like Russia and Iran, indicating an increase in conflict potential."
b161u7,Iranian Islamic Revolutionary Guard Strategist Praises Parents Who Handed Over Their Oppositionist Children For Execution,HUMANITARIAN,HUMANITARIAN,0.9,"The post discusses the execution of oppositionist children, which relates to human rights issues and civilian suppression. While it does not directly indicate inter-state conflict, it highlights severe human rights violations within a country, making it relevant to humanitarian framing."
d8z3yx,Iraq to join China's Belt and Road project,ECONOMIC,ECONOMIC,0.9,"The post discusses Iraq joining China's Belt and Road project, which is primarily an economic initiative aimed at infrastructure development and trade enhancement. There is no indication of increased conflict potential in this context."
8oyfzt,What Does China’s Belt and Road Initiative Mean for US Grand Strategy,THREAT,NEUTRAL,0.9,"The post discusses China's Belt and Road Initiative in the context of US grand strategy, which suggests an analysis of international relations without indicating any immediate threat or conflict potential."
c2om5r,Apple wants to move a huge chunk of iPhone production away from China and cut its exposure to the trade war,ECONOMIC,ECONOMIC,0.9,"The post discusses Apple's intention to shift production away from China in the context of the trade war, which relates to economic measures and trade dynamics rather than military actions or threats."
7oqhky,"Russia 'simulated full-scale war' against Nato, says military commander - 'The scale & extent of the entire exercise was far greater than officially stated'",THREAT,THREAT,0.9,"The post describes a military exercise by Russia that simulates a full-scale war against NATO, indicating a significant potential to increase inter-state conflict."
d2frz2,North Korea fires 2 projectiles after offering talks with US - NBCNews.com,THREAT,THREAT,0.9,"The post describes North Korea firing projectiles, which is a military action that increases the potential for inter-state conflict, especially in the context of ongoing tensions with the US."
e6ry11,US President Donald Trump: The UNSC Must Take Action on Iran. They are Killing Protesters. (VOA news clip),HUMANITARIAN,HUMANITARIAN,0.9,"The post highlights the issue of Iran killing protesters, which pertains to human rights violations and civilian suppression. There is no indication of military actions or threats that would increase inter-state conflict, making this a humanitarian framing."
a70qr3,North Korea says continued US sanctions put denuclearization at risk,THREAT,THREAT,0.9,"The post indicates that US sanctions are perceived by North Korea as a risk to denuclearization, suggesting a potential for increased conflict due to the military implications of denuclearization efforts and the ongoing tensions between the two states."
bz0n33,Trump Laments his Lack of China-Style Control of Fed Policy,NEUTRAL,NEUTRAL,0.9,"The post discusses Trump's views on the Federal Reserve's policy without any mention of international relations or conflict, thus it does not indicate any potential for inter-state conflict."
c0b03p,"Chinese Cyberattack Hits Telegram, App Used by Hong Kong Protesters",HUMANITARIAN,THREAT,0.9,"The cyberattack on Telegram, an app used by protesters, indicates potential state-sponsored aggression that could escalate tensions between China and Hong Kong, increasing the likelihood of conflict."
8lld1o,Will Europe really be able to get around U.S. sanctions reguarding Iran ?,ECONOMIC,ECONOMIC,0.9,"The post discusses U.S. sanctions regarding Iran, which are economic measures that may affect international relations but do not directly indicate an increase in inter-state conflict."
7aqe61,"Once Formidable, Taiwan's Military Now Overshadowed by China's",NEUTRAL,THREAT,0.9,"The post discusses Taiwan's military in the context of being overshadowed by China's military capabilities, which implies a potential increase in inter-state conflict due to the military imbalance and tensions in the region."
6kwebe,"Kobe Bryant, Samuel L. Jackson, Marlon Wayans puzzled by Pacquiao defeat: ‘Russians hacked this decision’",NEUTRAL,NEUTRAL,0.9,"The post discusses a sports event and the reactions of celebrities, which does not indicate any potential for inter-state conflict or military actions. It is more of a humorous or light-hearted commentary rather than a serious political issue."
baq01s,Angola Plans Manufacturing Russian Military Equipment,THREAT,THREAT,0.9,"The post describes Angola's plans to manufacture military equipment from Russia, which indicates an arms buildup and potential increase in inter-state conflict."
c6w48m,chinese massage,NEUTRAL,NEUTRAL,1.0,"The post title 'chinese massage' does not indicate any actions or topics related to international relations or conflict, thus it is classified as neutral."
chhunx,South Korea says North Korea fired 2 projectiles,THREAT,THREAT,0.9,"The post reports on North Korea firing projectiles, which indicates a military action that has the potential to increase inter-state conflict."
5q0s5f,China-Singapore Commodity and RMB Summit,ECONOMIC,NEUTRAL,0.9,"The post title refers to a summit focused on commodities and currency, which does not indicate any military actions or threats that would increase inter-state conflict. It appears to be a factual reporting of an event without conflict potential."
5uvwee,U.S. carrier group patrols in South China Sea: U.S. navy,THREAT,THREAT,0.9,"The post describes the U.S. carrier group's patrol in the South China Sea, which is a military action that has the potential to increase inter-state conflict, particularly in a region with ongoing territorial disputes."
7o1vt0,Japan's prime minister Abe says North Korea THREAT the 'severest since World War II'.,THREAT,THREAT,0.9,"The post describes a statement from Japan's prime minister regarding North Korea being a significant threat, indicating an increase in perceived inter-state conflict."
bdxits,"Turkey eyes US sanctions waivers on Iran oil, Russia arms",ECONOMIC,ECONOMIC,0.9,"The post discusses Turkey seeking waivers from US sanctions related to Iran oil and Russian arms, which pertains to economic measures rather than military actions or threats. The potential for conflict is low as it focuses on sanctions rather than direct military engagement."
6rya5g,North Korea: China urges neighbour to stop missile tests- BBC News,DIPLOMACY,THREAT,0.9,"The post discusses North Korea's missile tests, which are military actions that increase the potential for inter-state conflict, particularly in the context of regional security dynamics."
br4le9,Kushner Received $285M Loan From a Bank Tied To Russia Shortly Before Election:,NEUTRAL,NEUTRAL,0.9,"The post discusses a financial transaction involving Kushner and a bank linked to Russia, which pertains to domestic politics and does not indicate any direct military actions, threats, or conflict potential."
7by4cx,"Surprise! Iran has a small military budget, whether per capita or as percentage of GDP",NEUTRAL,NEUTRAL,0.9,The post discusses Iran's military budget without indicating any actions that would increase inter-state conflict. It appears to be factual reporting rather than an analysis of conflict potential.
7ct27s,North Korea soldier shot while defecting at DMZ to South,HUMANITARIAN,THREAT,0.9,"The post describes a soldier being shot while defecting at the DMZ, which indicates a military incident that could escalate tensions between North and South Korea, thereby increasing the potential for inter-state conflict."
d6qyr0,"Trump grants tariff exemptions to plastic straws, dog leashes and more from China - CNBC",ECONOMIC,ECONOMIC,0.9,"The post discusses tariff exemptions, which are economic measures and do not indicate any potential for increased inter-state conflict."
8q1u35,Susan Rice: 'Disgraceful' for Trump to blame Obama for Russia's annexation of Crimea,NEUTRAL,NEUTRAL,0.9,The post discusses a political statement regarding blame for historical events without indicating any immediate threat or potential for increased conflict between states.
bv3g2j,"Launched in 2002 and held each year at Singapore's Shangri-La Hotel, the summit is Asia's largest annual defence and security gathering. It seeks to promote bilateral dialogue among sometimes hostile adversaries, and is traditionally attended by delegates from Asia Pacific nations as well as the US.",NEUTRAL,DIPLOMACY,0.9,"The post describes a summit aimed at promoting bilateral dialogue among potentially hostile nations, indicating a focus on diplomatic engagement rather than conflict."
7p4dgp,North Korea holds talks with South at the DMZ: Live updates,DIPLOMACY,DIPLOMACY,0.9,"The post describes talks between North Korea and South Korea, indicating a potential for dialogue and improved relations, which suggests low conflict potential."
6o67m4,ISIS Executes 2200 Students with Hands Tied: Iran's Gen. Soleimani,HUMANITARIAN,THREAT,0.9,"The post describes a violent act of execution attributed to ISIS, which indicates a severe threat to stability and security in the region, potentially increasing inter-state conflict."
7lj9kd,UN slaps fresh sanctions on North Korea,ECONOMIC,THREAT,0.9,"The imposition of fresh sanctions on North Korea is indicative of actions that increase inter-state conflict potential, as sanctions can lead to heightened tensions and retaliatory measures from the targeted state."
ctcxup,Venezuela to Open Embassy in Pyongyang on Wednesday,DIPLOMACY,DIPLOMACY,0.8,"The opening of an embassy indicates a move towards diplomatic relations and engagement between Venezuela and North Korea, suggesting a potential for improved relations rather than increased conflict."
dux6ij,"Xi Jinping reiterates rallying call to Chinese military, stresses need for Communist Party’s ‘grip’",NEUTRAL,THREAT,0.8,"The post discusses Xi Jinping's call to the military, which suggests a focus on military readiness and loyalty to the Communist Party, potentially indicating an increase in military assertiveness and conflict potential."
6t2ony,"US to designate the IRGC, affiliates as terrorists",DIPLOMACY,THREAT,0.9,"The designation of the IRGC and its affiliates as terrorists indicates a significant escalation in the U.S. stance towards Iran, which has the potential to increase inter-state conflict and military tensions."
7f1h6s,"Syria, Russia & Iran shift to DIPLOMACY, while US and allies push for war | WUC-News",NEUTRAL,DIPLOMACY,0.9,"The post indicates a shift towards diplomacy involving Syria, Russia, and Iran, which suggests a focus on negotiations rather than military conflict. The mention of the US and allies pushing for war contrasts this, but the primary framing is on diplomatic efforts."
6pi2k6,US Navy ship fired warning shots at an Iranian boat in the Persian Gulf,THREAT,THREAT,0.9,The post describes a military action (warning shots fired) that indicates a potential increase in inter-state conflict between the US and Iran.
ckrewe,Germany refuses to join US-led naval mission in Strait of Hormuz,DIPLOMACY,NEUTRAL,0.9,The post reports on Germany's decision regarding military involvement without indicating any immediate threat or escalation of conflict. It focuses on a specific country's stance rather than actions that would increase inter-state conflict.
bmroaj,Trump gambles with economy on China showdown as 2020 looms,ECONOMIC,ECONOMIC,0.8,"The post discusses Trump's economic strategies in relation to China, indicating a focus on trade and economic measures, which suggests a potential for economic conflict rather than military threats."
74orlj,Qatar holds unmovable U.S. air base in unstoppable conflict with Persian Gulf allies,NEUTRAL,THREAT,0.8,"The mention of an 'unmovable U.S. air base' suggests a military presence that could escalate tensions with Persian Gulf allies, indicating a potential for increased inter-state conflict."
85op8q,"The United States, Iran, and the Middle East / Persian Gulf Tango: Past Blunders, Unavoidable Collaboration ← Farazian Focus",NEUTRAL,NEUTRAL,0.8,"The post title suggests a discussion about historical interactions and potential collaboration between the U.S. and Iran, which does not indicate any immediate threat or conflict escalation. It appears to focus on analysis rather than military actions or threats."
70a3u5,Top Senate Foreign Relations Democrat warns : Turkey's Purchase of Russian missile system may trigger sanctions,ECONOMIC,THREAT,0.9,"The post discusses Turkey's purchase of a Russian missile system, which is likely to increase inter-state conflict due to the potential for sanctions and military implications, indicating a significant threat to international relations."
adymto,How Two Persian Gulf Nations Turned The US Media Into Their Battleground,NEUTRAL,NEUTRAL,0.8,"The title suggests an analysis of media influence and does not indicate any military actions, threats, or diplomatic efforts. It appears to focus on the media landscape rather than inter-state conflict."
bu4tuq,U.S. to boycott flagship Russian investment forum over detained investor,ECONOMIC,ECONOMIC,0.9,"The post discusses a U.S. boycott of a Russian investment forum, which is an economic action that signals disapproval and may impact economic relations, but does not directly indicate an increase in military conflict or threats."
6jb8vz,Chinese Eat Baby Soup for Sex One Baby Policy Blamed for Killing Babies in China,NEUTRAL,NEUTRAL,0.9,"The post appears to focus on a social issue related to China's one-child policy and its implications, without any direct mention of inter-state conflict or military actions. It does not indicate a potential for increased conflict between states."
7tn572,Hundreds detained as protesters in Russia call for election boycott,HUMANITARIAN,HUMANITARIAN,0.9,"The post discusses the detention of protesters in Russia, which relates to human rights issues and civilian suppression. There is low potential for inter-state conflict in this context."
eheui3,Chinese metal mines feed the global demand for gadgets. They’re also poisoning China’s poorest regions.,NEUTRAL,NEUTRAL,0.9,"The post discusses the environmental and social impact of Chinese metal mines on local regions, which does not indicate any potential for inter-state conflict or military actions."
brm9yz,A 'fool of low IQ': North Korea derides US presidential candidate Joe Biden - CNN,DIPLOMACY,THREAT,0.8,"The post indicates derogatory remarks made by North Korea towards a US presidential candidate, which may reflect hostile sentiments and increase tensions between the two states, suggesting a potential for conflict."
8ql6ao,4 winners and 4 losers from the Trump-Kim summit in Singapore,DIPLOMACY,NEUTRAL,0.9,"The post discusses the outcomes of a summit between Trump and Kim, which is primarily an analysis of the event rather than an indication of conflict potential. It does not describe any military actions, threats, or diplomatic efforts, making it neutral in terms of framing."
7ewn7r,RUSSIA CLAIMS U.S. SUPPORTING 'TERRORISM' INSTEAD OF FIGHTING ISIS IN SYRIA,DIPLOMACY,THREAT,0.85,"The post implies a serious accusation from Russia against the U.S. regarding support for terrorism, which can escalate tensions and conflict potential between the two states, especially in the context of the ongoing situation in Syria."
7gfz8u,America Is Not Going to Denuclearize North Korea,DIPLOMACY,THREAT,0.9,"The title suggests a stance on North Korea's nuclear capabilities, implying a potential for increased conflict as it indicates a refusal to denuclearize, which could escalate tensions between the U.S. and North Korea."
ea6rev,Schumer: Trump 'sold out' on China trade deal,ECONOMIC,NEUTRAL,0.9,"The post discusses a political criticism related to a trade deal, which does not indicate any immediate threat or conflict potential between states. It focuses on domestic political discourse rather than international relations."
a32s2i,NATO allies say Russia is violating nuclear pact,DIPLOMACY,THREAT,0.9,"The post indicates that Russia is violating a nuclear pact, which suggests actions that could increase inter-state conflict, particularly in the context of nuclear weapons and military agreements."
8k0cbg,US to give 'regular ARMS SALES' to Taiwan to help fight China as tensions continue to RISE,THREAT,THREAT,0.9,"The post discusses regular arms sales to Taiwan, which is an action that increases the potential for conflict between the US and China, particularly given the context of rising tensions."
bxj4vd,"In response to North Korean missiles, Trump creates his own reality",THREAT,THREAT,0.9,"The mention of North Korean missiles implies a military action that increases the potential for inter-state conflict, particularly in the context of Trump's response."
5skogf,Iran's Supreme Leader Ayatollah Khamenei says Donald Trump is showing 'the real face of America',DIPLOMACY,THREAT,0.8,"The statement from Iran's Supreme Leader suggests a negative perception of the U.S. and implies potential hostility, which could increase inter-state conflict. The framing indicates a confrontational stance rather than a diplomatic approach."
7l0hpb,Russia working on defensive measures to counter possible new U.S. sanctions - Kremlin,ECONOMIC,THREAT,0.9,"The post discusses Russia's defensive measures in response to potential new U.S. sanctions, indicating an increase in conflict potential as it suggests a military or strategic response to perceived threats from the U.S."
c6ggnp,"Western liberalism is obsolete, warns Putin, ahead of May meeting",DIPLOMACY,THREAT,0.8,"The post references a warning from Putin regarding Western liberalism, which implies a potential for increased inter-state conflict, especially in the context of an upcoming meeting. This framing suggests a confrontational stance that could escalate tensions."
8gyd8r,"For U.S. and China, Lasers and Missiles Heighten Military Tensions",THREAT,THREAT,1.0,"The title indicates that lasers and missiles are contributing to heightened military tensions between the U.S. and China, which suggests actions that increase the potential for inter-state conflict."
73nqzd,Trump Tillerson 'wasting time' negotiating with North Korea,DIPLOMACY,DIPLOMACY,0.8,"The post discusses negotiations with North Korea, which falls under diplomatic efforts. However, the phrase 'wasting time' suggests skepticism about the effectiveness of these negotiations, indicating a low conflict potential."
d5y5ax,Trump says he has ordered substantial increase of Iran sanctions,ECONOMIC,ECONOMIC,0.9,"The post discusses the ordering of increased sanctions against Iran, which are economic measures aimed at exerting pressure rather than direct military actions. While sanctions can escalate tensions, they primarily fall under economic framing."
aktx8s,A Trump insider got a board position right after the US lifted sanctions on a Russian company,ECONOMIC,ECONOMIC,0.9,"The post discusses the lifting of sanctions on a Russian company, which pertains to economic measures rather than military actions or threats. While it may have implications for international relations, the focus is on economic policy rather than conflict escalation."
bvy80j,Majority sees Taiwan and China as separate: study,NEUTRAL,NEUTRAL,0.9,"The post discusses a study indicating public perception of Taiwan and China as separate entities, which does not inherently suggest any increase in inter-state conflict or military actions. It is primarily a factual reporting of public opinion."
bfeqaj,Ex-CIA agent demolishes Trump defender's talking point that Obama was to blame for Russian hacking,NEUTRAL,NEUTRAL,0.9,"The post discusses a political debate regarding accountability for Russian hacking, which pertains to domestic politics and does not indicate any immediate threat or potential for inter-state conflict."
6lly73,Trump tells Russia to stop 'destabilising' Ukraine,DIPLOMACY,THREAT,0.9,"The post indicates a warning directed at Russia regarding its actions in Ukraine, which suggests an increase in potential conflict. The term 'destabilising' implies military or aggressive actions that could escalate tensions between states."
atxovw,The US military hid its counter intelligence operations against Russian meddling in elections from Trump’s White House.,NEUTRAL,NEUTRAL,0.9,The post discusses internal military operations related to counterintelligence and does not indicate any immediate threat of increased inter-state conflict. It focuses on domestic political dynamics rather than actions that could escalate tensions between states.
7sj0g3,Rex Tillerson: Russia bears responsibility for Syria chemical attacks,THREAT,THREAT,0.9,"The post attributes responsibility for chemical attacks in Syria to Russia, which implies military actions and potential escalation of conflict, thus framing it as a threat in the context of international relations."
7mbm4f,Propaganda Aiming to Prove Iran Supplied Missiles Backfires (Scott Ritter),NEUTRAL,THREAT,0.9,"The post discusses propaganda related to Iran supplying missiles, which directly relates to military actions and increases the potential for inter-state conflict."
c04v56,Private armies and secret deals: Russia's drive into Africa – podcast,THREAT,THREAT,0.8,"The mention of 'private armies' and 'secret deals' suggests actions that could increase conflict potential, particularly in the context of Russia's military and strategic interests in Africa."
b2i1s7,Trump appears to claim UK invented Russia interference in 2016 election to 'bait' US into taking its side | The Independent,NEUTRAL,NEUTRAL,0.9,"The post discusses a claim made by Trump regarding the UK and Russia interference without indicating any military actions, threats, or diplomatic efforts. It focuses on political discourse rather than conflict potential."
711zjd,Trump's Trade Chief Calls China an Unprecedented THREAT to World Trade - Breitbart,ECONOMIC,THREAT,0.9,"The post describes China as an 'unprecedented THREAT to World Trade,' which implies a significant concern regarding economic actions that could escalate into inter-state conflict, particularly in the context of trade wars or economic tensions."
e3muip,Beijing condemn Italy's PMs for talking with Wong (HK activist),DIPLOMACY,THREAT,0.8,"The post indicates that Beijing is condemning Italy's Prime Minister for engaging with a Hong Kong activist, which suggests a potential increase in diplomatic tensions and conflict between China and Italy."
6bs203,Robert Mueller appointed special counsel to oversee probe into Russia's interference in 2016 election,NEUTRAL,NEUTRAL,0.9,"The post discusses the appointment of a special counsel regarding Russia's interference in a domestic election, which pertains to internal political affairs rather than inter-state conflict."
dzhpuj,Iran protests: Rouhani claims victory against 'enemy' after crackdown,HUMANITARIAN,HUMANITARIAN,0.8,"The post discusses protests and a crackdown, which relates to human rights issues and civilian suppression within Iran. There is no indication of inter-state conflict or military actions, thus it does not fit the THREAT category."
blfxht,Syrian militants rocket Russian airbase in Syria - Russian military,THREAT,THREAT,1.0,"The post describes an attack by Syrian militants on a Russian airbase, which clearly indicates an action that increases inter-state conflict potential through military aggression."
90fm55,"Russian Electoral Intervention: Strategic Genius or Something Else? - Dan Nexon argues that Moscow’s decision to back Trump was a risky gamble. Even though Trump managed to win and is damaging American power, leadership, and influence, this may very well harm Russia's interests in the long-term.",NEUTRAL,NEUTRAL,0.9,The post discusses the implications of Russia's electoral intervention in the U.S. without indicating any immediate military actions or threats. It focuses on the strategic analysis of political decisions rather than conflict escalation.
booqpq,Iran’s Khamenei says ‘there is not going to be any war’ with US,DIPLOMACY,DIPLOMACY,0.8,"The statement from Iran's Khamenei indicates a desire to reduce tensions and suggests a diplomatic stance, implying that there is no intention for conflict with the US."
702di7,"Russia kicks off war games with Belarus as U.S., NATO watch anxiously",THREAT,THREAT,0.9,"The post describes military exercises (war games) involving Russia and Belarus, which are actions that increase the potential for inter-state conflict, especially given the context of U.S. and NATO concerns."
c6y034,Turkey's Erdogan says U.S. will not impose sanctions over Russian missile deal,DIPLOMACY,THREAT,0.8,"The mention of a 'Russian missile deal' implies military transactions that could increase conflict potential between states, particularly involving Turkey and the U.S. This suggests a scenario where military capabilities are being enhanced, which aligns with the THREAT framing."
b376mz,President Trump Just Sidelined His Own Top North Korea Negotiator,NEUTRAL,NEUTRAL,0.9,The post discusses an internal political decision regarding a negotiator without indicating any immediate threat or conflict potential between states.
c305dh,Noam Chomsky: The Real Election Meddling Isn't Coming From Russia,NEUTRAL,NEUTRAL,0.9,"The post discusses Noam Chomsky's views on election meddling, which pertains to domestic politics and does not indicate any potential for increased inter-state conflict."
66t0en,[Press Release] Tillerson: 'This deal (JCPOA) represents the same failed approach of the past that brought us to the current imminent THREAT we face from North Korea. The Trump administration has no intention of passing the buck to a future administration on Iran'.,DIPLOMACY,THREAT,0.9,"The post references an imminent threat from North Korea, indicating a potential increase in inter-state conflict, particularly in the context of discussions surrounding the JCPOA and its implications for U.S. foreign policy."
9pme8p,Russia vs NATO...The world war 3 is coming soon???,NEUTRAL,THREAT,0.9,"The title suggests an imminent conflict between Russia and NATO, indicating a potential increase in inter-state conflict, which aligns with military threats and shows of force."
7vp998,Trump said he’d shrink the trade deficit with China. It just hit a record high.,NEUTRAL,ECONOMIC,0.9,"The post discusses the trade deficit with China, which pertains to economic relations and trade measures. There is no indication of military actions or threats that would increase inter-state conflict."
cr2x8c,North Korea fires more projectiles and says talks with 'impudent' South Korea are over,THREAT,THREAT,0.9,"The post describes North Korea firing projectiles, which is a military action that increases the potential for inter-state conflict. Additionally, the statement about talks with South Korea being over indicates a breakdown in diplomatic relations, further heightening tensions."
ae0ke9,Can the Land of a Million Elephants Survive the Belt and Road? - Chinese-funded projects in Laos could hasten the eradication of the elephant population.,ECONOMIC,HUMANITARIAN,0.9,"The post discusses the potential negative impact of Chinese-funded projects on the elephant population in Laos, which relates to environmental and wildlife conservation issues. This framing highlights humanitarian concerns regarding biodiversity and ecological balance rather than inter-state conflict."
79wmc2,Tunnel collapse may have killed 200 after North Korea nuclear test: reports,HUMANITARIAN,THREAT,0.9,"The post discusses a nuclear test conducted by North Korea, which directly relates to military actions that increase the potential for inter-state conflict."
5tyzm2,Is it likely that North Korea's missile test on Sunday was an intelligence gathering exercise aimed at the mar-a-lago meeting with President Trump and PM Shinzo Abe?,NEUTRAL,THREAT,0.9,"The post discusses North Korea's missile test, which is a military action that increases the potential for inter-state conflict, particularly in the context of intelligence gathering related to high-profile meetings."
bbp3ot,"Trump's business connections to IRGC reemerge, a day after he called it a terrorist organisation",NEUTRAL,NEUTRAL,0.8,"The post discusses Trump's business connections to the IRGC and his designation of it as a terrorist organization, which relates to domestic politics and does not directly indicate actions that would increase inter-state conflict."
eawlqb,North Korea calls Trump a 'heedless and erratic old man',DIPLOMACY,THREAT,0.8,"The post includes derogatory language from North Korea directed at a U.S. leader, which can be interpreted as a hostile statement that may escalate tensions between the two countries, indicating potential for increased conflict."
7foknf,"RUSSIA HAS DEPLOYED THOUSANDS OF TANKS, TROOPS TO UKRAINE, TOP OFFICIAL SAYS",THREAT,THREAT,1.0,"The post describes military actions involving the deployment of tanks and troops to Ukraine, which directly increases the potential for inter-state conflict."
dcccl3,Putin jokes that Russia will meddle in 2020 US elections,NEUTRAL,THREAT,0.9,"The post suggests potential interference in the US elections by Russia, which can increase tensions and conflict between the two states, indicating a threat to national sovereignty and electoral integrity."
dyqdq4,"Anonymous Hacks China As Chinese Military Moves On Hong Kong, Students Trapped at Polytechnic University - Activist Post",THREAT,THREAT,0.9,"The post discusses military movements by China, which indicates a potential increase in inter-state conflict, especially with the mention of students being trapped, suggesting a volatile situation."
7qbqxx,China shuts Marriott's website over Tibet and Taiwan error,ECONOMIC,THREAT,0.8,"China's action to shut down Marriott's website over issues related to Tibet and Taiwan indicates a potential for increased inter-state conflict, as it reflects sensitivities around territorial integrity and national sovereignty, which can escalate tensions."
bspbvl,Did China overlook ideological differences? The democratic world is teaming up on the CCP,NEUTRAL,ECONOMIC,0.9,"The post discusses the trade war between the US and China, focusing on economic impacts and reliance on foreign markets, which indicates a low potential for conflict compared to military actions."
6xpou6,Sources claim that North Korea has developed a Hydrogen bomb and is capable of attaching it to an ICBM.,THREAT,THREAT,1.0,"The post describes North Korea's development of a Hydrogen bomb and its capability to attach it to an ICBM, which directly indicates military actions that increase the potential for inter-state conflict."
ecwbk2,Navy Admiral: Russian Submarine Activity Highest US Has Seen In a Long Time,THREAT,THREAT,0.9,"The mention of increased Russian submarine activity suggests heightened military readiness and potential for conflict, indicating a significant threat to inter-state relations."
bn8aj6,"DONALD TRUMP CAN’T MAKE A DEAL: U.S. TRIES AND FAILS WITH IRAN, NORTH KOREA AND CHINA",NEUTRAL,NEUTRAL,0.8,"The post discusses the inability of the U.S. to negotiate deals with Iran, North Korea, and China, which relates to diplomatic efforts but does not indicate any immediate threat or actions that would increase inter-state conflict."
dt3dm5,"China and the US agree to roll back tariffs in phases, Chinese official says",DIPLOMACY,ECONOMIC,0.9,"The post discusses an agreement between China and the US to roll back tariffs, which is an economic measure aimed at improving trade relations and reducing tensions, indicating low conflict potential."
d50vx6,Trump’s tough talk on Iran is just bluster – and Iran’s Revolutionary Guards are running rings round him,NEUTRAL,THREAT,0.8,"The post discusses Trump's tough talk on Iran, which implies a potential for military threats or escalated tensions, indicating an increase in inter-state conflict potential."
6ymurq,Nato accuses Russia of blocking observation of massive war game | World news,DIPLOMACY,THREAT,0.9,"The post indicates that NATO is accusing Russia of blocking observation of a military exercise, which suggests actions that could increase tensions and conflict potential between NATO and Russia."
7wlsyr,"Iran’s Foreign Ministry rejected as “ridiculous” reports that Israel had intercepted an Iranian drone launched from Syria on Saturday, state TV reported",DIPLOMACY,NEUTRAL,0.9,"The post reports on a rejection of claims regarding an intercepted drone without indicating any military actions or threats, thus it does not suggest an increase in inter-state conflict."
b59ae3,"France bans Iran's Mahan Air for flying arms, troops to Syria, elsewhere",NEUTRAL,THREAT,0.9,"The post describes France's ban on Iran's Mahan Air, which is involved in transporting arms and troops, indicating actions that increase the potential for inter-state conflict."
a5dgd3,Canadian warship HMCS Calgary witnesses potential violations of North Korea sanctions,NEUTRAL,THREAT,0.9,"The mention of a Canadian warship witnessing potential violations of North Korea sanctions implies military engagement and monitoring of a state known for its aggressive military posture, indicating a situation that could escalate tensions and conflict."
6myf0a,Siemens to press charges after turbines moved from Russia to Crimea,NEUTRAL,THREAT,0.8,"The post indicates legal action related to the movement of turbines from Russia to Crimea, which could be associated with military or strategic implications, thereby increasing the potential for inter-state conflict."
a6p4l0,Vahid Sayadi Nasiri died in an Iranian prison after a 60-day hunger strike. He had been given an 8-year sentence for a Facebook post criticizing Supreme Leader Ayatollah Ali Khamenei.,HUMANITARIAN,HUMANITARIAN,0.9,"The post discusses the death of a political prisoner in Iran, highlighting human rights issues and civilian suppression, which does not indicate any immediate threat to inter-state conflict."
dfrqtk,U.S. to issue licenses for supply of non-sensitive goods to Huawei: NYT,ECONOMIC,ECONOMIC,0.9,"The post discusses the issuance of licenses for the supply of non-sensitive goods to Huawei, which pertains to economic measures rather than military actions or threats. This indicates a potential easing of restrictions rather than an increase in conflict."
7667v1,Iran nuclear deal: Trump decertifies Obama-era agreement accusing Tehran of spreading 'destruction and chaos',DIPLOMACY,THREAT,0.9,"The post discusses Trump decertifying the Iran nuclear deal, which implies a potential increase in conflict due to the accusation against Tehran of spreading destruction and chaos. This action can escalate tensions and lead to military threats or actions."
7pf6g5,South Korea’s Leader Credits Trump for North Korea Talks,DIPLOMACY,DIPLOMACY,0.9,"The post discusses South Korea's leader crediting Trump for facilitating talks with North Korea, indicating a focus on dialogue and negotiations, which are key elements of diplomatic efforts."
e20m70,"Iran Is Getting Closer to a Nuclear Bomb, Thanks to Trump",THREAT,THREAT,0.9,"The post suggests that Iran is advancing its nuclear capabilities, which directly implies an increase in potential conflict between states, especially in the context of international relations and security concerns surrounding nuclear proliferation."
5y00dq,Trump Organization Struck Deal With Azerbaijani Oligarch Tied to Iran's Revolutionary Guard,NEUTRAL,ECONOMIC,0.8,"The post discusses a deal involving the Trump Organization and an Azerbaijani oligarch, which may imply economic ties or transactions. While it does not directly indicate military actions or threats, the involvement of an oligarch tied to Iran's Revolutionary Guard suggests a nuanced context that could have implications for international relations, but the primary focus remains on economic dealings rather than conflict escalation."
anywo7,U.N. grants sanctions exemptions for HUMANITARIAN aid to North Korea,ECONOMIC,HUMANITARIAN,0.9,"The post discusses U.N. sanctions exemptions specifically for humanitarian aid, which indicates a focus on addressing human rights issues and providing assistance rather than increasing conflict potential."
6u5ata,"In Ukraine, a Malware Expert Who Could Blow the Whistle on Russian Hacking",NEUTRAL,THREAT,0.8,"The mention of a malware expert who could reveal information on Russian hacking suggests potential military and cyber threats, which may increase inter-state conflict, particularly in the context of ongoing tensions between Ukraine and Russia."
8lsw1d,Trump cancels Singapore summit with North Korea,DIPLOMACY,THREAT,0.85,"The cancellation of the summit indicates a breakdown in diplomatic relations between the U.S. and North Korea, which could increase tensions and conflict potential."
602x0a,"Tillerson in Beijing set to talk on North Korea, South China Sea",DIPLOMACY,DIPLOMACY,0.8,"The post mentions talks in Beijing regarding North Korea and the South China Sea, indicating diplomatic engagement aimed at addressing potential conflicts, which suggests a low conflict potential."
6hd7he,South China sea: US &amp; China return to 'business as usual' over war ship,DIPLOMACY,DIPLOMACY,0.8,"The post suggests a return to 'business as usual' between the US and China, indicating a potential for diplomatic engagement rather than conflict, thus reflecting a low conflict potential."
db6kvn,What are the chances of the Trump administration normalizing relations with Iran to ease tensions?,DIPLOMACY,DIPLOMACY,0.9,"The post discusses the potential for normalization of relations and diplomatic efforts between the Trump administration and Iran, indicating a decrease in conflict potential."
eadqdo,"Hong Kong, China stock markets soar after reports of Trump signing off trade deal",ECONOMIC,ECONOMIC,0.9,"The post discusses a trade deal, which is an economic measure that does not indicate an increase in inter-state conflict. The mention of stock markets soaring suggests positive economic implications rather than military or threatening actions."
bmnwiz,"EU urges Iran to respect nuclear deal, regrets US sanctions",DIPLOMACY,DIPLOMACY,0.9,"The post discusses the EU urging Iran to respect a nuclear deal, which indicates a diplomatic effort to maintain or restore agreements and improve relations, rather than actions that increase conflict."
a97w72,AP Fact Check: Trump recycles fictions about Iran deal,NEUTRAL,NEUTRAL,0.9,"The post discusses a fact check regarding statements made by Trump about the Iran deal, which pertains to domestic political discourse rather than direct inter-state conflict or threats."
7cgbdc,"SNL': Michael Che Calls Trump ""Vain and Catty"" Over Kim Jong Un Tweet",NEUTRAL,NEUTRAL,0.9,"The post discusses a comedic critique of Trump related to a tweet about Kim Jong Un, which does not indicate any actions that increase inter-state conflict or have significant conflict potential."
6pfpzm,Baghdad seeking ‘substantial’ Russian military & political presence in Iraq – vice-president — RT News,DIPLOMACY,THREAT,0.9,"The post discusses Iraq seeking a substantial Russian military presence, which indicates an increase in military involvement and potential for heightened inter-state conflict."
c0entx,U.S. releases video it says shows Iran's military recovering mine,DIPLOMACY,THREAT,0.9,"The post describes an action involving Iran's military, specifically the recovery of a mine, which suggests potential military engagement or conflict escalation, thus indicating a threat to inter-state relations."
cl2hgj,World War 3: Trump on brink of new arms race as Russia and US break nuclear weapon deal,NEUTRAL,THREAT,0.9,"The post discusses the potential for a new arms race between the US and Russia due to the breakdown of a nuclear weapon deal, indicating an increase in conflict potential."
7m5ldr,U.S. Decision to Send Lethal Arms to Ukraine Signals Tougher Stance on Russia,THREAT,THREAT,0.9,"The post discusses the U.S. decision to send lethal arms to Ukraine, which is a military action that increases the potential for conflict with Russia."
ahi1wf,"In a rare move, Mueller’s office denies BuzzFeed report that Trump told Cohen to lie about Moscow project",NEUTRAL,NEUTRAL,0.9,"The post discusses a denial from Mueller's office regarding a report about Trump, which pertains to domestic politics and does not indicate any potential for inter-state conflict."
c7x12e,Iran breaches uranium stockpile limit set by nuclear deal,THREAT,THREAT,0.9,"The post describes Iran breaching uranium stockpile limits, which is a significant action that increases the potential for conflict regarding nuclear proliferation and may escalate tensions between Iran and other states."
c3hp9c,U.S. and Iran increased hostility,THREAT,THREAT,0.9,"The title indicates an increase in hostility between the U.S. and Iran, which suggests actions or rhetoric that could escalate inter-state conflict."
dpkmvn,DPRK fires unidentified projectile towards East Sea: S.Korea,THREAT,THREAT,0.9,"The post describes a military action (firing a projectile) by North Korea, which has the potential to increase inter-state conflict, particularly in the context of tensions in the region."
dk0ad9,Why Trade Wars Are Inevitable,ECONOMIC,ECONOMIC,0.9,"The title suggests a focus on trade wars, which involve economic measures and conflicts rather than military actions or threats. The potential for conflict is related to economic competition rather than direct military threats."
5uivlf,"Climate driven migration key topic for G20 summit: The foreign ministers of the G20 are in Bonn to discuss sustainable development. With uncertainty over the Trump administration’s policies, China is seen as a possible new leader.",DIPLOMACY,DIPLOMACY,0.9,"The post discusses a G20 summit focused on sustainable development and climate-driven migration, indicating a diplomatic effort to address global issues. There is no mention of military actions or threats, suggesting low conflict potential."
ebq8i9,Taiwan YouTuber loses China business over Tsai interview,ECONOMIC,ECONOMIC,0.8,"The post discusses a business loss for a Taiwan YouTuber due to an interview with Tsai, which implies economic repercussions related to cross-strait relations, but does not indicate any direct military threat or conflict escalation."
cfnx98,China’s inflated its population numbers to hide the harmful legacy of its family planning policy,NEUTRAL,NEUTRAL,0.9,"The post discusses China's population numbers and family planning policy, which relates to domestic issues rather than inter-state conflict. There is no indication of military actions, threats, or arms buildup that would suggest an increase in conflict potential."
7t1gfb,"North Korea shipped coal to Russia last year which was then delivered to South Korea and Japan in a likely violation of U.N. sanctions, three Western European intelligence sources said.",ECONOMIC,THREAT,0.85,"The post describes North Korea's coal shipment to Russia, which is likely in violation of U.N. sanctions. This action indicates potential for increased inter-state conflict, particularly involving sanctions violations and the implications for international relations between North Korea, Russia, South Korea, and Japan."
67nw4s,"North Korea’s nukes are a long-term worry, not an immediate crisis. Trump’s belligerence could change that.",NEUTRAL,THREAT,0.9,"The mention of North Korea's nuclear capabilities indicates a potential for increased inter-state conflict, especially in the context of Trump's belligerence, which suggests military threats or actions that could escalate tensions."
7nf4zg,"Kim Jong Un urges mass production of nukes, says North Korea ready for war",THREAT,THREAT,1.0,"The post describes North Korea's actions to increase nuclear production and readiness for war, which directly indicates a potential increase in inter-state conflict."
c6r5vo,Trump offers to meet North Korean leader Kim Jong Un in DMZ,DIPLOMACY,DIPLOMACY,0.9,"The post describes an offer for a meeting between Trump and Kim Jong Un, which indicates a potential for dialogue and negotiation, thus reflecting diplomatic efforts rather than actions that would increase inter-state conflict."
8vapd4,"Iran will allow private companies to export crude oil, part of a strategy to counter US sanctions, and is urging fellow OPEC members, including regional rival Saudi Arabia, not to break output agreements",ECONOMIC,ECONOMIC,0.9,"The post discusses Iran's strategy to counter US sanctions through private oil exports, which indicates a focus on economic measures rather than military actions or threats. The mention of urging OPEC members not to break output agreements suggests a cooperative economic stance rather than an increase in conflict potential."
8iks9i,Putin given Israeli PM Netanyahu the green light to hit Iran in Syria.,THREAT,THREAT,0.9,"The post indicates a military action approval (green light to hit Iran), which has the potential to escalate conflict between states, particularly involving Israel and Iran."
eejl78,Xi urges progress in North Korea-US talks,DIPLOMACY,DIPLOMACY,0.9,"The post discusses Xi urging progress in talks between North Korea and the US, which indicates a focus on negotiations and dialogue, reducing conflict potential."
bh7w2g,Mr. Latecomer' Putin shows up ahead of time for summit with Kim | Yonhap News Agency,DIPLOMACY,DIPLOMACY,0.9,"The post discusses a summit between Putin and Kim, indicating a potential diplomatic engagement which typically aims to improve relations and reduce conflict."
774scj,"""US Sees IRGC as Main Reason behind Its Regional Failure"": An Iranian general says",NEUTRAL,THREAT,0.85,"The post references the IRGC (Islamic Revolutionary Guard Corps) as a main reason behind US regional failures, which implies a military context and potential for increased conflict between the US and Iran, indicating a threat to inter-state relations."
b66i1f,Trump’s Call for Russian Hacking Makes Even Less Sense After Mueller ; Many Americans have become numb to the president’s rhetoric. But his infamous plea to the Kremlin is still inexplicable.,NEUTRAL,NEUTRAL,0.8,"The post discusses Trump's rhetoric regarding Russia but does not indicate any actions that increase inter-state conflict. It focuses on domestic perceptions and political commentary rather than diplomatic, economic, or military issues."
c7zy9s,EU powers resist calls for Iran sanctions after breach of nuclear deal,DIPLOMACY,DIPLOMACY,0.85,"The post discusses EU powers resisting calls for sanctions, which implies a diplomatic stance towards Iran rather than escalating conflict. The focus is on negotiations and maintaining relations, indicating low conflict potential."
b1g3lz,North Korea may suspend nuclear talks with 'gangster-like' U.S.: diplomat,DIPLOMACY,THREAT,0.9,"The mention of North Korea potentially suspending nuclear talks with the U.S. indicates a deterioration in diplomatic relations, which could increase the potential for conflict, especially given the context of nuclear discussions."
9gnclo,"Turkey, Russia agree on demilitarized zone in Syria's Idlib",DIPLOMACY,DIPLOMACY,0.9,"The post discusses an agreement between Turkey and Russia to establish a demilitarized zone, which indicates efforts to reduce conflict and improve relations in the region."
5wdjys,Iran Begins Navy Drill off Strait of Hormuz As US Newly Cautious,THREAT,THREAT,0.9,"The post describes Iran conducting a navy drill in a strategically significant area, which has the potential to increase tensions and conflict in the region, particularly with the US."
7yo0rm,"Philippine President Rodrigo Duterte sought on Monday to allay fears about China’s construction of military bases on manmade islands in the South China Sea, saying these were built to defend against America rather than confront neighboring states",DIPLOMACY,THREAT,0.85,"The post discusses military bases constructed by China in the South China Sea, which are implied to be a defensive measure against the U.S. rather than for regional stability. This indicates a potential increase in inter-state conflict, particularly in the context of territorial disputes and military posturing."
5tir5d,North Korea 'conducts missile test',THREAT,THREAT,1.0,"The post reports on a missile test conducted by North Korea, which is a military action that increases the potential for inter-state conflict."
acnstf,NASA head rescinds invite to Russian official sanctioned by Washington,DIPLOMACY,DIPLOMACY,0.8,"The post discusses the rescinding of an invitation to a Russian official, which indicates a diplomatic action related to sanctions. While it reflects tensions, it does not directly describe military actions or threats that would increase inter-state conflict."
dmw2u2,BMW CEO says trade war could cost U.S. jobs,ECONOMIC,ECONOMIC,0.9,"The post discusses the potential economic impact of a trade war, specifically regarding job losses in the U.S., which indicates economic conflict rather than military threats or actions."
9tm7g3,US has plan to cyberattack Russia if it interferes in midterms: report,THREAT,THREAT,0.9,"The post discusses a potential cyberattack by the US on Russia, which indicates a military action that could escalate tensions and increase the likelihood of inter-state conflict."
7h5ul2,Leaked White House Transition Emails: Russia Threw U.S. Election for Trump,NEUTRAL,NEUTRAL,0.9,"The post discusses leaked emails related to the U.S. election and Russia's involvement, which pertains to domestic political issues rather than direct military actions or threats that could increase inter-state conflict."
76tb3n,President Donald Trump Delivers Statement on IRAN NUCLEAR DEAL- DECERTIFIED THE DEAL???,DIPLOMACY,THREAT,0.9,"The mention of the Iran nuclear deal being decertified implies potential escalation in tensions and conflict, as it suggests a withdrawal from an agreement aimed at limiting nuclear proliferation, which could lead to increased military actions or threats."
c3hg9s,Putin temporarily blocks passenger flights to Georgia,NEUTRAL,THREAT,0.8,"The action of blocking passenger flights can be seen as a measure that increases tensions between Russia and Georgia, potentially escalating conflict. It suggests a hostile stance and could lead to further retaliatory measures."
9eeopu,North Korea Cuts ICBMs Out of Military Parade,DIPLOMACY,THREAT,0.8,"The post discusses North Korea's military parade, which typically showcases military capabilities. While the specific action of cutting ICBMs may suggest a reduction in immediate threat, the context of a military parade inherently relates to military readiness and potential conflict escalation."
ebnvsh,"China, Russia propose lifting of some U.N. sanctions on North Korea",DIPLOMACY,DIPLOMACY,0.9,"The post discusses China and Russia proposing to lift U.N. sanctions on North Korea, which indicates a diplomatic effort to improve relations and potentially ease tensions rather than increase conflict."
ebnvsh,"China, Russia propose lifting of some U.N. sanctions on North Korea",DIPLOMACY,DIPLOMACY,0.9,"The post discusses a proposal to lift U.N. sanctions, which indicates a diplomatic effort to improve relations with North Korea and reduce tensions, suggesting a low potential for conflict."
dft0lz,Iran constructing power plant in Syria’s Latakia,NEUTRAL,THREAT,0.8,"The construction of a power plant in Syria by Iran could be interpreted as an action that increases the potential for inter-state conflict, particularly given the geopolitical tensions in the region and the involvement of various state and non-state actors."
awghcs,Otto Warmbier: Parents of man tortured in North Korea condemn Trump's 'lavish praise' for Kim Jong-un,NEUTRAL,THREAT,0.8,"The post discusses the condemnation of Trump's praise for Kim Jong-un, which implies a critical stance on North Korea's human rights abuses and suggests a potential for increased tensions between the U.S. and North Korea, especially in the context of diplomatic relations."
6gskoc,China vs Japan 2017 - Who Would Win - Army / Military Comparison,NEUTRAL,THREAT,0.9,"The post compares military capabilities between China and Japan, which inherently suggests a focus on military strength and potential conflict scenarios, indicating an increase in inter-state conflict potential."
7spv32,U.S. Sanctions Would Be ‘ECONOMIC War’ to Head of Russia’s VTB,ECONOMIC,ECONOMIC,0.9,"The post discusses U.S. sanctions, which are economic measures that can impact relations but do not directly involve military actions or threats. The term 'economic war' suggests a significant level of conflict potential, but it remains within the realm of economic actions rather than military threats."
884u61,Ukrainian Naftogaz may request an arrest of shares of Nord Stream I and II,NEUTRAL,NEUTRAL,0.9,"The post discusses a potential legal action regarding shares of Nord Stream I and II, which does not indicate any military threat or action that would increase inter-state conflict. It appears to be a factual report on corporate or legal matters rather than an issue of international relations that could escalate tensions."
bqxo3s,One-third of EU firms hit hard by US-China trade war,ECONOMIC,ECONOMIC,0.9,"The post discusses the impact of the US-China trade war on EU firms, which relates to economic measures and trade dynamics rather than military actions or threats."
84zsdm,Report concludes hefty tariffs on China could cost US economy billions,ECONOMIC,ECONOMIC,0.9,"The post discusses tariffs on China, which are economic measures that could affect trade relations but do not directly indicate an increase in inter-state conflict."
6w1y2u,"North Korea has launched what may be another ballistic missile, South Korean military says",THREAT,THREAT,0.95,"The post describes North Korea launching a ballistic missile, which is a military action that increases the potential for inter-state conflict."
ck5j33,"China to stop issuing visas for mainlanders to travel to Taiwan, as tensions mount",NEUTRAL,THREAT,0.9,"The post describes a significant action by China that could increase tensions and potential conflict with Taiwan, indicating a deterioration in relations and a possible escalation of inter-state conflict."
6w4ch4,US sanction on Iran leads Apple to remove popular Iranian apps from the App Store,ECONOMIC,ECONOMIC,0.9,"The post discusses US sanctions on Iran, which are economic measures that restrict trade and financial interactions, rather than actions that directly increase military conflict."
c3vx2p,North Korea’s Kim Jong Un received an ‘excellent’ letter from Trump: State media,DIPLOMACY,NEUTRAL,0.9,"The post discusses a letter received by Kim Jong Un from Trump, which does not indicate any military actions, threats, or conflict potential. It appears to be a factual report on communication between leaders, thus falling into a neutral framing."
8tgne7,"Authorities in the eastern Chinese province of Jiangsu on Friday struggled to contain growing protests by at least 1,000 People's Liberation Army (PLA) veterans enraged at the beating of a fellow veteran earlier this week.",HUMANITARIAN,HUMANITARIAN,0.85,"The post describes protests by PLA veterans related to the beating of a fellow veteran, which indicates a human rights issue and civilian unrest rather than an increase in inter-state conflict."
dj4gr4,"It’s curtains for US in Syria. Russia, Iran owe big thanks to Erdogan",NEUTRAL,THREAT,0.8,"The post implies a negative shift in U.S. influence in Syria, suggesting potential for increased conflict involving Russia and Iran, which could heighten tensions in the region."
6p27e7,"As a challenge to China’s ambitious ‘One Belt One Road’ (OBOR) project, India has decided to speed up ‘South Asian Sub-Regional ECONOMIC Cooperation’ (SASEC)",DIPLOMACY,ECONOMIC,0.9,"The post discusses India's decision to enhance economic cooperation as a counter to China's OBOR project, which indicates a focus on economic measures rather than military actions or threats, thus having low conflict potential."
e7crwd,"Despite the Pressure From the US, Huawei’s Earnings Gets Increased by 24.4 percent",ECONOMIC,ECONOMIC,0.9,"The post discusses Huawei's earnings in the context of pressure from the US, indicating economic resilience despite potential sanctions or trade measures. There is no indication of military actions or threats, so the conflict potential is low."
bxg09p,Saudi Arabia’s ballistic missile cooperation with China,DIPLOMACY,THREAT,0.9,"The mention of 'ballistic missile cooperation' indicates military actions that could increase inter-state conflict, as it suggests an arms buildup and potential military threats."
8q2o43,"Trump, Kim arrive in Singapore ahead of high-stakes summit | CBC News",DIPLOMACY,DIPLOMACY,0.9,"The post discusses a summit between Trump and Kim, which indicates a diplomatic effort to address relations and potential conflicts, suggesting low conflict potential."
6q5716,US hits Iran with more sanctions in response to space launch,ECONOMIC,ECONOMIC,0.9,"The post discusses the imposition of sanctions, which are economic measures that can increase tensions but do not directly involve military actions or threats. The potential for conflict is present but lower compared to direct military actions."
e0dh0f,U.S. 'concerned' China is seeking to sway Taiwan polls,NEUTRAL,THREAT,0.8,"The post indicates U.S. concerns about China's influence on Taiwan's elections, which suggests potential interference that could escalate tensions and conflict between the U.S. and China regarding Taiwan."
7ntxlb,China dismissed a report on a US conservative news website that the Communist Party has a secret plan to provide increased aid and military support to North Korea. “Anyone with common sense can see that the document is fake.”,NEUTRAL,NEUTRAL,0.9,"The post discusses a dismissal of a report regarding a potential secret plan without indicating any military actions, threats, or diplomatic efforts. It focuses on a claim about misinformation rather than any actions that would increase conflict."
5uif9y,Emoluments in China: Did China successfully try to curry favor with Trump in order to influence “One China” policy?,NEUTRAL,NEUTRAL,0.9,"The post discusses potential influence and political maneuvering related to the 'One China' policy, which does not indicate any immediate threat or conflict potential. It focuses on political dynamics rather than military actions or threats."
65h8gs,North Korea defectors launch 'birthday' balloons across DMZ,NEUTRAL,THREAT,0.8,"The act of launching balloons across the DMZ by North Korea defectors can be interpreted as a provocative gesture that may escalate tensions between North and South Korea, potentially increasing inter-state conflict."
eb9x74,"US to North Korea: 'We're here, you know how to reach us' Visiting South Korea, US special envoy on North Korea, Stephen Biegun urged the North to return to stalled talks.",DIPLOMACY,DIPLOMACY,0.9,"The post discusses a US envoy urging North Korea to return to stalled talks, indicating efforts to engage in dialogue and negotiations, which suggests a low potential for conflict."
e4zerq,"With Brutal Crackdown, Iran Convulsed by Worst Unrest in 40 Years",HUMANITARIAN,HUMANITARIAN,0.9,"The post discusses a brutal crackdown in Iran, indicating significant human rights issues and civilian unrest, which aligns with humanitarian framing rather than a direct threat to inter-state conflict."
80hsav,North Korean man hasn't seen his family in 70 years,HUMANITARIAN,HUMANITARIAN,0.9,"The post discusses a personal story related to family separation due to North Korea's political situation, which highlights human rights issues and the humanitarian impact of inter-state conflict rather than increasing conflict potential."
e6a6fb,Officials: U.S. Navy seizes suspected Iranian missile parts set for Yemen,THREAT,THREAT,0.9,"The post describes the U.S. Navy seizing suspected Iranian missile parts, which indicates a military action that has the potential to increase inter-state conflict, particularly in the context of U.S.-Iran relations and the ongoing conflict in Yemen."
80r3dj,Trump Still Hasn’t Given the Green Light to Counter Russian Hacking,NEUTRAL,NEUTRAL,0.8,The post discusses a lack of action regarding Russian hacking without indicating any military threats or actions that would increase inter-state conflict. It appears to be more about domestic political dynamics rather than international relations.
7lutl3,North Korea says new U.N. sanctions an act of war,DIPLOMACY,THREAT,0.9,"The post indicates that North Korea perceives new U.N. sanctions as an act of war, which suggests a heightened potential for conflict and military escalation."
7g5sd6,"Hillary Clinton, taking a different tone than Trump, hits China on human rights and South China Sea",DIPLOMACY,DIPLOMACY,0.8,"The post discusses Hillary Clinton's approach to China, which suggests a focus on human rights and international relations, indicating a diplomatic stance rather than a direct threat of conflict."
77dr6p,Iran's Ayatollah says Trump is 'foul-mouthed' and 'pretends to be an idiot',DIPLOMACY,NEUTRAL,0.9,"The post primarily focuses on a statement made by Iran's Ayatollah about Trump, which does not indicate any military actions, threats, or diplomatic efforts. It reflects internal political commentary rather than an escalation of conflict."
c4zwro,"Spanish judges 'disgusted' with suspects' claim 'I'm Taiwanese, not Chinese'",NEUTRAL,NEUTRAL,0.9,"The post discusses a statement made by suspects regarding their identity, which does not indicate any military action, threat, or potential for inter-state conflict. It appears to focus on a domestic legal issue rather than international relations."
c5707y,Iran says new sanctions mean the end of DIPLOMACY,DIPLOMACY,THREAT,0.8,"The mention of new sanctions implies an escalation in tensions and a potential end to diplomatic efforts, which could increase inter-state conflict."
df2dye,"Une faille zero-day repérée sur des smartphones Pixel, Samsung, Huawei et Xiaomi",NEUTRAL,NEUTRAL,0.9,"The post discusses a technical issue related to smartphones, which is unrelated to international relations or conflict potential. It does not indicate any military actions, threats, or diplomatic efforts."
5u2iin,Trump Expects Russia to Return Crimea to Ukraine: White House,DIPLOMACY,THREAT,0.9,"The post discusses expectations regarding Russia's return of Crimea to Ukraine, which implies a potential for increased conflict between the two states, especially considering the historical tensions and military implications surrounding the issue."
d03emi,African land acquisition - Compete with the Chinese?,NEUTRAL,NEUTRAL,0.9,"The post discusses Chinese land acquisition in Africa and seeks information about it without indicating any military actions, threats, or conflict potential. It focuses on economic interests and safety in land acquisition, which does not imply an increase in inter-state conflict."
dnzqsu,Russian military undercuts Trump by expressing 'valid doubts about the reality and success' of ISIS raid,DIPLOMACY,THREAT,0.8,"The post discusses the Russian military's expression of doubts regarding a military operation against ISIS, which implies a critique of U.S. military actions and could be interpreted as a challenge to U.S. credibility, potentially increasing inter-state tensions."
bpe128,Iran Says Talks With Trump Possible If U.S. Returns to 2015 Deal,DIPLOMACY,DIPLOMACY,0.9,"The post discusses the possibility of talks between Iran and the U.S., indicating a potential for diplomatic engagement if the U.S. returns to the 2015 nuclear deal, which suggests a low conflict potential."
8r7v4d,North Korea reportedly makes a 'major' denuclearization step for Trump,DIPLOMACY,DIPLOMACY,0.8,"The post discusses a reported step towards denuclearization, which suggests a move towards negotiations or agreements, indicating a potential reduction in conflict."
ddgk6s,"Iranian hackers targeted US 2020 campaign, says Microsoft",NEUTRAL,THREAT,0.8,"The post discusses Iranian hackers targeting a US campaign, which implies potential cyber warfare and interference in a democratic process, increasing the likelihood of conflict between the two states."
96nolk,"China Uighurs: One million held in political camps, UN told",HUMANITARIAN,HUMANITARIAN,0.9,"The post addresses the situation of Uighurs in China, highlighting human rights issues related to their detention in political camps, which falls under humanitarian concerns rather than inter-state conflict."
98tk6o,"No homeless in Pyongyang, says North Korean defector",NEUTRAL,NEUTRAL,0.9,"The post discusses a statement from a North Korean defector regarding homelessness in Pyongyang, which does not indicate any potential for inter-state conflict or military actions. It focuses on a social issue rather than international relations or conflict."
dc92nt,North Korea May Have Taken Step Toward Submarine-Launched Ballistic Missile - NPR,THREAT,THREAT,0.9,"The post discusses North Korea potentially taking a step toward developing submarine-launched ballistic missiles, which indicates military actions that could increase inter-state conflict."
7g7z29,North Korea Lunches another ballistic missile,THREAT,THREAT,1.0,"The post describes North Korea launching another ballistic missile, which is a military action that increases the potential for inter-state conflict."
ehfk3n,Pompeo hits out at Iran after deadly US strikes in Iraq and Syria,THREAT,THREAT,0.9,"The post describes US strikes in Iraq and Syria, which are military actions that increase the potential for inter-state conflict, especially in the context of tensions with Iran."
8y650c,[Video] Xi Jinping's speech to Arab leaders in bid to spread Chinese soft power,DIPLOMACY,DIPLOMACY,0.8,"The post discusses Xi Jinping's speech aimed at spreading Chinese soft power, which suggests efforts to improve relations and engage diplomatically with Arab leaders, indicating low conflict potential."
a7lnw0,Open Scientific Collaboration May Be Helping North Korea Cheat Nuclear Sanctions,NEUTRAL,THREAT,0.85,"The post suggests that North Korea may be circumventing nuclear sanctions through scientific collaboration, which indicates a potential increase in conflict by undermining international efforts to limit its nuclear capabilities."
7gti6x,Trump's First Major Trade Fight With China Could Be Over Solar Panels,ECONOMIC,ECONOMIC,0.9,"The post discusses a trade dispute between the U.S. and China regarding solar panels, which involves economic measures rather than military actions or threats, indicating low conflict potential."
bkfujs,Report: North Korea test fires short range missile,THREAT,THREAT,1.0,"The post reports on North Korea test firing a short-range missile, which is a military action that increases the potential for inter-state conflict."
b6dxjo,Top general warns US may not see a North Korean attack coming,THREAT,THREAT,0.9,"The post discusses a warning from a top general regarding the potential for a North Korean attack, which indicates an increase in conflict potential between states."
7nkv0e,South Korean president welcomes North Korean Olympic participation,DIPLOMACY,DIPLOMACY,0.9,"The post discusses the South Korean president welcoming North Korean participation in the Olympics, which indicates a positive diplomatic gesture aimed at improving relations and reducing tensions between the two countries."
6w1sxq,North Korea appears to have fired ballistic missile,THREAT,THREAT,0.9,"The post describes North Korea firing a ballistic missile, which is a military action that increases the potential for inter-state conflict."
deo2rg,Microsoft says Iranian hackers tried to breach a US presidential campaign (Oct 2019),NEUTRAL,THREAT,0.9,"The post describes actions by Iranian hackers attempting to breach a US presidential campaign, which indicates potential cyber threats and interference that could escalate tensions between the US and Iran, thereby increasing inter-state conflict."
dol7jm,Kim Jong Un and North Korea’s Reputations Take Hit After Mt. Kumgang Resort Decision,NEUTRAL,NEUTRAL,0.9,"The post discusses a decision regarding a resort in North Korea, which does not indicate any military actions, threats, or diplomatic efforts. It appears to focus on reputational aspects rather than conflict potential."
b8x7m9,"NATO to Deter Russia in Black Sea With Heightened Surveillance, U.S. Says",THREAT,THREAT,0.9,"The post discusses NATO's heightened surveillance in the Black Sea, which indicates a military response to perceived threats from Russia, thereby increasing the potential for inter-state conflict."
al2g58,House Democrats aim to hold Russian oligarch linked companies to sanctions deal,ECONOMIC,ECONOMIC,0.9,"The post discusses sanctions targeting Russian oligarch-linked companies, which are economic measures aimed at restricting financial activities rather than military actions or threats, indicating low conflict potential."
cgiz2w,UK working on safe passage in Strait of Hormuz after Iran seizure,NEUTRAL,THREAT,0.9,"The post discusses the UK's efforts in response to Iran's seizure, which implies a potential increase in inter-state conflict in the Strait of Hormuz, a region already fraught with military tensions."
7abztv,China’s Economy Is Poised to Win the Future,ECONOMIC,NEUTRAL,0.9,"The post discusses China's economy without any mention of military actions, threats, or conflict potential. It appears to be a factual statement about economic prospects, which aligns with the neutral framing category."
7qzk03,China says it doesn't need Taiwan's permission to open new air route,DIPLOMACY,THREAT,0.8,"The statement implies a unilateral action by China regarding Taiwan, which can be interpreted as a potential escalation in tensions and conflict over Taiwan's status and sovereignty."
5pzxwa,INSIGHT: How Russia sold its oil jewel — without saying who bought it | Reuters,ECONOMIC,ECONOMIC,0.9,"The post discusses the sale of oil, which relates to economic transactions and does not indicate any immediate threat of conflict. The focus is on the economic aspect of Russia's oil sales rather than military actions or threats."
dts17e,"Pompeo hits Iran on IAEA inspector, amplifies claim of undeclared nuclear materials",DIPLOMACY,THREAT,0.9,"The post discusses actions by Pompeo that target Iran's nuclear activities, which implies potential military threats and increases the likelihood of inter-state conflict regarding nuclear materials."
6kf547,China demands that US cancels arms sale to Taiwan,DIPLOMACY,THREAT,0.9,"The post describes a demand from China regarding an arms sale to Taiwan, which indicates potential military tensions and conflict escalation between the US and China."
acu8vk,Taiwan president signals support for UK base in South China Sea,DIPLOMACY,THREAT,0.9,"The post indicates support for a military base in the South China Sea, which is a region of heightened tensions and potential conflict between states, particularly involving China and Taiwan. This action suggests an increase in military presence and could escalate inter-state conflict."
8jj9xl,Satellite images show North Korea dismantling its nuclear test site,NEUTRAL,NEUTRAL,0.9,"The post reports on satellite images showing North Korea dismantling its nuclear test site, which indicates a reduction in military capabilities and potential conflict. This is a factual report without indications of increased conflict potential."
efgpsd,Iran starts internet shutdown ahead of possible new protests,HUMANITARIAN,HUMANITARIAN,0.85,"The post discusses an internet shutdown in Iran, which is likely a measure to suppress potential protests. This relates to human rights issues and civilian suppression, indicating a low potential for inter-state conflict."
6mpwxt,"China's ambassador to the United States has said reports of trade growth between his country and North Korea, in spite of international efforts to press Pyongyang to give up its nuclear and missile programs, give ""a distorted picture.""",DIPLOMACY,NEUTRAL,0.8,"The post discusses trade growth between China and North Korea without indicating any military actions or threats, and it focuses on a statement from an ambassador, which is more about diplomatic discourse than conflict escalation."
bwj5lq,"Iran seen as unwavering despite sanctions, US exit from nuclear deal",NEUTRAL,THREAT,0.8,"The mention of Iran's unwavering stance despite sanctions and the US exit from the nuclear deal suggests a potential for increased inter-state conflict, particularly in the context of nuclear proliferation and military posturing."
bcelyx,"Europe turning to Russia for oil amid US sanctions on Venezuela, Iran",ECONOMIC,ECONOMIC,0.9,"The post discusses Europe turning to Russia for oil in the context of US sanctions on Venezuela and Iran, which indicates a shift in economic relations rather than military actions or threats. The focus is on economic sanctions and their impact on energy sourcing."
8ypxc1,Pentagon says China spying on military exercises,THREAT,THREAT,0.9,"The post indicates that China is spying on military exercises, which suggests an increase in inter-state conflict potential due to military surveillance and possible escalation of tensions."
8jotoq,North Korea THREATens to cancel summit with Trump over military drills,DIPLOMACY,THREAT,0.9,"The post describes North Korea threatening to cancel a summit due to military drills, indicating a potential increase in inter-state conflict."
bw8vl3,"Trump tells Syria, Russia to stop bombing rebel-held Idlib",DIPLOMACY,THREAT,0.9,"The post indicates a warning to Syria and Russia regarding their military actions in Idlib, which suggests a potential increase in inter-state conflict due to ongoing military operations."
