sample_id,post_id,country,title,text,annotator_1_frame,annotator_2_frame,final_frame,notes
901,bm3esb,IRAN,"Iranian Foreign Minister Mohammad Javad Zarif told his Russian counterpart on Wednesday that Tehran's decision to reduce some voluntary commitments within its nuclear deal with world powers was legal, the RIA news agency reported.",,,,,
902,93bpr8,NK,U.S. detects new activity at North Korea factory that built ICBMs: source | Reuters,[deleted],,,,
903,9696bh,NK,North Korea rejecting US proposals in diplomatic standoff,[deleted],,,,
904,bqmrm4,IRAN,U.S. warns airliners flying in Persian Gulf amid Iran tensions,,,,,
905,7kc61s,NK,‘North Korea is a time bomb’: government advisers urge China to prepare for war,,,,,
906,9b93xo,IRAN,Iran’s Ayatollah Khamenei says nuclear deal might be deserted if doesn’t serve pursuits,,,,,
907,7c37ai,IRAN,Iran building permanent military base in Syria - claim,,,,,
908,c3nu1x,CHINA,Tajikistan hands Chinese company rights to silver reserves | Eurasianet,,,,,
909,6ft3i8,IRAN,Islamic State claims responsibility for shootings and suicide bomb attacks at Iran's parliament and shrine of Ayatollah Khomeini,[deleted],,,,
910,8de6y4,NK,"North Korea Removes Major Obstacle to U.S. Negotiations, South Says",,,,,
911,7zf3c8,CHINA,"Australian prime minister to bring up China, Trans-Pacific trade deal during Trump talks",,,,,
912,6tz372,IRAN,Iran building missile factory in Syria — Satellite photos seem to show facility in north of country said to be used for production and storage of long-range Scuds,[deleted],,,,
913,7ymu90,RUSSIA,Russia’s interference in presidential election hit Colorado voters: Analysis shows troves of voters exposed to propaganda,,,,,
914,d83ihz,RUSSIA,Russia savages US following Saudi Arabia oil reserve crisis - ‘Can’t repel attack’ - Express.co.uk,,,,,
915,dvvv56,CHINA,US manufacturers hit harder than China’s in trade war,,,,,
916,6el9wh,RUSSIA,Another Russian Air-Strike in Syria Takes Out Dozens of ISIS Terrorists and Military Equipment,,,,,
917,6ectut,CHINA,Emirates tells cabin crew to remove Taiwan flag pins after Chinese government urges one-China compliance,,,,,
918,5ro5kl,CHINA,Steve Bannon: 'We're going to war in the South China Sea ... no doubt',[deleted],,,,
919,c83oo5,IRAN,Iran breaches uranium stockpile limit set by nuclear deal,[deleted],,,,
920,8qp9m8,NK,"US mistakenly puts Singapore in Malaysia during Trump-Kim summit, drawing social media scorn",,,,,
921,d74k4c,IRAN,MUST WATCH: President Trump GOES OFF On Media and Iran - FULL STATEMENT,[deleted],,,,
922,91533n,NK,North Korea’s Denuclearization: Reframing of Human Rights Discourse Might Help,,,,,
923,7jugto,RUSSIA,"Russia – Ukraine war updates: daily briefings as of December 14, 2017",,,,,
924,7d31jx,RUSSIA,That time Russia used a game to claim the US escorted IS out of Syria,,,,,
925,705651,NK,"U.S. not obliged to defend Canada in event of North Korea missile attack, MPs told",,,,,
926,c2xkcp,IRAN,"Iran shoots down U.S. naval drone in Persian Gulf region, escalating tensions",,,,,
927,7qczom,NK,Trump denies saying he probably had good relationship with Kim | Reuters,,,,,
928,bcdmiv,RUSSIA,U.S. warns German companies of possible sanctions over Russian pipeline,,,,,
929,bw6ah4,NK,Top North Korean official reappears days after purge report,[deleted],,,,
930,7no1au,IRAN,Donald Trump considers new sanctions on Iran as protesters are killed,,,,,
931,7abbg0,NK,North Korea tunnel collapse at nuclear test site could cause serious radiation leak,,,,,
932,70bsfh,CHINA,"Nothing is off the table against China, others who trade with North Korea, Tony Sayegh says",[deleted],,,,
933,7iuwee,RUSSIA,Trump approves new Russia sanctions for violating Cold War arms pact,[deleted],,,,
934,6zue4c,NK,Mnuchin Threat to China Over North Korea Is Empty Because Beijing Owns America's Debt,,,,,
935,5ylz4t,NK,What would be the repercussions if the U.S. were to shoot down (THAAD) the next North Korean missile test?,"    With the recent deployment of THAAD systems in South Korea by the U.S., what possible scenarios could occur if the the next ballistic missile test by North Korea was shot out of the air? Would they back down, or become more aggressive? How would China react?",,,,
936,armoo1,RUSSIA,Russia bristles as fresh US sanctions loom,,,,,
937,c5hadh,RUSSIA,U.S. Warship Shadowing High-End Russian Frigate Near Cuba,,,,,
938,9u6i4x,IRAN,"Khamenei: Trump has ""disgraced the remnant of America's prestige and that of liberal democracy""",,,,,
939,dsiign,CHINA,How much does the average Chinese know about the world?,[removed],,,,
940,a5lg1v,CHINA,Chinese hi-tech researchers 'told not to travel to US unless it's essential',,,,,
941,8j4xl2,IRAN,US faces European backlash against Iran sanctions,,,,,
942,8qbfg7,NK,US: North Korea talks moving 'more quickly than expected',,,,,
943,b4omky,NK,John Brennan: North Korea ‘Duped’ Trump Into ‘Mindlessly’ Quashing Sanctions,,,,,
944,61xmkc,RUSSIA,"US sees a resurgent Russian military expanding into Afghanistan, Libya",[deleted],,,,
945,d5yequ,IRAN,Trump announces increased sanctions on Iran today - CBS News,,,,,
946,a34xv8,NK,"China, Russia, and North Korea are smacking down President Trump’s tough talk: The U.S.'s relationship with Russia isn't great, the trade war with China is very much on, and North Korea still has nukes.",,,,,
947,9k9q5c,CHINA,US Navy sails past contested islands in South China Sea amid U.S.-China tensions,,,,,
948,dll139,RUSSIA,End the secrecy over Russia’s election hacking in Florida | Editorial - Orlando Sentinel,,,,,
949,cqudy4,CHINA,"China ‘smoothing’ of economic data is distorting global growth and policy responses, study says",,,,,
950,8lzu3c,NK,Moment North Korea Blew Up Its Nuclear Test Tunnels In Series Of Huge Explosions,,,,,
951,bzsr9e,CHINA,Beijing slams Nancy Pelosi for condemning Hong Kong extradition bill,[deleted],,,,
952,av1m9r,RUSSIA,US military interrupted Russian troll farm operations on day one of 2018 midterms,,,,,
953,9p9ehc,IRAN,"From Trump’s tariffs to his withdrawal from the Iran nuclear deal and the Paris agreement to calling the EU a ‘foe,’ no U.S. president since World War II has appeared so distant, even hostile, to European interests.",[deleted],,,,
954,7c64lb,IRAN,Iran building base in Syria - claim,,,,,
955,bz7kty,CHINA,Chinese Exporters Dodge Tariffs With Fake Made-in-Vietnam Labels,,,,,
956,efewe4,CHINA,"Chinese prison in Tesco scandal offers ‘re-education’, and served pizza at Christmas, its boss says",,,,,
957,biiiwe,IRAN,Iran's Revolutionary Guard 'shoots drone footage' of US warships,,,,,
958,bvysfy,RUSSIA,What Happens When Most People Don’t Agree That Russia Helped Donald Trump To Get Elected – Do You Agree?,,,,,
959,bil2wn,IRAN,Iran's foreign minister J. Zarif on fox news.,,,,,
960,divoxw,RUSSIA,"Trump ignored Syria exit options that could have kept Russia at bay, NSC official says",,,,,
961,7ha0w2,NK,North Korea says US-South Korea military drills drive them to 'brink of a nuclear war',,,,,
962,937wd1,IRAN,Donald Trump says he's willing to meet with Iran on new nuclear agreement,,,,,
963,al4nzj,IRAN,Iran Slams Russia for Deactivating S-300 during Israeli Airstrikes on Syria,,,,,
964,8ddrib,NK,South Korea's Moon says North seeking 'complete denuclearization',,,,,
965,at3rm9,CHINA,New Zealand’s Former Leader Is Depicted by China as Praising Its Policies,,,,,
966,6jqimb,IRAN,Key senator threatens arms sales to Persian Gulf countries over Qatar dispute,,,,,
967,5rv6wi,RUSSIA,ALERT NEWS:WWIII Signal to Moscow- Right Now In BLACK SEA The United States And NATO Are Preparing For A Major War With Russia,,,,,
968,cgildm,IRAN,"Iran claims they arrested 17 nationals working with CIA to spy on nuclear, military sites",,,,,
969,6y018i,NK,Hungry North Korean soldiers ‘ordered to steal corn because war is imminent’,,,,,
970,e51j04,CHINA,In your sight: Is a war between China and the US avoidable?,[removed],,,,
971,7t6hdk,IRAN,"Zarif slams US, KSA for arming ISIL, boasts Iran’s support for Iraq, Syria",[deleted],,,,
972,a7pq3w,IRAN,GOP hawks to Trump: Iran is the bigger threat in Syria,,,,,
973,8jrkm7,NK,US change military drill plan HOURS after North Korea threaten summit withdrawal,,,,,
974,dj6lpj,CHINA,The Chinese national security threat is bigger than Huawei,,,,,
975,6heo9s,RUSSIA,Investigators for Special Counsel on Russia Interference Will Soon Speak to Senior Intelligence Officials: Sources — KTLA,,,,,
976,c1gfzb,CHINA,Beijing tells Hong Kong protesters not to become U.S. pawns,,,,,
977,6xvcjk,NK,Mattis warns of 'massive military response' to NK nuclear threat,,,,,
978,cuh7f5,CHINA,Trump suggests Jay Powell is a 'bigger enemy' than Chinese President Xi Jinping,,,,,
979,7cjivk,CHINA,"Canadian Federal report outlines hopes, skepticism on free trade with China",,,,,
980,bthyt7,NK,"Trump presses Japan over trade gap, expects 'good things' from North Korea",,,,,
981,e255ki,CHINA,"""Impeachment"" Is A Diversion & Delay: Trump paid $4b to cover a child rapist ring, then becomes one on 10thJan'19. Pelosi paid $3b to get boys from China. Brady Scalia DeBlasio BMurray Trump Cuomo Obama JJordan JCarter Schumer all rape boys in Buffalo Jan'19 killing 300+. Uncut audio of it all here.",,,,,
982,abbn6q,IRAN,Iranian Supreme Leader Ayatollah Ali Khamenei's Political Moves Seen As Successive Blows To Iran's Moderates,,,,,
983,cex0hc,IRAN,US Navy shoots down Iranian drone in Strait of Hormuz,[deleted],,,,
984,96tb94,IRAN,Iran gets smallest share of Caspian sea in landmark agreement,,,,,
985,bo031k,IRAN,"EU supports Iran nuclear deal, wants to avoid escalation: Mogherini",,,,,
986,7zoib0,NK,Trump administration announces what it calls ‘largest ever’ set of sanctions against North Korea,,,,,
987,7ytv6i,CHINA,The South China Sea: A Confused and Confusing Dialogue,,,,,
988,9gi04i,RUSSIA,"US sanctions on Iran are 'unproductive' and 'wrong', Russia's energy minister says",,,,,
989,c3trzs,IRAN,US to hit Iran with 'major' sanctions,,,,,
990,7mmcl6,IRAN,How Trump could kill the Iran nuclear deal in January,[deleted],,,,
991,8rg4wa,NK,Russia May Build a Pipeline Through North Korea After Donald Trump's Kim Jong Un Meeting,,,,,
992,7gbezo,NK,N Korea says new missile can hit entire US,,,,,
993,7vccrv,NK,Hopes for talks grow with North Korea's ceremonial leader to visit South Korea for Olympics,,,,,
994,dx1f5q,CHINA,U.S. to extend license allowing its companies to continue business with Huawei: New York Times,,,,,
995,ccuykj,CHINA,Saudi Arabia and Russia among 37 states backing China's Xinjiang policy; Praise human rights record,,,,,
996,7t8fqy,NK,"Despite sanctions, North Korea exported coal to South, Japan via Russia",,,,,
997,b3wucw,NK,Trump Imposes North Korea Sanctions Amid Stalled Talks,,,,,
998,80puo5,RUSSIA,NSA chief: Trump 'has not ordered disruption of Russia election meddling',[deleted],,,,
999,e76xhx,RUSSIA,"&#x27;All roads lead to Putin&#x27;: Impeachment ties Ukraine, Russia",,,,,
1000,adfuck,CHINA,U.S. Navy ship sails in disputed South China Sea amid trade talks with Beijing,[deleted],,,,
1001,9f2eeo,RUSSIA,"Haley warns Russia, Iran of 'dire consequences' over Syria military assault",[deleted],,,,
1002,7q71ig,IRAN,Trump is inching closer to blowing up the Iran nuclear deal.,,,,,
1003,aoo5kg,IRAN,Khamenei’s ‘Death to America’ aimed at leaders not population,,,,,
1004,8thwm3,RUSSIA,WHO IS U.S. FIGHTING IN SYRIA? ‘HOSTILE FORCE’ ATTACKS COALITION NEAR BASE CONDEMNED BY RUSSIA AND IRA,,,,,
1005,7esz1m,IRAN,Putin brings Iran and Turkey together in bold Syria peace plan,,,,,
1006,buzvzc,NK,"North Korea Envoy Executed Over Trump-Kim Summit, Chosun Reports",,,,,
1007,6u0qaj,CHINA,"US, China military chiefs reach deal to reduce risk of miscalculation - CNN",,,,,
1008,7u2b2x,RUSSIA,The Trump administration’s weird explanation for withholding Russia sanctions,,,,,
1009,ayzi4n,NK,New evidence shows activity at a North Korean rocket production facility that is consistent with public reports that North Korea may be preparing a space launch,,,,,
1010,6y7j7i,NK,The timing of North Korea’s nuke test could not be worse for China’s leader,,,,,
1011,6r3uq0,NK,BREAKING NEWS | U.S. Test Launches ICBM Amid North Korea Tensions,,,,,
1012,a3nnrk,RUSSIA,US prepares to sail warship into Black Sea amid Ukraine-Russia clash near Crimea,[deleted],,,,
1013,d00o3v,CHINA,What are the chances that Beijing will give in to all 5 of the protesters demands?,[removed],,,,
1014,8l40vk,IRAN,AP Investigation: How two men leveraged access to Trump and Persian Gulf crown princes into millions of dollars - ABC News,,,,,
1015,bsypvd,CHINA,Does China have a secret plan to take America’s place?,[deleted],,,,
1016,7tvt4r,NK,US Sanctions Are Clippling North Korean Military Activity,,,,,
1017,7hg51s,RUSSIA,"Russia – Ukraine war updates: daily briefings as of December 4, 2017",,,,,
1018,bp1yje,IRAN,President accused of risking 'devastating' conflict as Iran military commander warns of 'full scale confrontation',,,,,
1019,7vddyl,IRAN,Rouhani - why is Iran’s reformer not reforming?,,,,,
1020,96o3ib,IRAN,"What’s Next for Iran, the Iranian Rial and the Ayatollah?",,,,,
1021,amfspl,IRAN,Iran says new cruise missile successfully fired on revolution's 40th anniversary,,,,,
1022,7gtnl4,CHINA,"Maldives ‘flouts rules’, quietly inks trade deal with China",,,,,
1023,bxk6ba,RUSSIA,"‘Illiterate, stupid, uninquiring idiots’ HBO’s ‘Chernobyl’ miniseries has enraged Russia’s state media and pro-Kremlin reporters. Here’s why they hate it.",,,,,
1024,7p6ht2,NK,"As North Korea Tensions Rise, U.S. Army Trains Soldiers To Fight In Tunnels",,,,,
1025,a7ziea,CHINA,Opinion | China got rid of one of the most oppressive practices of the Mao era. Now it’s coming back.,,,,,
1026,eg0cnx,IRAN,"China, Russia and Iran will hold joint naval drills starting Friday in the Gulf of Oman",[deleted],,,,
1027,coydoi,CHINA,"If Hong Kong is next, U.S. ""no values"" China policy will be partly to blame",,,,,
1028,5ujs7p,CHINA,China targeting US Military Installations in Asia Pacific,,,,,
1029,bygy3f,CHINA,New bipartisan bills threaten Chinese IPOs and Chinese companies listed in the U.S.,,,,,
1030,cr3b9s,NK,"Kim Jong-un VS Donald Trump: North Korea fires two more missiles, dares US",[deleted],,,,
1031,8iwgqi,NK,North Korea says it will begin dismantling its nuclear test site in less than two weeks in a ceremony attended by foreign journalists.,,,,,
1032,7pg5nv,IRAN,EU to meet Iran to back nuclear deal in message to Trump,[deleted],,,,
1033,7wwvaq,NK,Pence: The United States is ready to talk with North Korea,,,,,
1034,c0j7mb,IRAN,Iran says US has no ‘shred of factual or circumstantial evidence’ that Tehran attacked oil tankers,,,,,
1035,agkzo0,IRAN,Iran vows to will keep military forces in Syria despite Israeli threats,,,,,
1036,ag4wm8,RUSSIA,"Trump Discussed Pulling U.S. From NATO, Aides Say Amid New Concerns Over Russia",[deleted],,,,
1037,70blzt,CHINA,"Nothing is off the table against China, others who trade with North Korea, Tony Sayegh says",[deleted],,,,
1038,c6035f,IRAN,"U.S. , Saudi Arabia, and Israel picking on Iran: Play by Play | ActivateNow.US",,,,,
1039,b5n78d,CHINA,"China’s press freedom crackdown poses a threat to int’l democracies, says media watchdog. The report condemned Chinese President Xi Jinping as an “enemy of democracy, universal values, human rights and press freedom.”",,,,,
1040,64cvkd,IRAN,"Iran's Rouhani condemns U.S. attack on Syria, chides Gulf Arabs",[deleted],,,,
1041,c5ozcp,NK,South Korea: Trump and Kim Are Ready for Another Summit,,,,,
1042,6pg9ao,IRAN,US Navy ship fired warning shots at an Iranian boat in the Persian Gulf,[deleted],,,,
1043,8pn6e2,CHINA,China hacked a Navy contractor and secured a trove of highly sensitive data on submarine warfare,,,,,
1044,6v4aqp,NK,Brit troops head to North Korea border as Kim threatens nuke war TODAY,[deleted],,,,
1045,cexfgf,IRAN,US warship destroys Iranian drone in Strait of Hormuz,,,,,
1046,c6byhw,IRAN,Iran Envoy Says Europe Not Doing Enough to Save Nuclear Accord,,,,,
1047,dr2ypg,CHINA,"New right talking point - Family farms will be sacrificed for the trade war, but that's okay because they're inefficient.",,,,,
1048,7kmttt,IRAN,"To clinch Iran nuke deal, Obama said to have derailed campaign against Hezbollah",,,,,
1049,c1800x,CHINA,"Chinese-owned company makes parts for British F-35 fighter jets, MoD reveals",,,,,
1050,dotdr7,RUSSIA,"(Hypothetical) If China, Russia, and the US all simultaneously disappeared, what countries do you think would become the next superpowers?",[removed],,,,
1051,8izuw2,NK,"North Korea has scheduled the dismantlement of its nuclear bomb test site for sometime between May 23 and 25 in order to uphold its pledge to discontinue nuclear tests, the country’s state media reported on Saturday a month ahead of a historic summit.",,,,,
1052,5tvchr,NK,Trump's patio situation room after NK missile launch raises security questions,,,,,
1053,c3xo35,IRAN,US launched cyber attack on Iranian rockets and missiles – reports - Targeted strike on computer-controlled weapons of Iran’s Islamic Revolutionary Guard had been planned over weeks,,,,,
1054,d4vckg,IRAN,Iran fired cruise missiles in attack on Saudi oil facility: Senior US official,,,,,
1055,ee8ic0,RUSSIA,Russian Poison Assassin Squad Exposed.,[deleted],,,,
1056,ae93t8,NK,North Korea talks: Trump must learn from past blunders,[deleted],,,,
1057,cf2sau,IRAN,The US shot down Iran drone in Strait of Hormuz,,,,,
1058,blrtix,RUSSIA,"Russia isn't just interfering in U.S. elections, it's abusing the American justice system",,,,,
1059,dyfbjn,CHINA,Gary Cohn: Trump will impose tariffs if no deal with China,,,,,
1060,9mpetp,NK,Kim Jong-un invites Pope Francis to Pyongyang,[deleted],,,,
1061,c7mjxa,NK,Trump's top press aide bruised after melee with North Korea officials,[deleted],,,,
1062,8txize,CHINA,U.S. at Risk of Losing Military Technology Edge to China in Two Years,,,,,
1063,9778al,RUSSIA,"The reason Turkey’s economic collapse is so scary is that Iran, Russia, and Syria are waiting in the wings",,,,,
1064,801u8d,RUSSIA,"Russian spies hacked the Olympics and tried to make it look like North Korea did it, U.S. officials say",,,,,
1065,7mg3sm,RUSSIA,Troll So Hard: Russia Accuses U.S. Of ‘Direct Interference’ In Its Prez Election,,,,,
1066,bz55i0,CHINA,"Trump Says Mexico Tariffs Worked, Emboldening Trade Fight With China",,,,,
1067,agxp7n,CHINA,"China's 'godfather of crystal meth' has been executed. Cai Dongjia controlled Boshe village, which once supplied over one-third of the country's crystal meth",[deleted],,,,
1068,6fust8,NK,Escalation is not deterrence on the Korean Peninsula,,,,,
1069,7vwlt9,NK,Ivanka Trump will meet Kim' sister Kim Yo-jong visit to South Korea for Winter Olympics,[deleted],,,,
1070,ege42y,CHINA,Malaysian court bans Chinese-education lobby group’s protest against ‘Islamisation’ of schools,,,,,
1071,bx64d8,CHINA,"Exclusive: U.S. preparing big weapons sale to Taiwan, testing China - sources",,,,,
1072,6ws66q,RUSSIA,Mueller’s investigation into Russia’s election interference is honing in on the meeting orchestrated by Donald Trump Jr. with Russian nationals... specifically in Trump’s role in crafting his son’s response to the news reports about the meeting.,[deleted],,,,
1073,5v243v,RUSSIA,"A back-channel plan for Ukraine and Russia, courtesy of Trump Associates",,,,,
1074,7n8c9p,RUSSIA,Russia to use TOS-1A flamethrower rocket launcher in Syria | December 2017 Global Defense Security news industry | Defense Security global news industry army 2017 | Archive News year,,,,,
1075,egoxa7,IRAN,U.S. Navy Confirms Harassed Of Its Aircraft Carrier By Iranian Vessels,,,,,
1076,c37t7b,RUSSIA,Russian Children's Ombudsman calls to check reports on rape of teenager in gay family,,,,,
1077,bta6h4,NK,Donald Trump Just Loves That North Korea Called Joe Biden “a Fool of Low IQ”,,,,,
1078,9iw6b3,IRAN,INDIA IS CUTTING IMPORTS OF IRANIAN OIL TO ZERO IN NOVEMBER,,,,,
1079,939sc5,NK,North Korea suspected to be building new ICBMs: report,,,,,
1080,76pnhp,NK,Tillerson on North Korea: Diplomacy will continue 'until the first bomb drops',,,,,
1081,5nagr2,CHINA,"Taiwan scrambles jets, navy as China aircraft carrier enters Taiwan Strait",,,,,
1082,e52rpe,RUSSIA,"Putin signs law making Russian apps mandatory on smartphones, computers",,,,,
1083,9hm3v4,NK,U.S. dismisses N. Korea's conditional offer to dismantle nuclear site,[deleted],,,,
1084,8lyea8,NK,North Korea ready to talk 'at any time' with Donald Trump,,,,,
1085,7ye4au,IRAN,Iran Leader: No More Reliance on Foreigners after Nuclear Deal,,,,,
1086,697dfn,RUSSIA,Suspicious multi-billion Gazprom's contract with 5-employee company on construction of gas pipeline to China turns out to be connected with Russian mafia,,,,,
1087,9y9679,CHINA,"Venezuela is rolling out a new ID card manufactured in China that can track, reward, and punish citizens",,,,,
1088,90q66v,RUSSIA,Lavrov tells Pompeo: free Russian woman accused in U.S. of espionage,,,,,
1089,b2aysk,RUSSIA,"Russia Ran Hacking Operations In Prague, Where Dossier Says Michael Cohen Went To Pay Hackers: Czech Magazine",,,,,
1090,8jh1zl,IRAN,Breaking the Deal: Live Town Hall on the Iran Nuclear Agreement,[deleted],,,,
1091,c692j5,RUSSIA,"Trump news – LIVE: Republicans fear president to face impeachment after Mueller testimony, as leader heads to Putin G20 meeting",,,,,
1092,c5nx9y,CHINA,Toilet revolution and boutique hotels on curriculum at China party school,,,,,
1093,dv9ejj,RUSSIA,Belarus buddies up with China as an alternative to Russia,,,,,
1094,80cbsu,RUSSIA,Pyeongchang – Russia’s GRU military intelligence agency hacked Olympics Computers,,,,,
1095,d1q1za,RUSSIA,"RUSSIA, UKRAINE SWAP PRISONERS IN FIRST SIGN OF THAWING RELATIONS",,,,,
1096,96x50b,IRAN,Iran's Khamenei says mismanagement hurts economy more than U.S. sanctions: TV,,,,,
1097,77m3xk,NK,Russia Is A Bigger Threat To U.S. Than North Korea Or ISIS: Ex-Nato Commander,[deleted],,,,
1098,c32qqn,IRAN,"As tensions between Iran and US near the boiling point, India deploys its warships to the Persian Gulf.",,,,,
1099,9u1igo,IRAN,Iran’s Ayatollah Ali Khamenei: Trump has disgraced US prestige,,,,,
1100,7y10ow,RUSSIA,Russian military contractors reportedly tried to test the US military in Syria — but they got whooped,,,,,
