id,title,title_clean,selftext,selftext_clean,text_combined,author,score,num_comments,created_utc,datetime,date,year,month,year_month,subreddit,permalink,source,query_term,event,event_window,vader_compound,vader_pos,vader_neg,vader_neu,textblob_polarity,textblob_subjectivity,sentiment_label,topic_id,topic_prob,period
asn20d,'Pyongyang not the enemy': S. Koreans fed up with military service,'Pyongyang not the enemy' S. Koreans fed up with military service,,,'Pyongyang not the enemy' S. Koreans fed up with military service,Neirdark,3,22,1550660544,2019-02-20 06:02:24,2019-02-20,2019,2,2019-02,korea,/r/korea/comments/asn20d/pyongyang_not_the_enemy_s_koreans_fed_up_with/,arctic_shift,pyongyang,Hanoi Summit (Failed),True,0.431,0.222,0.0,0.778,-0.1,0.1,positive,4,0.4664091683820963,Period2_Diplomacy
9ewaw9,Abe and South Korean Prime Minister Lee Nak-yon agree to work toward nuclear-free North Korea,Abe and South Korean Prime Minister Lee Nak-yon agree to work toward nuclear-free North Korea,,,Abe and South Korean Prime Minister Lee Nak-yon agree to work toward nuclear-free North Korea,ManiaforBeatles,1,3,1536661425,2018-09-11 06:23:45,2018-09-11,2018,9,2018-09,korea,/r/korea/comments/9ewaw9/abe_and_south_korean_prime_minister_lee_nakyon/,arctic_shift,korea nuclear,,False,0.3612,0.152,0.0,0.848,0.0,0.0,positive,6,0.2969815274078998,Period2_Diplomacy
b04bcr,"N. Korea could be 'hedging,' not cheating, with missile activities: Moon's adviser","N. Korea could be 'hedging,' not cheating, with missile activities Moon's adviser",,,"N. Korea could be 'hedging,' not cheating, with missile activities Moon's adviser",senfgurke,1,4,1552370869,2019-03-12 02:07:49,2019-03-12,2019,3,2019-03,korea,/r/korea/comments/b04bcr/n_korea_could_be_hedging_not_cheating_with/,arctic_shift,korea missile,,False,0.4449,0.21,0.0,0.79,0.0,0.0,positive,1,0.5139474859586926,Period2_Diplomacy
8qa7w7,This is a 12 minutes long analysis of the trade-off surrounding the issue of Korean reunification and why it's so hard for the status quo in the Korean peninsula to change.,This is a 12 minutes long analysis of the trade-off surrounding the issue of Korean reunification and why it's so hard for the status quo in the Korean peninsula to change.,[deleted],,This is a 12 minutes long analysis of the trade-off surrounding the issue of Korean reunification and why it's so hard for the status quo in the Korean peninsula to change.,[deleted],1,0,1528729428,2018-06-11 11:03:48,2018-06-11,2018,6,2018-06,geopolitics,/r/geopolitics/comments/8qa7w7/this_is_a_12_minutes_long_analysis_of_the/,arctic_shift,korean peninsula,Singapore Summit,True,-0.2183,0.0,0.059,0.941,-0.1708333333333333,0.4708333333333333,negative,4,0.4054239434561868,Period2_Diplomacy
99roxi,"Tale of Two Worlds: The Past, Present, and Future of the Korean Peninsula (Audiobook - Part 1)","Tale of Two Worlds The Past, Present, and Future of the Korean Peninsula Audiobook - Part 1",,,"Tale of Two Worlds The Past, Present, and Future of the Korean Peninsula Audiobook - Part 1",AreYouSherlocked,0,0,1535061759,2018-08-23 18:02:39,2018-08-23,2018,8,2018-08,korea,/r/korea/comments/99roxi/tale_of_two_worlds_the_past_present_and_future_of/,arctic_shift,korean peninsula,,False,0.0,0.0,0.0,1.0,-0.0833333333333333,0.125,neutral,0,0.8926363311725704,Period2_Diplomacy
akbwve,"North Korea may suggest shutdown of Yongbyon nuclear complex, international inspections: Foreign Minister Kang","North Korea may suggest shutdown of Yongbyon nuclear complex, international inspections Foreign Minister Kang",,,"North Korea may suggest shutdown of Yongbyon nuclear complex, international inspections Foreign Minister Kang",Neirdark,13,2,1548594890,2019-01-27 08:14:50,2019-01-27,2019,1,2019-01,northkorea,/r/northkorea/comments/akbwve/north_korea_may_suggest_shutdown_of_yongbyon/,arctic_shift,korea nuclear,,False,0.0,0.0,0.0,1.0,-0.1416666666666666,0.175,neutral,5,0.4508647244292271,Period2_Diplomacy
bg0y8v,Should South Korea make formal triangular alliance with Japan and US?,Should South Korea make formal triangular alliance with Japan and US?,"As a South Korean, I heard that proposal several times from anti-China/North Korea and pro-Japan/USA Internet users, editorials and scholars. It makes sense because South Korea has an already good alliance with USA, needs more better relationship with Japan, and have to make against Chinese power proliferation. However, this proposal could be considered more because it is hard to make genuine relationship with Japan, regarding historical anti-Japan sentiment in South Korea. Also, I heard that this trial make China, Russia and North Korea provoked to form more explicit NK-China-Russia alliance against SK-Japan-US alliance. What do you think of this triangular alliance proposal?","As a South Korean, I heard that proposal several times from anti-China North Korea and pro-Japan USA Internet users, editorials and scholars. It makes sense because South Korea has an already good alliance with USA, needs more better relationship with Japan, and have to make against Chinese power proliferation. However, this proposal could be considered more because it is hard to make genuine relationship with Japan, regarding historical anti-Japan sentiment in South Korea. Also, I heard that this trial make China, Russia and North Korea provoked to form more explicit NK-China-Russia alliance against SK-Japan-US alliance. What do you think of this triangular alliance proposal?","Should South Korea make formal triangular alliance with Japan and US? As a South Korean, I heard that proposal several times from anti-China North Korea and pro-Japan USA Internet users, editorials and scholars. It makes sense because South Korea has an already good alliance with USA, needs more better relationship with Japan, and have to make against Chinese power proliferation. However, this proposal could be considered more because it is hard to make genuine relationship with Japan, regarding historical anti-Japan sentiment in South Korea. Also, I heard that this trial make China, Russia and North Korea provoked to form more explicit NK-China-Russia alliance against SK-Japan-US alliance. What do you think of this triangular alliance proposal?",Hamena95,75,31,1555932395,2019-04-22 07:26:35,2019-04-22,2019,4,2019-04,geopolitics,/r/geopolitics/comments/bg0y8v/should_south_korea_make_formal_triangular/,arctic_shift,south korea,,False,0.6063,0.053,0.029,0.918,0.2808333333333334,0.3641666666666666,positive,6,0.3755436539433174,Period2_Diplomacy
abpeaw,DPRK Citizens- What is the marshall really like?,DPRK Citizens- What is the marshall really like?,[removed],,DPRK Citizens- What is the marshall really like?,CommodoreBlair89,0,2,1546399927,2019-01-01 22:32:07,2019-01-01,2019,1,2019-01,korea,/r/korea/comments/abpeaw/dprk_citizens_what_is_the_marshall_really_like/,arctic_shift,dprk,,False,0.4201,0.285,0.0,0.715,0.2,0.2,positive,4,0.7316358585733981,Period2_Diplomacy
adq373,North korean leader Kim Jong Un Visits China again,North korean leader Kim Jong Un Visits China again,,,North korean leader Kim Jong Un Visits China again,licheee,17,1,1546918536,2019-01-07 22:35:36,2019-01-07,2019,1,2019-01,geopolitics,/r/geopolitics/comments/adq373/north_korean_leader_kim_jong_un_visits_china_again/,arctic_shift,kim jong un,,False,0.0,0.0,0.0,1.0,0.0,0.0,neutral,5,0.4528919906760433,Period2_Diplomacy
9c0ze8,How North Korean students study Chinese at Pyongyang People's University. Video also shows German and English classes,How North Korean students study Chinese at Pyongyang People's University. Video also shows German and English classes,,,How North Korean students study Chinese at Pyongyang People's University. Video also shows German and English classes,veryawesomeguy,15,2,1535783222,2018-09-01 02:27:02,2018-09-01,2018,9,2018-09,korea,/r/korea/comments/9c0ze8/how_north_korean_students_study_chinese_at/,arctic_shift,pyongyang,,False,0.0,0.0,0.0,1.0,0.0,0.0,neutral,4,0.7268040547526958,Period2_Diplomacy
a4wazi,A talk on diplomatic relations between the UK and the DPRK. Why have an Ambassador in Pyongyang?,A talk on diplomatic relations between the UK and the DPRK. Why have an Ambassador in Pyongyang?,,,A talk on diplomatic relations between the UK and the DPRK. Why have an Ambassador in Pyongyang?,Tizzard,2,1,1544453649,2018-12-10 09:54:09,2018-12-10,2018,12,2018-12,geopolitics,/r/geopolitics/comments/a4wazi/a_talk_on_diplomatic_relations_between_the_uk_and/,arctic_shift,pyongyang,,False,0.0,0.0,0.0,1.0,0.0,0.0,neutral,2,0.4753289309030057,Period2_Diplomacy
b4r34k,Historical: Korean War Map from the George C. Marshall Museum and Library,Historical Korean War Map from the George C. Marshall Museum and Library,,,Historical Korean War Map from the George C. Marshall Museum and Library,LockedOutOfElfland,477,68,1553392658,2019-03-23 21:57:38,2019-03-23,2019,3,2019-03,geopolitics,/r/geopolitics/comments/b4r34k/historical_korean_war_map_from_the_george_c/,arctic_shift,korean war,,False,-0.5994,0.0,0.262,0.738,0.0,0.0,negative,0,0.570568442768019,Period2_Diplomacy
c6hh16,"Ensure unconditional security of DPRK, Putin says","Ensure unconditional security of DPRK, Putin says",,,"Ensure unconditional security of DPRK, Putin says",Urikiri,8,0,1561708647,2019-06-28 03:57:27,2019-06-28,2019,6,2019-06,northkorea,/r/northkorea/comments/c6hh16/ensure_unconditional_security_of_dprk_putin_says/,arctic_shift,dprk,DMZ Meeting,True,0.6124,0.5,0.0,0.5,0.0,0.0,positive,5,0.3046918844197799,Period2_Diplomacy
9ktaa2,China’s Shifting Roles on the Korean Peninsula: Unintended Consequences of the Singapore Summit,China s Shifting Roles on the Korean Peninsula Unintended Consequences of the Singapore Summit,[deleted],,China s Shifting Roles on the Korean Peninsula Unintended Consequences of the Singapore Summit,[deleted],0,0,1538505323,2018-10-02 14:35:23,2018-10-02,2018,10,2018-10,geopolitics,/r/geopolitics/comments/9ktaa2/chinas_shifting_roles_on_the_korean_peninsula/,arctic_shift,korean peninsula,,False,0.0,0.0,0.0,1.0,0.0,0.0,neutral,0,0.4275126026899207,Period2_Diplomacy
c797b8,"U.S. President Trump, top DPRK leader Kim Jong Un to meet, shake hands in Panmunjom","U.S. President Trump, top DPRK leader Kim Jong Un to meet, shake hands in Panmunjom",,,"U.S. President Trump, top DPRK leader Kim Jong Un to meet, shake hands in Panmunjom",saram_,57,24,1561869973,2019-06-30 00:46:13,2019-06-30,2019,6,2019-06,korea,/r/korea/comments/c797b8/us_president_trump_top_dprk_leader_kim_jong_un_to/,arctic_shift,dprk,DMZ Meeting,True,0.0258,0.109,0.103,0.788,0.5,0.5,neutral,5,0.3988327060919046,Period2_Diplomacy
9tdvoy,"USAF in PyongYang, NK November 1950","USAF in PyongYang, NK November 1950",,,"USAF in PyongYang, NK November 1950",jeeper46,11,8,1541108922,2018-11-01 17:48:42,2018-11-01,2018,11,2018-11,korea,/r/korea/comments/9tdvoy/usaf_in_pyongyang_nk_november_1950/,arctic_shift,pyongyang,,False,0.0,0.0,0.0,1.0,0.0,0.0,neutral,4,0.4998911913732558,Period2_Diplomacy
9n9zm1,Another nagging question:Could South Korea and Japan even survive a second Korean war?,Another nagging question Could South Korea and Japan even survive a second Korean war?,[removed],,Another nagging question Could South Korea and Japan even survive a second Korean war?,[deleted],0,2,1539264707,2018-10-11 09:31:47,2018-10-11,2018,10,2018-10,geopolitics,/r/geopolitics/comments/9n9zm1/another_nagging_questioncould_south_korea_and/,arctic_shift,south korea,,False,-0.765,0.0,0.355,0.645,0.0,0.0,negative,6,0.4019200740565906,Period2_Diplomacy
9moc4a,Why North Korea’s latest nuclear concession isn’t one at all,Why North Korea s latest nuclear concession isn t one at all,,,Why North Korea s latest nuclear concession isn t one at all,junktex,0,2,1539084632,2018-10-09 07:30:32,2018-10-09,2018,10,2018-10,korea,/r/korea/comments/9moc4a/why_north_koreas_latest_nuclear_concession_isnt/,arctic_shift,korea nuclear,,False,0.0,0.0,0.0,1.0,0.5,0.9,neutral,5,0.9046665810143908,Period2_Diplomacy
8rrnel,Will relations between the ROK/USA and DPRK actually be normalized?,Will relations between the ROK USA and DPRK actually be normalized?,[deleted],,Will relations between the ROK USA and DPRK actually be normalized?,[deleted],0,4,1529248323,2018-06-17 11:12:03,2018-06-17,2018,6,2018-06,korea,/r/korea/comments/8rrnel/will_relations_between_the_rokusa_and_dprk/,arctic_shift,dprk,Singapore Summit,True,0.0,0.0,0.0,1.0,0.0,0.1,neutral,2,0.5268662571600102,Period2_Diplomacy
8p44u4,"North Korea demolished missile testing facility last month, report says","North Korea demolished missile testing facility last month, report says",,,"North Korea demolished missile testing facility last month, report says",chernobog95,88,41,1528317294,2018-06-06 16:34:54,2018-06-06,2018,6,2018-06,korea,/r/korea/comments/8p44u4/north_korea_demolished_missile_testing_facility/,arctic_shift,korea missile,Singapore Summit,True,0.0,0.0,0.0,1.0,0.0,0.0666666666666666,neutral,5,0.9284090981035076,Period2_Diplomacy
96h9ex,"What would happen if we declared North Korea, Iran, Cuba, Russia and China as friends and genuinely treated them as such?","What would happen if we declared North Korea, Iran, Cuba, Russia and China as friends and genuinely treated them as such?",,,"What would happen if we declared North Korea, Iran, Cuba, Russia and China as friends and genuinely treated them as such?",noluckwiththegirls,0,12,1534000618,2018-08-11 11:16:58,2018-08-11,2018,8,2018-08,AskAnAmerican,/r/AskAnAmerican/comments/96h9ex/what_would_happen_if_we_declared_north_korea_iran/,arctic_shift,north korea,,False,0.4767,0.134,0.0,0.866,0.2,0.5,positive,2,0.4896889566374712,Period2_Diplomacy
a3z0mw,Moon Jae-in has discussion with top aides after apparent positive reception from Pyongyang involving Mim Jong Un visiting Seoul.,Moon Jae-in has discussion with top aides after apparent positive reception from Pyongyang involving Mim Jong Un visiting Seoul.,,,Moon Jae-in has discussion with top aides after apparent positive reception from Pyongyang involving Mim Jong Un visiting Seoul.,ReadBetweenLines2000,1,4,1544181782,2018-12-07 06:23:02,2018-12-07,2018,12,2018-12,korea,/r/korea/comments/a3z0mw/moon_jaein_has_discussion_with_top_aides_after/,arctic_shift,pyongyang,,False,0.6597,0.241,0.0,0.759,0.2590909090909091,0.4651515151515151,positive,4,0.2968274120646468,Period2_Diplomacy
8vnodw,Do you fear Trump will get us into a nuclear war with North Korea?,Do you fear Trump will get us into a nuclear war with North Korea?,[deleted],,Do you fear Trump will get us into a nuclear war with North Korea?,[deleted],0,94,1530577121,2018-07-02 20:18:41,2018-07-02,2018,7,2018-07,AskAnAmerican,/r/AskAnAmerican/comments/8vnodw/do_you_fear_trump_will_get_us_into_a_nuclear_war/,arctic_shift,north korea,,False,-0.7964,0.0,0.372,0.628,0.0,0.0,negative,0,0.4150089321962849,Period2_Diplomacy
bklndy,"North Korea test fires short-range projectiles, South Korean officials say","North Korea test fires short-range projectiles, South Korean officials say",,,"North Korea test fires short-range projectiles, South Korean officials say",Hosein_khosh97,8,1,1556979910,2019-05-04 10:25:10,2019-05-04,2019,5,2019-05,northkorea,/r/northkorea/comments/bklndy/north_korea_test_fires_shortrange_projectiles/,arctic_shift,south korea,,False,0.0,0.0,0.0,1.0,0.0,0.0,neutral,5,0.6080767359618383,Period2_Diplomacy
9ad1li,Xi Jinping to visit Pyongyang for North Korea's 70th anniversary celebrations,Xi Jinping to visit Pyongyang for North Korea's 70th anniversary celebrations,[deleted],,Xi Jinping to visit Pyongyang for North Korea's 70th anniversary celebrations,[deleted],0,0,1535257723,2018-08-26 00:28:43,2018-08-26,2018,8,2018-08,korea,/r/korea/comments/9ad1li/xi_jinping_to_visit_pyongyang_for_north_koreas/,arctic_shift,pyongyang,,False,0.0,0.0,0.0,1.0,0.0,0.0,neutral,5,0.4022124156220647,Period2_Diplomacy
b97n3v,Is Pyongyang trying to divide Washington and Seoul?,Is Pyongyang trying to divide Washington and Seoul?,,,Is Pyongyang trying to divide Washington and Seoul?,CaptainWeston,0,1,1554348121,2019-04-03 23:22:01,2019-04-03,2019,4,2019-04,korea,/r/korea/comments/b97n3v/is_pyongyang_trying_to_divide_washington_and_seoul/,arctic_shift,pyongyang,,False,0.0,0.0,0.0,1.0,0.0,0.0,neutral,4,0.5472924088976048,Period2_Diplomacy
9glg2h,"North and South Korea Push to End Korean War, but U.S. Remains Wary","North and South Korea Push to End Korean War, but U.S. Remains Wary",,,"North and South Korea Push to End Korean War, but U.S. Remains Wary",DaBIGmeow888,82,51,1537199279,2018-09-17 11:47:59,2018-09-17,2018,9,2018-09,geopolitics,/r/geopolitics/comments/9glg2h/north_and_south_korea_push_to_end_korean_war_but/,arctic_shift,south korea,Pyongyang Summit,True,-0.3506,0.0,0.17,0.83,-0.5,0.7,negative,0,0.5168577858089279,Period2_Diplomacy
9gr4be,Thoughts on the Korean War?,Thoughts on the Korean War?,"I recall the Iraq War being discussed here and it is an unpopular war nowadays and I don’t expect he Vietnam War to be seen here as a justified or necessary conflict, but what do you think of the Korean War? Was it the right thing to do, or was it an unnecessary conflict?","I recall the Iraq War being discussed here and it is an unpopular war nowadays and I don t expect he Vietnam War to be seen here as a justified or necessary conflict, but what do you think of the Korean War? Was it the right thing to do, or was it an unnecessary conflict?","Thoughts on the Korean War? I recall the Iraq War being discussed here and it is an unpopular war nowadays and I don t expect he Vietnam War to be seen here as a justified or necessary conflict, but what do you think of the Korean War? Was it the right thing to do, or was it an unnecessary conflict?",ThisNameTotallySucks,2,43,1537240065,2018-09-17 23:07:45,2018-09-17,2018,9,2018-09,AskAnAmerican,/r/AskAnAmerican/comments/9gr4be/thoughts_on_the_korean_war/,arctic_shift,korean war,Pyongyang Summit,True,-0.9548,0.025,0.274,0.701,0.0714285714285714,0.8339285714285714,negative,0,0.636571873382964,Period2_Diplomacy
91zgyq,What will happen when Trump realizes he got played by North Korea?,What will happen when Trump realizes he got played by North Korea?,[deleted],,What will happen when Trump realizes he got played by North Korea?,[deleted],0,1,1532582645,2018-07-26 01:24:05,2018-07-26,2018,7,2018-07,AskAnAmerican,/r/AskAnAmerican/comments/91zgyq/what_will_happen_when_trump_realizes_he_got/,arctic_shift,north korea,,False,0.34,0.179,0.0,0.821,0.0,0.0,positive,6,0.4082006190650191,Period2_Diplomacy
bemtax,Can someone transcribe this DPRK film title for me using the Korean alphabet? I would be enormously grateful,Can someone transcribe this DPRK film title for me using the Korean alphabet? I would be enormously grateful,[deleted],,Can someone transcribe this DPRK film title for me using the Korean alphabet? I would be enormously grateful,[deleted],0,3,1555600915,2019-04-18 11:21:55,2019-04-18,2019,4,2019-04,korea,/r/korea/comments/bemtax/can_someone_transcribe_this_dprk_film_title_for/,arctic_shift,dprk,,False,0.5095,0.162,0.0,0.838,0.0,0.9,positive,2,0.5795958223994909,Period2_Diplomacy
bxfs3f,"Is TRUMP ""maximal pressure"" strategy working? (North Korea, Iran, Venezuela)","Is TRUMP ""maximal pressure"" strategy working? North Korea, Iran, Venezuela",,,"Is TRUMP ""maximal pressure"" strategy working? North Korea, Iran, Venezuela",RATARON,1,0,1559821592,2019-06-06 07:46:32,2019-06-06,2019,6,2019-06,geopolitics,/r/geopolitics/comments/bxfs3f/is_trump_maximal_pressure_strategy_working_north/,arctic_shift,north korea,,False,-0.296,0.0,0.196,0.804,0.0,0.0,negative,5,0.8310212340624371,Period2_Diplomacy
agf559,Why do movies about the Korean War and Vietnam War always feature Marines?,Why do movies about the Korean War and Vietnam War always feature Marines?,,,Why do movies about the Korean War and Vietnam War always feature Marines?,BgDnBlw_GOTTA_ahjcs1,3,16,1547597124,2019-01-15 19:05:24,2019-01-15,2019,1,2019-01,AskAnAmerican,/r/AskAnAmerican/comments/agf559/why_do_movies_about_the_korean_war_and_vietnam/,arctic_shift,korean war,,False,-0.8316,0.0,0.415,0.585,0.0,0.0,negative,0,0.9045751583067072,Period2_Diplomacy
b3fycy,New Mid-Range Missile Fired by Accident - The Chosun Ilbo (English Edition): Daily News from Korea,New Mid-Range Missile Fired by Accident - The Chosun Ilbo English Edition Daily News from Korea,,,New Mid-Range Missile Fired by Accident - The Chosun Ilbo English Edition Daily News from Korea,JRPubEbola,3,2,1553108592,2019-03-20 15:03:12,2019-03-20,2019,3,2019-03,korea,/r/korea/comments/b3fycy/new_midrange_missile_fired_by_accident_the_chosun/,arctic_shift,korea missile,,False,-0.7717,0.0,0.324,0.676,0.0454545454545454,0.1515151515151515,negative,5,0.4824008219197732,Period2_Diplomacy
a3nq6w,New Images 'Show Expansion' at North Korea Missile Base,New Images 'Show Expansion' at North Korea Missile Base,,,New Images 'Show Expansion' at North Korea Missile Base,Yelephn,11,1,1544101618,2018-12-06 08:06:58,2018-12-06,2018,12,2018-12,northkorea,/r/northkorea/comments/a3nq6w/new_images_show_expansion_at_north_korea_missile/,arctic_shift,korea missile,,False,0.0,0.0,0.0,1.0,-0.3318181818181818,0.7272727272727273,neutral,5,0.8018798323849804,Period2_Diplomacy
bu3ffn,Korea loses bid to build nuclear power plants in UAE,Korea loses bid to build nuclear power plants in UAE,,,Korea loses bid to build nuclear power plants in UAE,barstowbunny,5,17,1559067329,2019-05-28 14:15:29,2019-05-28,2019,5,2019-05,korea,/r/korea/comments/bu3ffn/korea_loses_bid_to_build_nuclear_power_plants_in/,arctic_shift,korea nuclear,,False,-0.3182,0.0,0.204,0.796,-0.3,0.1,negative,6,0.8279538209207793,Period2_Diplomacy
a1n0u9,S. Korean Military: US Bombers Stopped Flying Over Korean Peninsula Since Nov. 2017 l KBS WORLD Radio,S. Korean Military US Bombers Stopped Flying Over Korean Peninsula Since Nov. 2017 l KBS WORLD Radio,,,S. Korean Military US Bombers Stopped Flying Over Korean Peninsula Since Nov. 2017 l KBS WORLD Radio,Neirdark,6,0,1543536325,2018-11-29 19:05:25,2018-11-29,2018,11,2018-11,northkorea,/r/northkorea/comments/a1n0u9/s_korean_military_us_bombers_stopped_flying_over/,arctic_shift,korean peninsula,,False,0.2732,0.151,0.095,0.754,-0.1,0.1,positive,0,0.5120953135184739,Period2_Diplomacy
8wwam0,Do you think the US will go to war with North Korea now that talks are collapsing?,Do you think the US will go to war with North Korea now that talks are collapsing?,[deleted],,Do you think the US will go to war with North Korea now that talks are collapsing?,[deleted],0,33,1530997133,2018-07-07 16:58:53,2018-07-07,2018,7,2018-07,AskAnAmerican,/r/AskAnAmerican/comments/8wwam0/do_you_think_the_us_will_go_to_war_with_north/,arctic_shift,north korea,,False,-0.7269,0.0,0.289,0.711,0.0,0.0,negative,5,0.548314689955941,Period2_Diplomacy
8u7b06,"Satellite images show construction work still ongoing at North Korea's only nuclear reactor, say 38 North","Satellite images show construction work still ongoing at North Korea's only nuclear reactor, say 38 North",,,"Satellite images show construction work still ongoing at North Korea's only nuclear reactor, say 38 North",CallipygianIdeal,11,7,1530080571,2018-06-27 02:22:51,2018-06-27,2018,6,2018-06,geopolitics,/r/geopolitics/comments/8u7b06/satellite_images_show_construction_work_still/,arctic_shift,korea nuclear,,False,0.0,0.0,0.0,1.0,0.0,1.0,neutral,5,0.6712913181642788,Period2_Diplomacy
9wgj82,North and South Korea withdraw troops from 22 front-line guard posts as part of September's agreement to reduce tensions,North and South Korea withdraw troops from 22 front-line guard posts as part of September's agreement to reduce tensions,,,North and South Korea withdraw troops from 22 front-line guard posts as part of September's agreement to reduce tensions,Gusfoo,58,4,1542047076,2018-11-12 13:24:36,2018-11-12,2018,11,2018-11,geopolitics,/r/geopolitics/comments/9wgj82/north_and_south_korea_withdraw_troops_from_22/,arctic_shift,south korea,,False,0.128,0.14,0.118,0.742,0.0,0.0,positive,6,0.4121597797891264,Period2_Diplomacy
9wlohc,Is North Korea continuing with nuclear development? True or fake news?,Is North Korea continuing with nuclear development? True or fake news?,[removed],,Is North Korea continuing with nuclear development? True or fake news?,svezia,1,21,1542082202,2018-11-12 23:10:02,2018-11-12,2018,11,2018-11,AskAnAmerican,/r/AskAnAmerican/comments/9wlohc/is_north_korea_continuing_with_nuclear/,arctic_shift,north korea,,False,-0.168,0.183,0.227,0.59,-0.075,0.825,negative,5,0.5286272936010512,Period2_Diplomacy
av9bb9,What do you think of the Second DPRK-U.S. Summit?,What do you think of the Second DPRK-U.S. Summit?,"Couldn't think of a good question title, so here it is. 


I'm pretty excited but at the same time, North Korea could be pulling our leg like they did in the past. Though if we are tricked by Pyongyang again, the sanctions can be put back into place if the United States need to.

Also I've read that there is report of change slowly but surely occurring in North Korea. Hopefully one day they will have their Berlin Wall moment. (though that's complicated since the DDR is vastly different from the DPRK.

Update: Well, I guess I was wrong about this summit","Couldn't think of a good question title, so here it is. I'm pretty excited but at the same time, North Korea could be pulling our leg like they did in the past. Though if we are tricked by Pyongyang again, the sanctions can be put back into place if the United States need to. Also I've read that there is report of change slowly but surely occurring in North Korea. Hopefully one day they will have their Berlin Wall moment. though that's complicated since the DDR is vastly different from the DPRK. Update Well, I guess I was wrong about this summit","What do you think of the Second DPRK-U.S. Summit? Couldn't think of a good question title, so here it is. I'm pretty excited but at the same time, North Korea could be pulling our leg like they did in the past. Though if we are tricked by Pyongyang again, the sanctions can be put back into place if the United States need to. Also I've read that there is report of change slowly but surely occurring in North Korea. Hopefully one day they will have their Berlin Wall moment. though that's complicated since the DDR is vastly different from the DPRK. Update Well, I guess I was wrong about this summit",EdHuRus,13,28,1551242762,2019-02-26 23:46:02,2019-02-26,2019,2,2019-02,AskAnAmerican,/r/AskAnAmerican/comments/av9bb9/what_do_you_think_of_the_second_dprkus_summit/,arctic_shift,dprk,Hanoi Summit (Failed),True,0.9274,0.168,0.047,0.785,0.0229166666666666,0.5428240740740741,positive,4,0.6299800273040276,Period2_Diplomacy
8v6r0u,"U.S. intelligence officials, citing newly obtained evidence, have concluded that North Korea does not intend to fully surrender its nuclear stockpile, and instead is considering ways to conceal the number of weapons it has and secret production facilities, according to U.S. officials.","U.S. intelligence officials, citing newly obtained evidence, have concluded that North Korea does not intend to fully surrender its nuclear stockpile, and instead is considering ways to conceal the number of weapons it has and secret production facilities, according to U.S. officials.",,,"U.S. intelligence officials, citing newly obtained evidence, have concluded that North Korea does not intend to fully surrender its nuclear stockpile, and instead is considering ways to conceal the number of weapons it has and secret production facilities, according to U.S. officials.",chickendahk,10,20,1530410542,2018-06-30 22:02:22,2018-06-30,2018,6,2018-06,korea,/r/korea/comments/8v6r0u/us_intelligence_officials_citing_newly_obtained/,arctic_shift,korea nuclear,,False,0.128,0.095,0.063,0.842,-0.1318181818181818,0.5772727272727273,positive,4,0.4473049938969524,Period2_Diplomacy
9h24is,North and South Korea commit to 'era of no war',North and South Korea commit to 'era of no war',,,North and South Korea commit to 'era of no war',EnigmaTrain,429,88,1537331647,2018-09-19 00:34:07,2018-09-19,2018,9,2018-09,geopolitics,/r/geopolitics/comments/9h24is/north_and_south_korea_commit_to_era_of_no_war/,arctic_shift,south korea,Pyongyang Summit,True,0.6537,0.401,0.0,0.599,0.0,0.0,positive,6,0.5565468239273504,Period2_Diplomacy
9z2u7b,"What is the applicability of Mearsheimer’s views, if any, to Taiwan or the Korean peninsula, both of which he points out might be causes of war between the PRC and the U.S.?","What is the applicability of Mearsheimer s views, if any, to Taiwan or the Korean peninsula, both of which he points out might be causes of war between the PRC and the U.S.?",,,"What is the applicability of Mearsheimer s views, if any, to Taiwan or the Korean peninsula, both of which he points out might be causes of war between the PRC and the U.S.?",NicoHokita,0,15,1542803681,2018-11-21 07:34:41,2018-11-21,2018,11,2018-11,geopolitics,/r/geopolitics/comments/9z2u7b/what_is_the_applicability_of_mearsheimers_views/,arctic_shift,korean peninsula,,False,-0.5994,0.0,0.109,0.891,0.0,0.0,negative,0,0.57137287053692,Period2_Diplomacy
8vmo5w,"North Korea working to conceal key aspects of its nuclear program, U.S. officials say","North Korea working to conceal key aspects of its nuclear program, U.S. officials say",,,"North Korea working to conceal key aspects of its nuclear program, U.S. officials say",Wuthering_HHH,1,1,1530568691,2018-07-02 17:58:11,2018-07-02,2018,7,2018-07,korea,/r/korea/comments/8vmo5w/north_korea_working_to_conceal_key_aspects_of_its/,arctic_shift,korea nuclear,,False,0.0,0.0,0.0,1.0,0.0,1.0,neutral,5,0.6740218975998121,Period2_Diplomacy
bvvvo9,Hackers From North Korea Target UpBit’s South Korean Users,Hackers From North Korea Target UpBit s South Korean Users,,,Hackers From North Korea Target UpBit s South Korean Users,TheAverageArc,1,1,1559469760,2019-06-02 06:02:40,2019-06-02,2019,6,2019-06,northkorea,/r/northkorea/comments/bvvvo9/hackers_from_north_korea_target_upbits_south/,arctic_shift,south korea,,False,0.0,0.0,0.0,1.0,0.0,0.0,neutral,6,0.4913668155358548,Period2_Diplomacy
96wfzv,"North, South Korea agree on third summit to be held in Pyongyang","North, South Korea agree on third summit to be held in Pyongyang",,,"North, South Korea agree on third summit to be held in Pyongyang",chernobog95,152,33,1534146915,2018-08-13 03:55:15,2018-08-13,2018,8,2018-08,korea,/r/korea/comments/96wfzv/north_south_korea_agree_on_third_summit_to_be/,arctic_shift,pyongyang,,False,0.3612,0.185,0.0,0.815,0.0,0.0,positive,6,0.6380644279347043,Period2_Diplomacy
bq7mny,Senator Gravel’s Official Statement On Next Steps With The Korean Peninsula,Senator Gravel s Official Statement On Next Steps With The Korean Peninsula,,,Senator Gravel s Official Statement On Next Steps With The Korean Peninsula,fresnel-rebop,0,2,1558206810,2019-05-18 15:13:30,2019-05-18,2019,5,2019-05,korea,/r/korea/comments/bq7mny/senator_gravels_official_statement_on_next_steps/,arctic_shift,korean peninsula,,False,-0.128,0.0,0.12,0.88,0.0,0.0,negative,0,0.6544814944376798,Period2_Diplomacy
8xg1sg,"I have confidence that Kim Jong Un will honor the contract we signed &, even more importantly, our handshake. We agreed to the denuclearization of North Korea. China, on the other hand, may be exerting negative pressure on a deal because of our posture on Chinese Trade-Hope Not!","I have confidence that Kim Jong Un will honor the contract we signed , even more importantly, our handshake. We agreed to the denuclearization of North Korea. China, on the other hand, may be exerting negative pressure on a deal because of our posture on Chinese Trade-Hope Not!",[deleted],,"I have confidence that Kim Jong Un will honor the contract we signed , even more importantly, our handshake. We agreed to the denuclearization of North Korea. China, on the other hand, may be exerting negative pressure on a deal because of our posture on Chinese Trade-Hope Not!",[deleted],0,6,1531169260,2018-07-09 16:47:40,2018-07-09,2018,7,2018-07,geopolitics,/r/geopolitics/comments/8xg1sg/i_have_confidence_that_kim_jong_un_will_honor_the/,arctic_shift,kim jong un,,False,0.831,0.238,0.096,0.666,0.095,0.4549999999999999,positive,6,0.4158733798312017,Period2_Diplomacy
8qnpwe,Are you scared about North Korea still?,Are you scared about North Korea still?,[removed],,Are you scared about North Korea still?,Carrythefire511,1,2,1528846268,2018-06-12 19:31:08,2018-06-12,2018,6,2018-06,AskAnAmerican,/r/AskAnAmerican/comments/8qnpwe/are_you_scared_about_north_korea_still/,arctic_shift,north korea,Singapore Summit,True,-0.4404,0.0,0.326,0.674,0.0,0.0,negative,6,0.6265579088277751,Period2_Diplomacy
